gbif_key,country,year,lon,lat,basis_of_record,dataset,occurrence_status
5938155338,United States of America,2026,-94.971163,29.198803,HUMAN_OBSERVATION,iNaturalist research-grade observations,PRESENT
5938167126,United States of America,2026,-79.844635,32.755066,HUMAN_OBSERVATION,iNaturalist research-grade observations,PRESENT
5938625160,United States of America,2026,-80.827646,28.931538,HUMAN_OBSERVATION,iNaturalist research-grade observations,PRESENT
6130032657,United States of America,2026,-75.884443,38.194164,HUMAN_OBSERVATION,iNaturalist research-grade observations,PRESENT
6130352727,United States of America,2026,-73.568064,40.584042,HUMAN_OBSERVATION,iNaturalist research-grade observations,PRESENT
6130476135,United States of America,2026,-81.465189,30.672188,HUMAN_OBSERVATION,iNaturalist research-grade observations,PRESENT
6130488279,United States of America,2026,-83.038416,29.147066,HUMAN_OBSERVATION,iNaturalist research-grade observations,PRESENT
6130625610,United States of America,2026,-97.336314,27.708471,HUMAN_OBSERVATION,iNaturalist research-grade observations,PRESENT
6130642304,United States of America,2026,-81.438862,30.662316,HUMAN_OBSERVATION,iNaturalist research-grade observations,PRESENT
6131378547,United States of America,2026,-80.200638,32.560628,HUMAN_OBSERVATION,iNaturalist research-grade observations,PRESENT
