footprint,year0,year1,code0,code1,pixels,area_ha
full_image,2016,2017,1,1,4172,41.72
full_image,2016,2017,1,3,2352,23.52
full_image,2016,2017,1,6,5610,56.1
full_image,2016,2017,1,255,1112,11.120000000000001
full_image,2016,2017,3,1,1132,11.32
full_image,2016,2017,3,3,1182,11.82
full_image,2016,2017,3,6,1667,16.67
full_image,2016,2017,3,255,193,1.93
full_image,2016,2017,6,1,1263,12.63
full_image,2016,2017,6,3,115,1.1500000000000001
full_image,2016,2017,6,6,9519,95.19
full_image,2016,2017,6,255,96,0.96
full_image,2016,2017,255,1,1211,12.11
full_image,2016,2017,255,3,2956,29.560000000000002
full_image,2016,2017,255,6,328,3.2800000000000002
full_image,2016,2017,255,255,44664,446.64
full_image,2017,2018,1,1,3221,32.21
full_image,2017,2018,1,3,1328,13.280000000000001
full_image,2017,2018,1,6,2124,21.240000000000002
full_image,2017,2018,1,255,1105,11.05
full_image,2017,2018,3,1,1600,16.0
full_image,2017,2018,3,3,2650,26.5
full_image,2017,2018,3,6,939,9.39
full_image,2017,2018,3,255,1416,14.16
full_image,2017,2018,6,1,3169,31.69
full_image,2017,2018,6,3,532,5.32
full_image,2017,2018,6,6,13204,132.04
full_image,2017,2018,6,255,219,2.19
full_image,2017,2018,255,1,675,6.75
full_image,2017,2018,255,3,769,7.69
full_image,2017,2018,255,6,96,0.96
full_image,2017,2018,255,255,44525,445.25
full_image,2018,2019,1,1,2053,20.53
full_image,2018,2019,1,3,1012,10.120000000000001
full_image,2018,2019,1,6,5095,50.95
full_image,2018,2019,1,255,505,5.05
full_image,2018,2019,3,1,1023,10.23
full_image,2018,2019,3,3,1697,16.97
full_image,2018,2019,3,6,1560,15.6
full_image,2018,2019,3,255,999,9.99
full_image,2018,2019,6,1,656,6.5600000000000005
full_image,2018,2019,6,3,239,2.39
full_image,2018,2019,6,6,15342,153.42000000000002
full_image,2018,2019,6,255,126,1.26
full_image,2018,2019,255,1,1316,13.16
full_image,2018,2019,255,3,4905,49.050000000000004
full_image,2018,2019,255,6,450,4.5
full_image,2018,2019,255,255,40594,405.94
full_image,2019,2020,1,1,2239,22.39
full_image,2019,2020,1,6,1587,15.870000000000001
full_image,2019,2020,1,255,1222,12.22
full_image,2019,2020,3,1,2126,21.26
full_image,2019,2020,3,6,705,7.05
full_image,2019,2020,3,255,5022,50.22
full_image,2019,2020,6,1,1675,16.75
full_image,2019,2020,6,6,20468,204.68
full_image,2019,2020,6,255,304,3.04
full_image,2019,2020,255,1,1038,10.38
full_image,2019,2020,255,6,125,1.25
full_image,2019,2020,255,255,41061,410.61
full_image,2020,2021,1,1,2616,26.16
full_image,2020,2021,1,3,2014,20.14
full_image,2020,2021,1,6,1587,15.870000000000001
full_image,2020,2021,1,255,861,8.61
full_image,2020,2021,6,1,2390,23.900000000000002
full_image,2020,2021,6,3,389,3.89
full_image,2020,2021,6,6,20059,200.59
full_image,2020,2021,6,255,47,0.47000000000000003
full_image,2020,2021,255,1,1798,17.98
full_image,2020,2021,255,3,3273,32.730000000000004
full_image,2020,2021,255,6,194,1.94
full_image,2020,2021,255,255,42344,423.44
full_image,2021,2022,1,1,3027,30.27
full_image,2021,2022,1,3,616,6.16
full_image,2021,2022,1,6,1489,14.89
full_image,2021,2022,1,255,1672,16.72
full_image,2021,2022,3,1,1411,14.11
full_image,2021,2022,3,3,685,6.8500000000000005
full_image,2021,2022,3,6,267,2.67
full_image,2021,2022,3,255,3313,33.13
full_image,2021,2022,6,1,5039,50.39
full_image,2021,2022,6,3,493,4.93
full_image,2021,2022,6,6,16213,162.13
full_image,2021,2022,6,255,95,0.9500000000000001
full_image,2021,2022,255,1,597,5.97
full_image,2021,2022,255,3,262,2.62
full_image,2021,2022,255,6,101,1.01
full_image,2021,2022,255,255,42292,422.92
full_image,2022,2023,1,1,2293,22.93
full_image,2022,2023,1,3,1182,11.82
full_image,2022,2023,1,6,1815,18.150000000000002
full_image,2022,2023,1,255,4784,47.84
full_image,2022,2023,3,1,559,5.59
full_image,2022,2023,3,3,301,3.0100000000000002
full_image,2022,2023,3,6,301,3.0100000000000002
full_image,2022,2023,3,255,895,8.950000000000001
full_image,2022,2023,6,1,2474,24.740000000000002
full_image,2022,2023,6,3,1686,16.86
full_image,2022,2023,6,6,10609,106.09
full_image,2022,2023,6,255,3301,33.01
full_image,2022,2023,255,1,470,4.7
full_image,2022,2023,255,3,215,2.15
full_image,2022,2023,255,6,35,0.35000000000000003
full_image,2022,2023,255,255,46652,466.52
historical_roi,2016,2017,1,1,2642,26.42
historical_roi,2016,2017,1,3,1945,19.45
historical_roi,2016,2017,1,6,4948,49.480000000000004
historical_roi,2016,2017,1,255,227,2.27
historical_roi,2016,2017,3,1,963,9.63
historical_roi,2016,2017,3,3,1078,10.78
historical_roi,2016,2017,3,6,1602,16.02
historical_roi,2016,2017,3,255,46,0.46
historical_roi,2016,2017,6,1,860,8.6
historical_roi,2016,2017,6,3,49,0.49
historical_roi,2016,2017,6,6,5697,56.97
historical_roi,2016,2017,6,255,10,0.1
historical_roi,2016,2017,255,1,727,7.2700000000000005
historical_roi,2016,2017,255,3,2268,22.68
historical_roi,2016,2017,255,6,163,1.6300000000000001
historical_roi,2016,2017,255,255,8930,89.3
historical_roi,2017,2018,1,1,2092,20.92
historical_roi,2017,2018,1,3,878,8.78
historical_roi,2017,2018,1,6,1827,18.27
historical_roi,2017,2018,1,255,395,3.95
historical_roi,2017,2018,3,1,1258,12.58
historical_roi,2017,2018,3,3,2305,23.05
historical_roi,2017,2018,3,6,850,8.5
historical_roi,2017,2018,3,255,927,9.27
historical_roi,2017,2018,6,1,2402,24.02
historical_roi,2017,2018,6,3,327,3.27
historical_roi,2017,2018,6,6,9608,96.08
historical_roi,2017,2018,6,255,73,0.73
historical_roi,2017,2018,255,1,199,1.99
historical_roi,2017,2018,255,3,309,3.09
historical_roi,2017,2018,255,6,15,0.15
historical_roi,2017,2018,255,255,8690,86.9
historical_roi,2018,2019,1,1,1027,10.27
historical_roi,2018,2019,1,3,528,5.28
historical_roi,2018,2019,1,6,4216,42.160000000000004
historical_roi,2018,2019,1,255,180,1.8
historical_roi,2018,2019,3,1,597,5.97
historical_roi,2018,2019,3,3,1266,12.66
historical_roi,2018,2019,3,6,1324,13.24
historical_roi,2018,2019,3,255,632,6.32
historical_roi,2018,2019,6,1,435,4.3500000000000005
historical_roi,2018,2019,6,3,166,1.6600000000000001
historical_roi,2018,2019,6,6,11667,116.67
historical_roi,2018,2019,6,255,32,0.32
historical_roi,2018,2019,255,1,423,4.23
historical_roi,2018,2019,255,3,1901,19.01
historical_roi,2018,2019,255,6,212,2.12
historical_roi,2018,2019,255,255,7549,75.49
historical_roi,2019,2020,1,1,886,8.86
historical_roi,2019,2020,1,6,1167,11.67
historical_roi,2019,2020,1,255,429,4.29
historical_roi,2019,2020,3,1,1282,12.82
historical_roi,2019,2020,3,6,567,5.67
historical_roi,2019,2020,3,255,2012,20.12
historical_roi,2019,2020,6,1,1148,11.48
historical_roi,2019,2020,6,6,16152,161.52
historical_roi,2019,2020,6,255,119,1.19
historical_roi,2019,2020,255,1,548,5.48
historical_roi,2019,2020,255,6,36,0.36
historical_roi,2019,2020,255,255,7809,78.09
historical_roi,2020,2021,1,1,1253,12.530000000000001
historical_roi,2020,2021,1,3,1252,12.52
historical_roi,2020,2021,1,6,1144,11.44
historical_roi,2020,2021,1,255,215,2.15
historical_roi,2020,2021,6,1,1754,17.54
historical_roi,2020,2021,6,3,235,2.35
historical_roi,2020,2021,6,6,15914,159.14000000000001
historical_roi,2020,2021,6,255,19,0.19
historical_roi,2020,2021,255,1,759,7.59
historical_roi,2020,2021,255,3,1779,17.79
historical_roi,2020,2021,255,6,62,0.62
historical_roi,2020,2021,255,255,7769,77.69
historical_roi,2021,2022,1,1,1794,17.94
historical_roi,2021,2022,1,3,260,2.6
historical_roi,2021,2022,1,6,999,9.99
historical_roi,2021,2022,1,255,713,7.13
historical_roi,2021,2022,3,1,923,9.23
historical_roi,2021,2022,3,3,391,3.91
historical_roi,2021,2022,3,6,144,1.44
historical_roi,2021,2022,3,255,1808,18.080000000000002
historical_roi,2021,2022,6,1,4277,42.77
historical_roi,2021,2022,6,3,356,3.56
historical_roi,2021,2022,6,6,12437,124.37
historical_roi,2021,2022,6,255,50,0.5
historical_roi,2021,2022,255,1,170,1.7
historical_roi,2021,2022,255,3,85,0.85
historical_roi,2021,2022,255,6,25,0.25
historical_roi,2021,2022,255,255,7723,77.23
historical_roi,2022,2023,1,1,1174,11.74
historical_roi,2022,2023,1,3,694,6.94
historical_roi,2022,2023,1,6,1144,11.44
historical_roi,2022,2023,1,255,4152,41.52
historical_roi,2022,2023,3,1,203,2.0300000000000002
historical_roi,2022,2023,3,3,65,0.65
historical_roi,2022,2023,3,6,141,1.41
historical_roi,2022,2023,3,255,683,6.83
historical_roi,2022,2023,6,1,2085,20.85
historical_roi,2022,2023,6,3,1538,15.38
historical_roi,2022,2023,6,6,7142,71.42
historical_roi,2022,2023,6,255,2840,28.400000000000002
historical_roi,2022,2023,255,1,60,0.6
historical_roi,2022,2023,255,3,28,0.28
historical_roi,2022,2023,255,6,15,0.15
historical_roi,2022,2023,255,255,10191,101.91
