held_out_date,train_dates,train_n,test_n,observed_positive_fraction,predicted_positive_fraction,uniform_archived_prevalence,uniform_predicted_prevalence,uniform_prevalence_bias,roc_auc,average_precision,f1,iou,balanced_accuracy,precision,recall,tp,fp,fn,tn,interpretation
201408ddyw,201508ddyw;20151017sp;20160907;20161025;20170714;20170728;20171002;20180729;20180828;20180926;20190828;20190923;20200727;20210717,84000,6000,0.5,0.7181666666666666,0.0035,0.4655,0.462,0.8752966666666666,0.8579627989970424,0.8022985360514434,0.669865204477953,0.7591666666666668,0.6804362961243908,0.9773333333333334,2932,1377,68,1623,"Held-out reproduction of archived labels, not independent biological truth."
201508ddyw,201408ddyw;20151017sp;20160907;20161025;20170714;20170728;20171002;20180729;20180828;20180926;20190828;20190923;20200727;20210717,84000,6000,0.5,0.5498333333333333,0.00475,0.1955,0.19075,0.9356002222222223,0.9204146021510144,0.8709318939514209,0.7713723284589427,0.8645,0.8314640800242498,0.9143333333333333,2743,556,257,2444,"Held-out reproduction of archived labels, not independent biological truth."
20151017sp,201408ddyw;201508ddyw;20160907;20161025;20170714;20170728;20171002;20180729;20180828;20180926;20190828;20190923;20200727;20210717,84000,6000,0.5,0.851,0.0025,0.70225,0.6997500000000001,0.5799317777777777,0.5129730243618655,0.7387120651369357,0.5856807511737089,0.647,0.5863689776733255,0.998,2994,2112,6,888,"Held-out reproduction of archived labels, not independent biological truth."
20160907,201408ddyw;201508ddyw;20151017sp;20161025;20170714;20170728;20171002;20180729;20180828;20180926;20190828;20190923;20200727;20210717,84000,6000,0.5,0.6046666666666667,0.0035,0.32475,0.32125,0.8035932222222223,0.7148387232993965,0.7920941460470731,0.655758181363977,0.7703333333333333,0.7235391400220507,0.875,2625,1003,375,1997,"Held-out reproduction of archived labels, not independent biological truth."
20161025,201408ddyw;201508ddyw;20151017sp;20160907;20170714;20170728;20171002;20180729;20180828;20180926;20190828;20190923;20200727;20210717,84000,6000,0.5,0.5133333333333333,0.0055,0.2335,0.228,0.8665131111111111,0.8192759295528438,0.7924342105263158,0.6562244619994552,0.7896666666666667,0.7821428571428571,0.803,2409,671,591,2329,"Held-out reproduction of archived labels, not independent biological truth."
20170714,201408ddyw;201508ddyw;20151017sp;20160907;20161025;20170728;20171002;20180729;20180828;20180926;20190828;20190923;20200727;20210717,84000,6000,0.5,0.5178333333333334,0.00675,0.18725,0.1805,0.8866213888888889,0.8512136463008071,0.8177501228098903,0.6916897506925208,0.8145,0.8036691342130673,0.8323333333333334,2497,610,503,2390,"Held-out reproduction of archived labels, not independent biological truth."
20170728,201408ddyw;201508ddyw;20151017sp;20160907;20161025;20170714;20171002;20180729;20180828;20180926;20190828;20190923;20200727;20210717,84000,6000,0.5,0.4715,0.00475,0.1715,0.16675,0.8954762222222223,0.8582750674681627,0.8001372448104306,0.6668573062625107,0.8058333333333334,0.8243195475433015,0.7773333333333333,2332,497,668,2503,"Held-out reproduction of archived labels, not independent biological truth."
20171002,201408ddyw;201508ddyw;20151017sp;20160907;20161025;20170714;20170728;20180729;20180828;20180926;20190828;20190923;20200727;20210717,84000,6000,0.5,0.5125,0.00125,0.2195,0.21825,0.8790753333333332,0.843988425801316,0.8006584362139918,0.6675816634641779,0.7981666666666667,0.7908943089430894,0.8106666666666666,2432,643,568,2357,"Held-out reproduction of archived labels, not independent biological truth."
20180729,201408ddyw;201508ddyw;20151017sp;20160907;20161025;20170714;20170728;20171002;20180828;20180926;20190828;20190923;20200727;20210717,84000,6000,0.5,0.43666666666666665,0.0035,0.15425,0.15075,0.8835842777777778,0.8471790332401012,0.7644128113879004,0.618663594470046,0.7793333333333333,0.8198473282442749,0.716,2148,472,852,2528,"Held-out reproduction of archived labels, not independent biological truth."
20180828,201408ddyw;201508ddyw;20151017sp;20160907;20161025;20170714;20170728;20171002;20180729;20180926;20190828;20190923;20200727;20210717,84000,6000,0.5,0.5106666666666667,0.00375,0.181,0.17725,0.8951128888888888,0.8524513961842402,0.8324538258575198,0.7129943502824859,0.8306666666666667,0.8237597911227154,0.8413333333333334,2524,540,476,2460,"Held-out reproduction of archived labels, not independent biological truth."
20180926,201408ddyw;201508ddyw;20151017sp;20160907;20161025;20170714;20170728;20171002;20180729;20180828;20190828;20190923;20200727;20210717,84000,6000,0.5,0.503,0.0025,0.18575,0.18325,0.9046879444444443,0.8754235476154502,0.8158856763044201,0.6890261015997755,0.8153333333333334,0.8134526176275679,0.8183333333333334,2455,563,545,2437,"Held-out reproduction of archived labels, not independent biological truth."
20190828,201408ddyw;201508ddyw;20151017sp;20160907;20161025;20170714;20170728;20171002;20180729;20180828;20180926;20190923;20200727;20210717,84000,6000,0.5,0.6278333333333334,0.00225,0.355,0.35275,0.8539760000000001,0.8303798637653319,0.8006502142751588,0.6675702316412025,0.7751666666666667,0.7191398991239714,0.903,2709,1058,291,1942,"Held-out reproduction of archived labels, not independent biological truth."
20190923,201408ddyw;201508ddyw;20151017sp;20160907;20161025;20170714;20170728;20171002;20180729;20180828;20180926;20190828;20200727;20210717,84000,6000,0.5,0.5998333333333333,0.0025,0.28275,0.28025,0.8971267222222221,0.8609261698867124,0.8346719199878769,0.7162548764629388,0.8181666666666667,0.765212559044179,0.918,2754,845,246,2155,"Held-out reproduction of archived labels, not independent biological truth."
20200727,201408ddyw;201508ddyw;20151017sp;20160907;20161025;20170714;20170728;20171002;20180729;20180828;20180926;20190828;20190923;20210717,84000,6000,0.5,0.625,0.0005,0.37,0.3695,0.8242589444444445,0.7596750485854604,0.7896296296296297,0.6523867809057528,0.7633333333333333,0.7106666666666667,0.8883333333333333,2665,1085,335,1915,"Held-out reproduction of archived labels, not independent biological truth."
20210717,201408ddyw;201508ddyw;20151017sp;20160907;20161025;20170714;20170728;20171002;20180729;20180828;20180926;20190828;20190923;20200727,84000,6000,0.5,0.5766666666666667,0.00075,0.2965,0.29575,0.8514907777777778,0.7919722037196313,0.8009287925696594,0.6679576555641622,0.7856666666666666,0.7476878612716763,0.8623333333333333,2587,873,413,2127,"Held-out reproduction of archived labels, not independent biological truth."
