row,col,width,height,easting,northing,valid_pixels,positive_removed,positive_added
0,0,512,512,541882.1105519643,2647103.2289593196,170100,2,1
0,512,512,512,541984.5105519642,2647103.2289593196,203652,2,2
0,1024,512,512,542086.9105519642,2647103.2289593196,233947,2,1380
0,1536,512,512,542189.3105519642,2647103.2289593196,255986,1,1860
0,2048,512,512,542291.7105519642,2647103.2289593196,244597,100,7911
0,2560,512,512,542394.1105519643,2647103.2289593196,187881,80,597
0,3072,512,512,542496.5105519642,2647103.2289593196,71661,0,0
0,3584,512,512,542598.9105519642,2647103.2289593196,299,0,0
512,0,512,512,541882.1105519643,2647000.8289593193,262144,0,0
512,512,512,512,541984.5105519642,2647000.8289593193,262144,0,1
512,1024,512,512,542086.9105519642,2647000.8289593193,262144,0,0
512,1536,512,512,542189.3105519642,2647000.8289593193,262144,0,1
512,2048,512,512,542291.7105519642,2647000.8289593193,262144,0,1944
512,2560,512,512,542394.1105519643,2647000.8289593193,262144,1,2314
512,3072,512,512,542496.5105519642,2647000.8289593193,262144,0,0
512,3584,512,512,542598.9105519642,2647000.8289593193,215927,0,1778
512,4096,512,512,542701.3105519642,2647000.8289593193,107592,0,0
512,4608,512,512,542803.7105519642,2647000.8289593193,21197,0,0
1024,0,512,512,541882.1105519643,2646898.4289593194,83175,0,0
1024,512,512,512,541984.5105519642,2646898.4289593194,194777,0,0
1024,1024,512,512,542086.9105519642,2646898.4289593194,262144,0,0
1024,1536,512,512,542189.3105519642,2646898.4289593194,262144,0,0
1024,2048,512,512,542291.7105519642,2646898.4289593194,262144,0,0
1024,2560,512,512,542394.1105519643,2646898.4289593194,262144,0,0
1024,3072,512,512,542496.5105519642,2646898.4289593194,262144,0,2
1024,3584,512,512,542598.9105519642,2646898.4289593194,262144,204,2199
1024,4096,512,512,542701.3105519642,2646898.4289593194,262144,0,5980
1024,4608,512,512,542803.7105519642,2646898.4289593194,258477,289,3256
1024,5120,512,512,542906.1105519643,2646898.4289593194,188332,0,0
1024,5632,512,512,543008.5105519642,2646898.4289593194,86245,0,0
1024,6144,512,512,543110.9105519642,2646898.4289593194,3807,0,0
1536,512,512,512,541984.5105519642,2646796.0289593195,10092,0,0
1536,1024,512,512,542086.9105519642,2646796.0289593195,240245,0,0
1536,1536,512,512,542189.3105519642,2646796.0289593195,262144,0,0
1536,2048,512,512,542291.7105519642,2646796.0289593195,262144,0,0
1536,2560,512,512,542394.1105519643,2646796.0289593195,262144,1,0
1536,3072,512,512,542496.5105519642,2646796.0289593195,262144,0,2
1536,3584,512,512,542598.9105519642,2646796.0289593195,262144,1,3
1536,4096,512,512,542701.3105519642,2646796.0289593195,262144,1,1
1536,4608,512,512,542803.7105519642,2646796.0289593195,262144,2,0
1536,5120,512,512,542906.1105519643,2646796.0289593195,262144,1,0
1536,5632,512,512,543008.5105519642,2646796.0289593195,262144,0,2
1536,6144,512,512,543110.9105519642,2646796.0289593195,217727,1,0
1536,6656,512,512,543213.3105519642,2646796.0289593195,63821,0,0
2048,1024,512,512,542086.9105519642,2646693.6289593196,168522,0,0
2048,1536,512,512,542189.3105519642,2646693.6289593196,262144,0,0
2048,2048,512,512,542291.7105519642,2646693.6289593196,262144,0,0
2048,2560,512,512,542394.1105519643,2646693.6289593196,262144,0,4260
2048,3072,512,512,542496.5105519642,2646693.6289593196,262144,0,3
2048,3584,512,512,542598.9105519642,2646693.6289593196,262144,0,0
2048,4096,512,512,542701.3105519642,2646693.6289593196,262144,0,1
2048,4608,512,512,542803.7105519642,2646693.6289593196,262144,0,0
2048,5120,512,512,542906.1105519643,2646693.6289593196,262144,0,2
2048,5632,512,512,543008.5105519642,2646693.6289593196,262144,0,0
2048,6144,512,512,543110.9105519642,2646693.6289593196,262144,0,1
2048,6656,512,512,543213.3105519642,2646693.6289593196,261235,0,2
2048,7168,512,512,543315.7105519642,2646693.6289593196,147596,0,0
2048,7680,512,512,543418.1105519643,2646693.6289593196,4563,1,0
2560,1024,512,512,542086.9105519642,2646591.2289593196,170615,0,0
2560,1536,512,512,542189.3105519642,2646591.2289593196,262144,0,7107
2560,2048,512,512,542291.7105519642,2646591.2289593196,262144,0,75882
2560,2560,512,512,542394.1105519643,2646591.2289593196,262144,0,107538
2560,3072,512,512,542496.5105519642,2646591.2289593196,262144,5,24563
2560,3584,512,512,542598.9105519642,2646591.2289593196,262144,0,0
2560,4096,512,512,542701.3105519642,2646591.2289593196,262144,0,0
2560,4608,512,512,542803.7105519642,2646591.2289593196,262144,1,1
2560,5120,512,512,542906.1105519643,2646591.2289593196,262144,0,0
2560,5632,512,512,543008.5105519642,2646591.2289593196,262144,0,0
2560,6144,512,512,543110.9105519642,2646591.2289593196,262144,0,0
2560,6656,512,512,543213.3105519642,2646591.2289593196,262144,0,1
2560,7168,512,512,543315.7105519642,2646591.2289593196,262144,1,0
2560,7680,512,512,543418.1105519643,2646591.2289593196,203206,1,0
2560,8192,512,512,543520.5105519642,2646591.2289593196,95131,0,3758
2560,8704,512,512,543622.9105519642,2646591.2289593196,73903,0,1
2560,9216,317,512,543705.8105519642,2646591.2289593196,41715,0,0
3072,1024,512,512,542086.9105519642,2646488.8289593193,211573,0,0
3072,1536,512,512,542189.3105519642,2646488.8289593193,262144,0,0
3072,2048,512,512,542291.7105519642,2646488.8289593193,262144,0,5163
3072,2560,512,512,542394.1105519643,2646488.8289593193,262144,0,89947
3072,3072,512,512,542496.5105519642,2646488.8289593193,262144,3,118444
3072,3584,512,512,542598.9105519642,2646488.8289593193,262144,2,0
3072,4096,512,512,542701.3105519642,2646488.8289593193,262144,2,1
3072,4608,512,512,542803.7105519642,2646488.8289593193,262144,3,0
3072,5120,512,512,542906.1105519643,2646488.8289593193,262144,1,1
3072,5632,512,512,543008.5105519642,2646488.8289593193,262144,1,0
3072,6144,512,512,543110.9105519642,2646488.8289593193,262144,0,2370
3072,6656,512,512,543213.3105519642,2646488.8289593193,262144,0,0
3072,7168,512,512,543315.7105519642,2646488.8289593193,262144,0,1316
3072,7680,512,512,543418.1105519643,2646488.8289593193,262144,0,4210
3072,8192,512,512,543520.5105519642,2646488.8289593193,262144,1,10773
3072,8704,512,512,543622.9105519642,2646488.8289593193,262144,1,5097
3072,9216,317,512,543705.8105519642,2646488.8289593193,149965,0,1
3584,512,512,512,541984.5105519642,2646386.4289593194,47194,0,0
3584,1024,512,512,542086.9105519642,2646386.4289593194,261659,0,0
3584,1536,512,512,542189.3105519642,2646386.4289593194,262144,0,0
3584,2048,512,512,542291.7105519642,2646386.4289593194,262144,0,0
3584,2560,512,512,542394.1105519643,2646386.4289593194,262144,0,0
3584,3072,512,512,542496.5105519642,2646386.4289593194,262144,1,16568
3584,3584,512,512,542598.9105519642,2646386.4289593194,262144,4,2
3584,4096,512,512,542701.3105519642,2646386.4289593194,262144,2,1104
3584,4608,512,512,542803.7105519642,2646386.4289593194,262144,0,8160
3584,5120,512,512,542906.1105519643,2646386.4289593194,262144,2871,1
3584,5632,512,512,543008.5105519642,2646386.4289593194,262144,9131,2196
3584,6144,512,512,543110.9105519642,2646386.4289593194,262144,0,3324
3584,6656,512,512,543213.3105519642,2646386.4289593194,262144,0,1495
3584,7168,512,512,543315.7105519642,2646386.4289593194,262144,0,4336
3584,7680,512,512,543418.1105519643,2646386.4289593194,262144,0,16333
3584,8192,512,512,543520.5105519642,2646386.4289593194,262144,0,2340
3584,8704,512,512,543622.9105519642,2646386.4289593194,262144,0,9939
3584,9216,317,512,543705.8105519642,2646386.4289593194,161947,0,706
4096,512,512,512,541984.5105519642,2646284.0289593195,54743,0,0
4096,1024,512,512,542086.9105519642,2646284.0289593195,248339,0,0
4096,1536,512,512,542189.3105519642,2646284.0289593195,262144,0,0
4096,2048,512,512,542291.7105519642,2646284.0289593195,262144,0,0
4096,2560,512,512,542394.1105519643,2646284.0289593195,262144,561,0
4096,3072,512,512,542496.5105519642,2646284.0289593195,262144,813,0
4096,3584,512,512,542598.9105519642,2646284.0289593195,262144,3,20425
4096,4096,512,512,542701.3105519642,2646284.0289593195,262144,6,2
4096,4608,512,512,542803.7105519642,2646284.0289593195,262144,1,2638
4096,5120,512,512,542906.1105519643,2646284.0289593195,262144,2,7698
4096,5632,512,512,543008.5105519642,2646284.0289593195,262144,17448,0
4096,6144,512,512,543110.9105519642,2646284.0289593195,262144,1294,1922
4096,6656,512,512,543213.3105519642,2646284.0289593195,262144,0,1
4096,7168,512,512,543315.7105519642,2646284.0289593195,262144,1,1728
4096,7680,512,512,543418.1105519643,2646284.0289593195,262144,0,18436
4096,8192,512,512,543520.5105519642,2646284.0289593195,262144,5,15369
4096,8704,512,512,543622.9105519642,2646284.0289593195,262144,0,7960
4096,9216,317,512,543705.8105519642,2646284.0289593195,161404,0,4263
4608,1024,512,512,542086.9105519642,2646181.6289593196,208848,0,0
4608,1536,512,512,542189.3105519642,2646181.6289593196,262144,565,0
4608,2048,512,512,542291.7105519642,2646181.6289593196,262144,641,0
4608,2560,512,512,542394.1105519643,2646181.6289593196,262144,1139,3416
4608,3072,512,512,542496.5105519642,2646181.6289593196,262144,0,0
4608,3584,512,512,542598.9105519642,2646181.6289593196,262144,0,8528
4608,4096,512,512,542701.3105519642,2646181.6289593196,262144,2,4
4608,4608,512,512,542803.7105519642,2646181.6289593196,262144,2,1
4608,5120,512,512,542906.1105519643,2646181.6289593196,262144,1,2669
4608,5632,512,512,543008.5105519642,2646181.6289593196,262144,2754,2
4608,6144,512,512,543110.9105519642,2646181.6289593196,262144,7214,6447
4608,6656,512,512,543213.3105519642,2646181.6289593196,262144,1294,1
4608,7168,512,512,543315.7105519642,2646181.6289593196,262144,298,3630
4608,7680,512,512,543418.1105519643,2646181.6289593196,262144,0,4595
4608,8192,512,512,543520.5105519642,2646181.6289593196,262144,6,18256
4608,8704,512,512,543622.9105519642,2646181.6289593196,262144,0,625
4608,9216,317,512,543705.8105519642,2646181.6289593196,131000,0,1
5120,512,512,512,541984.5105519642,2646079.2289593196,37024,0,0
5120,1024,512,512,542086.9105519642,2646079.2289593196,262119,43,0
5120,1536,512,512,542189.3105519642,2646079.2289593196,262144,46,2027
5120,2048,512,512,542291.7105519642,2646079.2289593196,262144,1500,11203
5120,2560,512,512,542394.1105519643,2646079.2289593196,262144,178,20479
5120,3072,512,512,542496.5105519642,2646079.2289593196,262144,0,12428
5120,3584,512,512,542598.9105519642,2646079.2289593196,262144,2,2005
5120,4096,512,512,542701.3105519642,2646079.2289593196,262144,5,3
5120,4608,512,512,542803.7105519642,2646079.2289593196,262144,3,3
5120,5120,512,512,542906.1105519643,2646079.2289593196,262144,2,3
5120,5632,512,512,543008.5105519642,2646079.2289593196,262144,2,5
5120,6144,512,512,543110.9105519642,2646079.2289593196,262144,1,496
5120,6656,512,512,543213.3105519642,2646079.2289593196,262144,1173,2586
5120,7168,512,512,543315.7105519642,2646079.2289593196,262144,1594,4683
5120,7680,512,512,543418.1105519643,2646079.2289593196,262144,0,12563
5120,8192,512,512,543520.5105519642,2646079.2289593196,262144,0,10120
5120,8704,512,512,543622.9105519642,2646079.2289593196,261976,531,2194
5120,9216,317,512,543705.8105519642,2646079.2289593196,49143,0,1025
5632,512,512,512,541984.5105519642,2645976.8289593193,23033,2502,0
5632,1024,512,512,542086.9105519642,2645976.8289593193,237602,1112,0
5632,1536,512,512,542189.3105519642,2645976.8289593193,262144,0,9018
5632,2048,512,512,542291.7105519642,2645976.8289593193,262144,0,63264
5632,2560,512,512,542394.1105519643,2645976.8289593193,262144,0,104667
5632,3072,512,512,542496.5105519642,2645976.8289593193,262144,0,56767
5632,3584,512,512,542598.9105519642,2645976.8289593193,262144,0,47685
5632,4096,512,512,542701.3105519642,2645976.8289593193,262144,2,1590
5632,4608,512,512,542803.7105519642,2645976.8289593193,262144,2,7
5632,5120,512,512,542906.1105519643,2645976.8289593193,262144,5,0
5632,5632,512,512,543008.5105519642,2645976.8289593193,262144,0,4
5632,6144,512,512,543110.9105519642,2645976.8289593193,262144,1,1
5632,6656,512,512,543213.3105519642,2645976.8289593193,262144,0,8259
5632,7168,512,512,543315.7105519642,2645976.8289593193,262144,1557,2683
5632,7680,512,512,543418.1105519643,2645976.8289593193,262144,866,9148
5632,8192,512,512,543520.5105519642,2645976.8289593193,262144,294,17661
5632,8704,512,512,543622.9105519642,2645976.8289593193,177944,2811,3093
6144,1024,512,512,542086.9105519642,2645874.4289593194,108584,0,0
6144,1536,512,512,542189.3105519642,2645874.4289593194,262089,0,0
6144,2048,512,512,542291.7105519642,2645874.4289593194,262144,0,15120
6144,2560,512,512,542394.1105519643,2645874.4289593194,262144,0,149071
6144,3072,512,512,542496.5105519642,2645874.4289593194,262144,0,189393
6144,3584,512,512,542598.9105519642,2645874.4289593194,262144,0,107216
6144,4096,512,512,542701.3105519642,2645874.4289593194,262144,0,154126
6144,4608,512,512,542803.7105519642,2645874.4289593194,262144,1,18124
6144,5120,512,512,542906.1105519643,2645874.4289593194,262144,3,23
6144,5632,512,512,543008.5105519642,2645874.4289593194,262144,0,0
6144,6144,512,512,543110.9105519642,2645874.4289593194,262144,0,2223
6144,6656,512,512,543213.3105519642,2645874.4289593194,262144,1037,4387
6144,7168,512,512,543315.7105519642,2645874.4289593194,262144,0,17008
6144,7680,512,512,543418.1105519643,2645874.4289593194,262144,368,5745
6144,8192,512,512,543520.5105519642,2645874.4289593194,222668,751,12405
6144,8704,512,512,543622.9105519642,2645874.4289593194,17254,0,16
6656,1536,512,512,542189.3105519642,2645772.0289593195,191880,0,0
6656,2048,512,512,542291.7105519642,2645772.0289593195,262144,0,0
6656,2560,512,512,542394.1105519643,2645772.0289593195,262144,0,58286
6656,3072,512,512,542496.5105519642,2645772.0289593195,262144,0,223022
6656,3584,512,512,542598.9105519642,2645772.0289593195,262144,0,238793
6656,4096,512,512,542701.3105519642,2645772.0289593195,262144,1,147072
6656,4608,512,512,542803.7105519642,2645772.0289593195,262144,335,4270
6656,5120,512,512,542906.1105519643,2645772.0289593195,262144,561,3895
6656,5632,512,512,543008.5105519642,2645772.0289593195,262144,2,5663
6656,6144,512,512,543110.9105519642,2645772.0289593195,262144,0,6912
6656,6656,512,512,543213.3105519642,2645772.0289593195,262144,8171,7349
6656,7168,512,512,543315.7105519642,2645772.0289593195,262144,0,3173
6656,7680,512,512,543418.1105519643,2645772.0289593195,258544,0,6814
6656,8192,512,512,543520.5105519642,2645772.0289593195,53473,0,0
7168,1536,512,512,542189.3105519642,2645669.6289593196,28290,0,0
7168,2048,512,512,542291.7105519642,2645669.6289593196,222358,0,0
7168,2560,512,512,542394.1105519643,2645669.6289593196,262144,0,10048
7168,3072,512,512,542496.5105519642,2645669.6289593196,262144,0,52948
7168,3584,512,512,542598.9105519642,2645669.6289593196,262144,2,52004
7168,4096,512,512,542701.3105519642,2645669.6289593196,262144,2,1124
7168,4608,512,512,542803.7105519642,2645669.6289593196,262144,0,2170
7168,5120,512,512,542906.1105519643,2645669.6289593196,262144,406,1068
7168,5632,512,512,543008.5105519642,2645669.6289593196,262144,1180,1532
7168,6144,512,512,543110.9105519642,2645669.6289593196,262144,593,5959
7168,6656,512,512,543213.3105519642,2645669.6289593196,262144,735,4256
7168,7168,512,512,543315.7105519642,2645669.6289593196,262144,0,445
7168,7680,512,512,543418.1105519643,2645669.6289593196,211336,15,3682
7680,2048,512,512,542291.7105519642,2645567.2289593196,10959,0,0
7680,2560,512,512,542394.1105519643,2645567.2289593196,172652,0,0
7680,3072,512,512,542496.5105519642,2645567.2289593196,262144,0,466
7680,3584,512,512,542598.9105519642,2645567.2289593196,262144,0,0
7680,4096,512,512,542701.3105519642,2645567.2289593196,262144,0,1184
7680,4608,512,512,542803.7105519642,2645567.2289593196,262144,0,3
7680,5120,512,512,542906.1105519643,2645567.2289593196,262144,0,3568
7680,5632,512,512,543008.5105519642,2645567.2289593196,262144,1,7515
7680,6144,512,512,543110.9105519642,2645567.2289593196,262144,0,4188
7680,6656,512,512,543213.3105519642,2645567.2289593196,262144,11,8116
7680,7168,512,512,543315.7105519642,2645567.2289593196,262144,943,9726
7680,7680,512,512,543418.1105519643,2645567.2289593196,165207,86,609
8192,2560,512,512,542394.1105519643,2645464.8289593193,16805,0,0
8192,3072,512,512,542496.5105519642,2645464.8289593193,159224,0,0
8192,3584,512,512,542598.9105519642,2645464.8289593193,247844,0,1
8192,4096,512,512,542701.3105519642,2645464.8289593193,262144,2,3
8192,4608,512,512,542803.7105519642,2645464.8289593193,262144,2,3
8192,5120,512,512,542906.1105519643,2645464.8289593193,262144,2,1
8192,5632,512,512,543008.5105519642,2645464.8289593193,262144,2,1669
8192,6144,512,512,543110.9105519642,2645464.8289593193,262144,0,8048
8192,6656,512,512,543213.3105519642,2645464.8289593193,262144,0,10557
8192,7168,512,512,543315.7105519642,2645464.8289593193,262144,1,8236
8192,7680,512,512,543418.1105519643,2645464.8289593193,145402,0,23682
8704,3584,512,512,542598.9105519642,2645362.4289593194,52666,0,0
8704,4096,512,512,542701.3105519642,2645362.4289593194,244870,0,0
8704,4608,512,512,542803.7105519642,2645362.4289593194,262144,2,1
8704,5120,512,512,542906.1105519643,2645362.4289593194,262144,4,5
8704,5632,512,512,543008.5105519642,2645362.4289593194,262144,1,2795
8704,6144,512,512,543110.9105519642,2645362.4289593194,262144,2,11759
8704,6656,512,512,543213.3105519642,2645362.4289593194,262144,2,1503
8704,7168,512,512,543315.7105519642,2645362.4289593194,262144,1,19325
8704,7680,512,512,543418.1105519643,2645362.4289593194,159024,0,11682
9216,4096,512,512,542701.3105519642,2645260.0289593195,23000,0,0
9216,4608,512,512,542803.7105519642,2645260.0289593195,155153,0,0
9216,5120,512,512,542906.1105519643,2645260.0289593195,257797,0,1
9216,5632,512,512,543008.5105519642,2645260.0289593195,262144,3,2049
9216,6144,512,512,543110.9105519642,2645260.0289593195,262144,3,3
9216,6656,512,512,543213.3105519642,2645260.0289593195,262144,2,2
9216,7168,512,512,543315.7105519642,2645260.0289593195,262144,0,19595
9216,7680,512,512,543418.1105519643,2645260.0289593195,235166,0,18301
9216,8192,512,512,543520.5105519642,2645260.0289593195,21024,0,1254
9728,5120,512,512,542906.1105519643,2645157.6289593196,47868,0,0
9728,5632,512,512,543008.5105519642,2645157.6289593196,194679,0,1
9728,6144,512,512,543110.9105519642,2645157.6289593196,262144,3,2
9728,6656,512,512,543213.3105519642,2645157.6289593196,262144,4,2
9728,7168,512,512,543315.7105519642,2645157.6289593196,262144,0,20354
9728,7680,512,512,543418.1105519643,2645157.6289593196,258817,0,16961
9728,8192,512,512,543520.5105519642,2645157.6289593196,52514,0,5547
10240,5632,512,215,543008.5105519642,2645084.9289593194,405,0,0
10240,6144,512,215,543110.9105519642,2645084.9289593194,48333,0,0
10240,6656,512,215,543213.3105519642,2645084.9289593194,92684,0,0
10240,7168,512,215,543315.7105519642,2645084.9289593194,86399,1,1
10240,7680,512,215,543418.1105519643,2645084.9289593194,86194,1,6984
