buffer_m,min_observations_per_year,year_scope,zone,year0,year1,pixels,median_paired_pixel_delta,difference_of_spatial_medians
20,1,all_available,full_image,2019,2025,65210,0.0432064526244435,-0.04431672394816488
20,1,all_available,historical_roi,2019,2025,27583,0.044818056640456905,-0.05692014533118933
20,1,all_available,baseline_2019_spartina_class,2019,2025,3505,0.0692951034165524,0.057142857142857245
20,1,all_available,baseline_2019_mangrove_class,2019,2025,21314,0.02091987887399578,0.015131112631126542
20,1,all_available,site10_rounding_cell_intersection,2019,2025,7785,0.12623946769619884,0.29579667724442005
20,2,years_with_two_dates,full_image,2019,2025,65315,0.054049372183861355,-0.0372775777700019
20,2,years_with_two_dates,historical_roi,2019,2025,29667,0.06500514792849071,-0.07482328579808217
20,2,years_with_two_dates,baseline_2019_spartina_class,2019,2025,3402,0.08552623625923692,0.0709484534081315
20,2,years_with_two_dates,baseline_2019_mangrove_class,2019,2025,20661,0.0244483824676639,0.02368631060926918
20,2,years_with_two_dates,site10_rounding_cell_intersection,2019,2025,7770,0.1333298133973016,0.29912805169940065
0,1,all_available,full_image,2019,2025,70794,0.044646278169909404,-0.04150280396950368
0,1,all_available,historical_roi,2019,2025,29009,0.04653184688877421,-0.05747195293845431
0,1,all_available,baseline_2019_spartina_class,2019,2025,4291,0.0683392634491988,0.053970262234973976
0,1,all_available,baseline_2019_mangrove_class,2019,2025,22197,0.022302877990772574,0.017822778478399692
0,1,all_available,site10_rounding_cell_intersection,2019,2025,8589,0.1223607246174244,0.2877654459818445
0,2,years_with_two_dates,full_image,2019,2025,71438,0.05299012661347957,-0.036048710624829616
0,2,years_with_two_dates,historical_roi,2019,2025,31373,0.06278944382879853,-0.07453262795893917
0,2,years_with_two_dates,baseline_2019_spartina_class,2019,2025,4175,0.07503011529857165,0.06579327440685798
0,2,years_with_two_dates,baseline_2019_mangrove_class,2019,2025,21986,0.02357428192059058,0.020479931760975068
0,2,years_with_two_dates,site10_rounding_cell_intersection,2019,2025,8515,0.12291709981467441,0.2910963016330453
