zone,date0,date1,fixed_support_pixels,median_paired_pixel_delta,difference_of_spatial_medians
full_image,2019-09-09,2025-09-12,52674,0.0462151641930682,-0.03694783461187029
full_image,2019-09-09,2025-09-14,52674,0.025295840381381773,-0.04571184481261137
full_image,2019-09-09,2025-09-16,52674,-0.03906475757993,-0.06423340125379606
full_image,2019-09-21,2025-09-12,52674,0.029452289582484137,-0.04521380546333814
full_image,2019-09-21,2025-09-14,52674,0.012636523130393096,-0.05397781566407922
full_image,2019-09-21,2025-09-16,52674,-0.04387470711465186,-0.07249937210526392
full_image,2019-09-26,2025-09-12,52674,0.10181929531713296,0.05087698979745969
full_image,2019-09-26,2025-09-14,52674,0.08999359663002784,0.042112979596718614
full_image,2019-09-26,2025-09-16,52674,0.010072209500918083,0.02359142315553392
historical_roi,2019-09-09,2025-09-12,20801,0.053147202798149995,-0.0897049612886946
historical_roi,2019-09-09,2025-09-14,20801,0.02708651405187351,-0.10477428493692587
historical_roi,2019-09-09,2025-09-16,20801,0.006812722065645316,-0.10328158259283032
historical_roi,2019-09-21,2025-09-12,20801,0.02252067469296637,-0.05241961497950354
historical_roi,2019-09-21,2025-09-14,20801,0.0029560134233030944,-0.0674889386277348
historical_roi,2019-09-21,2025-09-16,20801,-0.01305821890474762,-0.06599623628363926
historical_roi,2019-09-26,2025-09-12,20801,0.13475277182703604,0.03165856745839357
historical_roi,2019-09-26,2025-09-14,20801,0.11236436135830191,0.016589243810162302
historical_roi,2019-09-26,2025-09-16,20801,0.07209222926361569,0.018081946154257844
baseline_2019_spartina_class,2019-09-09,2025-09-12,2612,0.12108190448443726,0.13193813653064124
baseline_2019_spartina_class,2019-09-09,2025-09-14,2612,0.10381019544762762,0.12034766063176244
baseline_2019_spartina_class,2019-09-09,2025-09-16,2612,0.01818604937690746,0.060904437634510034
baseline_2019_spartina_class,2019-09-21,2025-09-12,2612,0.01883544660942192,0.026354075156239165
baseline_2019_spartina_class,2019-09-21,2025-09-14,2612,0.00847233618277727,0.014763599257360371
baseline_2019_spartina_class,2019-09-21,2025-09-16,2612,-0.05873829662648242,-0.04467962373989204
baseline_2019_spartina_class,2019-09-26,2025-09-12,2612,0.3254807302221957,0.3810284472634136
baseline_2019_spartina_class,2019-09-26,2025-09-14,2612,0.2941231562375892,0.3694379713645348
baseline_2019_spartina_class,2019-09-26,2025-09-16,2612,0.09232795890483388,0.3099947483672824
baseline_2019_mangrove_class,2019-09-09,2025-09-12,16583,0.029350033852403534,-0.02078357815606857
baseline_2019_mangrove_class,2019-09-09,2025-09-14,16583,-0.008115965436485573,-0.052043852158011106
baseline_2019_mangrove_class,2019-09-09,2025-09-16,16583,0.018725941929349954,-0.03226933082119188
baseline_2019_mangrove_class,2019-09-21,2025-09-12,16583,0.0047640315617091256,0.040731702732307584
baseline_2019_mangrove_class,2019-09-21,2025-09-14,16583,-0.026248136854052584,0.00947142873036505
baseline_2019_mangrove_class,2019-09-21,2025-09-16,16583,0.007791931381626038,0.02924595006718428
baseline_2019_mangrove_class,2019-09-26,2025-09-12,16583,0.04803862169777745,0.08069830854791238
baseline_2019_mangrove_class,2019-09-26,2025-09-14,16583,0.01964505130346439,0.049438034545969844
baseline_2019_mangrove_class,2019-09-26,2025-09-16,16583,0.05265161801664364,0.06921255588278907
site10_rounding_cell_intersection,2019-09-09,2025-09-12,7169,0.13968551960430722,0.2790811362471213
site10_rounding_cell_intersection,2019-09-09,2025-09-14,7169,0.12422441382012928,0.2813153180422962
site10_rounding_cell_intersection,2019-09-09,2025-09-16,7169,-0.21535276621698235,-0.07409840752157057
site10_rounding_cell_intersection,2019-09-21,2025-09-12,7169,0.05824429963503219,0.03805978466819735
site10_rounding_cell_intersection,2019-09-21,2025-09-14,7169,0.05676089427813592,0.04029396646337232
site10_rounding_cell_intersection,2019-09-21,2025-09-16,7169,-0.18776352205954444,-0.31511975910049445
site10_rounding_cell_intersection,2019-09-26,2025-09-12,7169,0.3344096639862899,0.502648540524522
site10_rounding_cell_intersection,2019-09-26,2025-09-14,7169,0.3016781487369723,0.504882722319697
site10_rounding_cell_intersection,2019-09-26,2025-09-16,7169,-0.0818257271044095,0.14946899675583025
