split,fold,target,model,train_n,excluded_train_n,n,rmse,mae,r2
forward_year,2016,relative_gain,training_mean,365,134,148,7.61440349054394,4.242191537307639,-0.12396822342495706
forward_year,2016,relative_gain,ridge,365,134,148,6.367623002342579,3.169407926948849,0.21397393828652278
forward_year,2016,relative_gain,extra_trees,365,134,148,5.34465238242067,1.2954327358476136,0.4462405026693166
forward_year,2016,log_area_ratio,training_mean,365,134,148,0.8490097554946645,0.7747683627180567,-1.560756202395726
forward_year,2016,log_area_ratio,ridge,365,134,148,0.44113270230178675,0.29717617929450296,0.30867640297537435
forward_year,2016,log_area_ratio,extra_trees,365,134,148,0.449512978434178,0.3170962941388674,0.2821605154990501
forward_year,2017,relative_gain,training_mean,575,72,60,3.013538744273089,2.917693323342493,-2.5919363296655926
forward_year,2017,relative_gain,ridge,575,72,60,4.590256349604246,3.7913962575231914,-7.3339127798817145
forward_year,2017,relative_gain,extra_trees,575,72,60,2.358699068363377,1.0124425927552265,-1.2004937628175694
forward_year,2017,log_area_ratio,training_mean,575,72,60,0.7105880605072075,0.653898346196918,-1.5099735886060506
forward_year,2017,log_area_ratio,ridge,575,72,60,0.6191426989321145,0.406295128304139,-0.9055258795177767
forward_year,2017,log_area_ratio,extra_trees,575,72,60,0.5686690171242699,0.2988971226651828,-0.6075055231903794
forward_year,2018,relative_gain,training_mean,687,20,54,3.4362595148580417,2.1579346764434026,-0.007753171675077386
forward_year,2018,relative_gain,ridge,687,20,54,3.9107005943077815,3.4034963137628185,-0.30524307464866207
forward_year,2018,relative_gain,extra_trees,687,20,54,2.9592570450126003,1.7631453639253292,0.25260937954616525
forward_year,2018,log_area_ratio,training_mean,687,20,54,0.661994470782913,0.505272778359299,-0.0065541359944807365
forward_year,2018,log_area_ratio,ridge,687,20,54,0.5371663429405905,0.3632923463495676,0.3372557012882267
forward_year,2018,log_area_ratio,extra_trees,687,20,54,0.4923805477537379,0.32781723623367265,0.44316030381239946
forward_year,2019,relative_gain,training_mean,732,29,90,3.405003357661849,2.734418647320867,-0.2742034348979203
forward_year,2019,relative_gain,ridge,732,29,90,6.471400968815206,5.399031726129291,-3.6025689328206214
forward_year,2019,relative_gain,extra_trees,732,29,90,8.266441875838051,5.366726203761845,-6.510016917353109
forward_year,2019,log_area_ratio,training_mean,732,29,90,0.828235507712397,0.6911636955917608,-0.34710774583100923
forward_year,2019,log_area_ratio,ridge,732,29,90,1.2057032937386527,0.9385139236642912,-1.8547990075361613
forward_year,2019,log_area_ratio,extra_trees,732,29,90,1.3090106560986552,0.9562469289638115,-2.3649685258020012
forward_year,2020,relative_gain,training_mean,805,46,103,5.110899967176061,2.731160602244381,-0.10134502437655324
forward_year,2020,relative_gain,ridge,805,46,103,7.463380020243494,5.864366445246639,-1.3485496374756845
forward_year,2020,relative_gain,extra_trees,805,46,103,8.643087609524263,5.7797133231618005,-2.1496802180676697
forward_year,2020,log_area_ratio,training_mean,805,46,103,0.8397068166621174,0.6888101311994766,-0.4664316266814148
forward_year,2020,log_area_ratio,ridge,805,46,103,1.253209022822741,1.0128449795157617,-2.2662805674214472
forward_year,2020,log_area_ratio,extra_trees,805,46,103,1.3064094407503575,1.039669241372808,-2.549482843390107
buffered_quadrant,0,relative_gain,training_mean,669,28,257,6.34555287698044,2.7362476707361263,-0.006769699131812912
buffered_quadrant,0,relative_gain,ridge,669,28,257,6.639018456339146,3.940578363407726,-0.10204404768705144
buffered_quadrant,0,relative_gain,extra_trees,669,28,257,6.430870899371183,3.138537431281032,-0.0340243918426677
buffered_quadrant,0,log_area_ratio,training_mean,669,28,257,0.7352042527592032,0.5324903120143217,-0.07299686700460528
buffered_quadrant,0,log_area_ratio,ridge,669,28,257,0.8903750667819638,0.6118336854086672,-0.5737234368846811
buffered_quadrant,0,log_area_ratio,extra_trees,669,28,257,0.8842588520474456,0.5804105160863469,-0.5521770757117455
buffered_quadrant,1,relative_gain,training_mean,597,39,318,3.610257096871774,2.2953340482026947,-0.04896161860443815
buffered_quadrant,1,relative_gain,ridge,597,39,318,3.06138635453597,2.018225551791179,0.2457425280764357
buffered_quadrant,1,relative_gain,extra_trees,597,39,318,2.4081702173765316,1.119753933449777,0.533278616663917
buffered_quadrant,1,log_area_ratio,training_mean,597,39,318,0.6066831219512849,0.452732979685724,-0.0027905613515684102
buffered_quadrant,1,log_area_ratio,ridge,597,39,318,0.5054522134779474,0.3558914812321553,0.3039400961987204
buffered_quadrant,1,log_area_ratio,extra_trees,597,39,318,0.5012493101979412,0.34336112734710533,0.3154676334266253
buffered_quadrant,2,relative_gain,training_mean,772,21,161,7.638928458098521,3.2872198287716894,-0.03186265555044665
buffered_quadrant,2,relative_gain,ridge,772,21,161,6.637194177414551,2.9186543485645067,0.22102044976218582
buffered_quadrant,2,relative_gain,extra_trees,772,21,161,5.84365097175317,2.4541422636080488,0.3961548994824714
buffered_quadrant,2,log_area_ratio,training_mean,772,21,161,0.830926870617474,0.5656618086245577,-0.0575221380396993
buffered_quadrant,2,log_area_ratio,ridge,772,21,161,0.7080360661812858,0.4893259633021731,0.23215312401599508
buffered_quadrant,2,log_area_ratio,extra_trees,772,21,161,0.6997206288155986,0.47684034452682716,0.2500829699901106
buffered_quadrant,3,relative_gain,training_mean,704,32,218,5.957849086569259,2.7967076113667764,-0.012195781944630557
buffered_quadrant,3,relative_gain,ridge,704,32,218,5.268495553324885,3.066109879070325,0.20848570579581072
buffered_quadrant,3,relative_gain,extra_trees,704,32,218,4.63805727441597,2.1416720972649768,0.38658026879213336
buffered_quadrant,3,log_area_ratio,training_mean,704,32,218,0.7874534047919681,0.5750321781990679,-0.0316175681298958
buffered_quadrant,3,log_area_ratio,ridge,704,32,218,0.6873735492417046,0.4813408178189929,0.21394192892206132
buffered_quadrant,3,log_area_ratio,extra_trees,704,32,218,0.6496388162136406,0.4406539789829067,0.2978774333495252
