split,target,model,n,rmse,mae,r2
buffered_quadrant,log_area_ratio,extra_trees,954,0.6880831345139337,0.4519792494944062,0.08566302101392653
buffered_quadrant,log_area_ratio,ridge,954,0.7009259075276218,0.47602570918033876,0.05121309146802244
buffered_quadrant,log_area_ratio,training_mean,954,0.7256156940070267,0.5212239662093202,-0.016805280655427524
buffered_quadrant,relative_gain,extra_trees,954,4.873674933445967,2.1223137236068292,0.277623454785333
buffered_quadrant,relative_gain,ridge,954,5.36424460440731,2.927504893733331,0.12487988891190893
buffered_quadrant,relative_gain,training_mean,954,5.7577002455330195,2.696076027691657,-0.008204474613007884
forward_year,log_area_ratio,extra_trees,455,0.9286719761417469,0.6059656376202723,-1.115834626949665
forward_year,log_area_ratio,ridge,455,0.8894770307342488,0.608278802102464,-0.9410043777605073
forward_year,log_area_ratio,training_mean,455,0.8052105659598929,0.6908495046204268,-0.5906549077057879
forward_year,relative_gain,extra_trees,455,6.4414238227897815,3.1340577598834276,-0.6012103007123761
forward_year,relative_gain,ridge,455,6.218971971850577,4.330302305044074,-0.49252572063736344
forward_year,relative_gain,training_mean,455,5.446519461965021,3.179871735692469,-0.14478187485658545
