plot,treatment,date,cover_pct,source_excel_row,source_excel_column
1,clipped,2023-05-17,28.6425,5,2
1,clipped,2023-06-30,43.135,5,4
1,clipped,2023-07-18,45.345,5,8
1,clipped,2023-08-01,64.57833333333333,5,12
1,clipped,2023-08-16,77.94333333333333,5,16
1,clipped,2023-09-09,79.26,5,20
1,clipped,2023-09-22,81.88,5,24
1,clipped,2023-10-13,76.64333333333335,5,28
1,clipped,2024-05-14,6.376666666666668,5,32
1,clipped,2024-09-12,58.120000000000005,5,36
1,clipped,2025-07-08,62.01,5,40
2,control,2023-05-17,36.4775,6,2
2,control,2023-06-30,47.671666666666674,6,4
2,control,2023-07-18,35.195,6,8
2,control,2023-08-01,42.25833333333333,6,12
2,control,2023-08-16,39.89333333333334,6,16
2,control,2023-09-09,39.29,6,20
2,control,2023-09-22,44.01,6,24
2,control,2023-10-13,47.333333333333336,6,28
2,control,2024-05-14,0.0,6,32
2,control,2024-09-12,21.98,6,36
2,control,2025-07-08,23.386666666666667,6,40
3,clipped,2023-05-17,26.03083333333334,7,2
3,clipped,2023-06-30,33.593333333333334,7,4
3,clipped,2023-07-18,37.76,7,8
3,clipped,2023-08-01,44.05,7,12
3,clipped,2023-08-16,59.106666666666676,7,16
3,clipped,2023-09-09,54.78,7,20
3,clipped,2023-09-22,60.71666666666666,7,24
3,clipped,2023-10-13,58.95,7,28
3,clipped,2024-05-14,13.320000000000002,7,32
3,clipped,2024-09-12,60.03166666666666,7,36
3,clipped,2025-07-08,66.0,7,40
4,control,2023-05-17,24.529999999999998,8,2
4,control,2023-06-30,16.8825,8,4
4,control,2023-07-18,26.98666666666667,8,8
4,control,2023-08-01,30.098333333333333,8,12
4,control,2023-08-16,28.634999999999998,8,16
4,control,2023-09-09,23.91,8,20
4,control,2023-09-22,33.56666666666666,8,24
4,control,2023-10-13,30.683333333333334,8,28
4,control,2024-05-14,0.0,8,32
4,control,2024-09-12,18.44,8,36
4,control,2025-07-08,7.413333333333334,8,40
5,clipped,2023-05-17,20.52166666666667,9,2
5,clipped,2023-06-30,34.912499999999994,9,4
5,clipped,2023-07-18,49.583333333333336,9,8
5,clipped,2023-08-01,47.75,9,12
5,clipped,2023-08-16,47.28333333333334,9,16
5,clipped,2023-09-09,53.25,9,20
5,clipped,2023-09-22,45.983333333333334,9,24
5,clipped,2023-10-13,42.8,9,28
5,clipped,2024-05-14,8.953333333333333,9,32
5,clipped,2024-09-12,51.12,9,36
5,clipped,2025-07-08,78.225,9,40
6,control,2023-05-17,13.936666666666667,10,2
6,control,2023-06-30,20.906666666666666,10,4
6,control,2023-07-18,28.566666666666666,10,8
6,control,2023-08-01,32.190000000000005,10,12
6,control,2023-08-16,35.25,10,16
6,control,2023-09-09,42.43,10,20
6,control,2023-09-22,39.53333333333333,10,24
6,control,2023-10-13,26.200000000000003,10,28
6,control,2024-05-14,0.0,10,32
6,control,2024-09-12,14.95,10,36
6,control,2025-07-08,7.7666666666666675,10,40
