Common_garden,Block,Provenance,Latitude,ramets,MAT,MAP,Soil salinity,Soil water content,Tidal range,AGDD,emergence,TAR
Dongying,1,LZ,20.9,7.0,23.9,2975.3,30.2,33.2,179,8626.4,,22.5
Dongying,2,LZ,20.9,9.0,23.9,2975.3,30.2,33.2,179,8626.4,135.0,22.5
Dongying,3,LZ,20.9,6.0,23.9,2975.3,30.2,33.2,179,8626.4,165.0,22.5
Dongying,4,LZ,20.9,8.0,23.9,2975.3,30.2,33.2,179,8626.4,138.0,22.5
Dongying,5,LZ,20.9,6.0,23.9,2975.3,30.2,33.2,179,8626.4,140.0,22.5
Dongying,6,LZ,20.9,10.0,23.9,2975.3,30.2,33.2,179,8626.4,149.0,22.5
Dongying,7,LZ,20.9,10.0,23.9,2975.3,30.2,33.2,179,8626.4,146.0,22.5
Dongying,8,LZ,20.9,12.0,23.9,2975.3,30.2,33.2,179,8626.4,146.0,22.5
Dongying,9,LZ,20.9,11.0,23.9,2975.3,30.2,33.2,179,8626.4,128.0,22.5
Dongying,10,LZ,20.9,10.0,23.9,2975.3,30.2,33.2,179,8626.4,146.0,22.5
Dongying,1,YX,23.8,8.0,21.8,2095.4,29.8,50.6,235,7819.0,146.0,23.3
Dongying,2,YX,23.8,7.0,21.8,2095.4,29.8,50.6,235,7819.0,138.0,23.3
Dongying,3,YX,23.8,12.0,21.8,2095.4,29.8,50.6,235,7819.0,146.0,23.3
Dongying,4,YX,23.8,6.0,21.8,2095.4,29.8,50.6,235,7819.0,149.0,23.3
Dongying,5,YX,23.8,8.0,21.8,2095.4,29.8,50.6,235,7819.0,152.0,23.3
Dongying,6,YX,23.8,5.0,21.8,2095.4,29.8,50.6,235,7819.0,149.0,23.3
Dongying,7,YX,23.8,8.0,21.8,2095.4,29.8,50.6,235,7819.0,143.0,23.3
Dongying,8,YX,23.8,12.0,21.8,2095.4,29.8,50.6,235,7819.0,140.0,23.3
Dongying,9,YX,23.8,10.0,21.8,2095.4,29.8,50.6,235,7819.0,149.0,23.3
Dongying,10,YX,23.8,8.0,21.8,2095.4,29.8,50.6,235,7819.0,143.0,23.3
Dongying,1,LY,26.5,7.0,21.1,2648.8,30.4,51.0,476,7413.6,138.0,27.2
Dongying,2,LY,26.5,10.0,21.1,2648.8,30.4,51.0,476,7413.6,149.0,27.2
Dongying,3,LY,26.5,12.0,21.1,2648.8,30.4,51.0,476,7413.6,143.0,27.2
Dongying,4,LY,26.5,11.0,21.1,2648.8,30.4,51.0,476,7413.6,140.0,27.2
Dongying,5,LY,26.5,11.0,21.1,2648.8,30.4,51.0,476,7413.6,135.0,27.2
Dongying,6,LY,26.5,11.0,21.1,2648.8,30.4,51.0,476,7413.6,140.0,27.2
Dongying,7,LY,26.5,11.0,21.1,2648.8,30.4,51.0,476,7413.6,135.0,27.2
Dongying,8,LY,26.5,11.0,21.1,2648.8,30.4,51.0,476,7413.6,146.0,27.2
Dongying,9,LY,26.5,18.0,21.1,2648.8,30.4,51.0,476,7413.6,135.0,27.2
Dongying,10,LY,26.5,11.0,21.1,2648.8,30.4,51.0,476,7413.6,146.0,27.2
Dongying,1,YQ,28.1,13.0,19.4,2639.4,20.1,49.5,478,6649.5,149.0,28.2
Dongying,2,YQ,28.1,8.0,19.4,2639.4,20.1,49.5,478,6649.5,143.0,28.2
Dongying,3,YQ,28.1,13.0,19.4,2639.4,20.1,49.5,478,6649.5,146.0,28.2
Dongying,4,YQ,28.1,5.0,19.4,2639.4,20.1,49.5,478,6649.5,146.0,28.2
Dongying,5,YQ,28.1,8.0,19.4,2639.4,20.1,49.5,478,6649.5,149.0,28.2
Dongying,6,YQ,28.1,13.0,19.4,2639.4,20.1,49.5,478,6649.5,140.0,28.2
Dongying,7,YQ,28.1,10.0,19.4,2639.4,20.1,49.5,478,6649.5,146.0,28.2
Dongying,8,YQ,28.1,11.0,19.4,2639.4,20.1,49.5,478,6649.5,146.0,28.2
Dongying,9,YQ,28.1,9.0,19.4,2639.4,20.1,49.5,478,6649.5,140.0,28.2
Dongying,10,YQ,28.1,10.0,19.4,2639.4,20.1,49.5,478,6649.5,143.0,28.2
Dongying,1,FX,30.9,5.0,17.7,1794.8,18.57,76.05,253,5830.0,161.0,34.3
Dongying,2,FX,30.9,6.0,17.7,1794.8,18.57,76.05,253,5830.0,158.0,34.3
Dongying,3,FX,30.9,6.0,17.7,1794.8,18.57,76.05,253,5830.0,143.0,34.3
Dongying,4,FX,30.9,7.0,17.7,1794.8,18.57,76.05,253,5830.0,146.0,34.3
Dongying,5,FX,30.9,6.0,17.7,1794.8,18.57,76.05,253,5830.0,146.0,34.3
Dongying,6,FX,30.9,10.0,17.7,1794.8,18.57,76.05,253,5830.0,146.0,34.3
Dongying,7,FX,30.9,9.0,17.7,1794.8,18.57,76.05,253,5830.0,143.0,34.3
Dongying,8,FX,30.9,6.0,17.7,1794.8,18.57,76.05,253,5830.0,152.0,34.3
Dongying,9,FX,30.9,14.0,17.7,1794.8,18.57,76.05,253,5830.0,138.0,34.3
Dongying,10,FX,30.9,11.0,17.7,1794.8,18.57,76.05,253,5830.0,146.0,34.3
Dongying,1,RD,32.3,8.0,16.7,2072.9,24.9,33.9,448,5241.3,149.0,35.2
Dongying,2,RD,32.3,5.0,16.7,2072.9,24.9,33.9,448,5241.3,143.0,35.2
Dongying,3,RD,32.3,6.0,16.7,2072.9,24.9,33.9,448,5241.3,138.0,35.2
Dongying,4,RD,32.3,9.0,16.7,2072.9,24.9,33.9,448,5241.3,135.0,35.2
Dongying,5,RD,32.3,15.0,16.7,2072.9,24.9,33.9,448,5241.3,135.0,35.2
Dongying,6,RD,32.3,10.0,16.7,2072.9,24.9,33.9,448,5241.3,146.0,35.2
Dongying,7,RD,32.3,8.0,16.7,2072.9,24.9,33.9,448,5241.3,146.0,35.2
Dongying,8,RD,32.3,11.0,16.7,2072.9,24.9,33.9,448,5241.3,149.0,35.2
Dongying,9,RD,32.3,8.0,16.7,2072.9,24.9,33.9,448,5241.3,143.0,35.2
Dongying,10,RD,32.3,10.0,16.7,2072.9,24.9,33.9,448,5241.3,146.0,35.2
Dongying,1,GY,34.8,9.0,14.9,2019.4,10.9,52.8,361,4886.2,161.0,38.1
Dongying,2,GY,34.8,6.0,14.9,2019.4,10.9,52.8,361,4886.2,149.0,38.1
Dongying,3,GY,34.8,8.0,14.9,2019.4,10.9,52.8,361,4886.2,146.0,38.1
Dongying,4,GY,34.8,5.0,14.9,2019.4,10.9,52.8,361,4886.2,149.0,38.1
Dongying,5,GY,34.8,8.0,14.9,2019.4,10.9,52.8,361,4886.2,149.0,38.1
Dongying,6,GY,34.8,7.0,14.9,2019.4,10.9,52.8,361,4886.2,146.0,38.1
Dongying,7,GY,34.8,7.0,14.9,2019.4,10.9,52.8,361,4886.2,149.0,38.1
Dongying,8,GY,34.8,17.0,14.9,2019.4,10.9,52.8,361,4886.2,146.0,38.1
Dongying,9,GY,34.8,7.0,14.9,2019.4,10.9,52.8,361,4886.2,143.0,38.1
Dongying,10,GY,34.8,7.0,14.9,2019.4,10.9,52.8,361,4886.2,143.0,38.1
Dongying,1,DY,37.6,6.0,14.4,1407.9,11.8,22.3,54,4412.1,146.0,40.3
Dongying,2,DY,37.6,11.0,14.4,1407.9,11.8,22.3,54,4412.1,143.0,40.3
Dongying,3,DY,37.6,11.0,14.4,1407.9,11.8,22.3,54,4412.1,146.0,40.3
Dongying,4,DY,37.6,9.0,14.4,1407.9,11.8,22.3,54,4412.1,143.0,40.3
Dongying,5,DY,37.6,11.0,14.4,1407.9,11.8,22.3,54,4412.1,143.0,40.3
Dongying,6,DY,37.6,11.0,14.4,1407.9,11.8,22.3,54,4412.1,149.0,40.3
Dongying,7,DY,37.6,9.0,14.4,1407.9,11.8,22.3,54,4412.1,146.0,40.3
Dongying,8,DY,37.6,11.0,14.4,1407.9,11.8,22.3,54,4412.1,135.0,40.3
Dongying,9,DY,37.6,23.0,14.4,1407.9,11.8,22.3,54,4412.1,128.0,40.3
Dongying,10,DY,37.6,14.0,14.4,1407.9,11.8,22.3,54,4412.1,135.0,40.3
Taizhou,1,LZ,20.9,8.0,23.9,2975.3,30.2,33.2,179,8626.4,117.0,22.5
Taizhou,2,LZ,20.9,7.0,23.9,2975.3,30.2,33.2,179,8626.4,95.0,22.5
Taizhou,3,LZ,20.9,12.0,23.9,2975.3,30.2,33.2,179,8626.4,102.0,22.5
Taizhou,4,LZ,20.9,12.0,23.9,2975.3,30.2,33.2,179,8626.4,123.0,22.5
Taizhou,5,LZ,20.9,8.0,23.9,2975.3,30.2,33.2,179,8626.4,148.0,22.5
Taizhou,6,LZ,20.9,9.0,23.9,2975.3,30.2,33.2,179,8626.4,112.0,22.5
Taizhou,7,LZ,20.9,6.0,23.9,2975.3,30.2,33.2,179,8626.4,163.0,22.5
Taizhou,8,LZ,20.9,7.0,23.9,2975.3,30.2,33.2,179,8626.4,133.0,22.5
Taizhou,9,LZ,20.9,14.0,23.9,2975.3,30.2,33.2,179,8626.4,139.0,22.5
Taizhou,10,LZ,20.9,,23.9,2975.3,30.2,33.2,179,8626.4,,22.5
Taizhou,11,LZ,20.9,9.0,23.9,2975.3,30.2,33.2,179,8626.4,157.0,22.5
Taizhou,12,LZ,20.9,10.0,23.9,2975.3,30.2,33.2,179,8626.4,116.0,22.5
Taizhou,13,LZ,20.9,11.0,23.9,2975.3,30.2,33.2,179,8626.4,151.0,22.5
Taizhou,14,LZ,20.9,10.0,23.9,2975.3,30.2,33.2,179,8626.4,139.0,22.5
Taizhou,15,LZ,20.9,15.0,23.9,2975.3,30.2,33.2,179,8626.4,119.0,22.5
Taizhou,16,LZ,20.9,8.0,23.9,2975.3,30.2,33.2,179,8626.4,148.0,22.5
Taizhou,17,LZ,20.9,6.0,23.9,2975.3,30.2,33.2,179,8626.4,128.0,22.5
Taizhou,18,LZ,20.9,10.0,23.9,2975.3,30.2,33.2,179,8626.4,139.0,22.5
Taizhou,19,LZ,20.9,15.0,23.9,2975.3,30.2,33.2,179,8626.4,122.0,22.5
Taizhou,20,LZ,20.9,10.0,23.9,2975.3,30.2,33.2,179,8626.4,118.0,22.5
Taizhou,1,YX,23.8,18.0,21.8,2095.4,29.8,50.6,235,7819.0,99.0,23.3
Taizhou,2,YX,23.8,10.0,21.8,2095.4,29.8,50.6,235,7819.0,110.0,23.3
Taizhou,3,YX,23.8,13.0,21.8,2095.4,29.8,50.6,235,7819.0,123.0,23.3
Taizhou,4,YX,23.8,,21.8,2095.4,29.8,50.6,235,7819.0,,23.3
Taizhou,5,YX,23.8,9.0,21.8,2095.4,29.8,50.6,235,7819.0,148.0,23.3
Taizhou,6,YX,23.8,,21.8,2095.4,29.8,50.6,235,7819.0,,23.3
Taizhou,7,YX,23.8,10.0,21.8,2095.4,29.8,50.6,235,7819.0,122.0,23.3
Taizhou,8,YX,23.8,,21.8,2095.4,29.8,50.6,235,7819.0,,23.3
Taizhou,9,YX,23.8,,21.8,2095.4,29.8,50.6,235,7819.0,,23.3
Taizhou,10,YX,23.8,,21.8,2095.4,29.8,50.6,235,7819.0,,23.3
Taizhou,11,YX,23.8,10.0,21.8,2095.4,29.8,50.6,235,7819.0,160.0,23.3
Taizhou,12,YX,23.8,8.0,21.8,2095.4,29.8,50.6,235,7819.0,139.0,23.3
Taizhou,13,YX,23.8,9.0,21.8,2095.4,29.8,50.6,235,7819.0,142.0,23.3
Taizhou,14,YX,23.8,12.0,21.8,2095.4,29.8,50.6,235,7819.0,142.0,23.3
Taizhou,15,YX,23.8,11.0,21.8,2095.4,29.8,50.6,235,7819.0,131.0,23.3
Taizhou,16,YX,23.8,4.0,21.8,2095.4,29.8,50.6,235,7819.0,169.0,23.3
Taizhou,17,YX,23.8,6.0,21.8,2095.4,29.8,50.6,235,7819.0,142.0,23.3
Taizhou,18,YX,23.8,10.0,21.8,2095.4,29.8,50.6,235,7819.0,139.0,23.3
Taizhou,19,YX,23.8,4.0,21.8,2095.4,29.8,50.6,235,7819.0,120.0,23.3
Taizhou,20,YX,23.8,9.0,21.8,2095.4,29.8,50.6,235,7819.0,131.0,23.3
Taizhou,1,LY,26.5,12.0,21.1,2648.8,30.4,51.0,476,7413.6,124.0,27.2
Taizhou,2,LY,26.5,12.0,21.1,2648.8,30.4,51.0,476,7413.6,107.0,27.2
Taizhou,3,LY,26.5,11.0,21.1,2648.8,30.4,51.0,476,7413.6,117.0,27.2
Taizhou,4,LY,26.5,13.0,21.1,2648.8,30.4,51.0,476,7413.6,135.0,27.2
Taizhou,5,LY,26.5,14.0,21.1,2648.8,30.4,51.0,476,7413.6,108.0,27.2
Taizhou,6,LY,26.5,12.0,21.1,2648.8,30.4,51.0,476,7413.6,111.0,27.2
Taizhou,7,LY,26.5,7.0,21.1,2648.8,30.4,51.0,476,7413.6,133.0,27.2
Taizhou,8,LY,26.5,7.0,21.1,2648.8,30.4,51.0,476,7413.6,120.0,27.2
Taizhou,9,LY,26.5,10.0,21.1,2648.8,30.4,51.0,476,7413.6,133.0,27.2
Taizhou,10,LY,26.5,9.0,21.1,2648.8,30.4,51.0,476,7413.6,132.0,27.2
Taizhou,11,LY,26.5,11.0,21.1,2648.8,30.4,51.0,476,7413.6,139.0,27.2
Taizhou,12,LY,26.5,8.0,21.1,2648.8,30.4,51.0,476,7413.6,131.0,27.2
Taizhou,13,LY,26.5,12.0,21.1,2648.8,30.4,51.0,476,7413.6,126.0,27.2
Taizhou,14,LY,26.5,9.0,21.1,2648.8,30.4,51.0,476,7413.6,160.0,27.2
Taizhou,15,LY,26.5,8.0,21.1,2648.8,30.4,51.0,476,7413.6,148.0,27.2
Taizhou,16,LY,26.5,8.0,21.1,2648.8,30.4,51.0,476,7413.6,148.0,27.2
Taizhou,17,LY,26.5,5.0,21.1,2648.8,30.4,51.0,476,7413.6,139.0,27.2
Taizhou,18,LY,26.5,10.0,21.1,2648.8,30.4,51.0,476,7413.6,131.0,27.2
Taizhou,19,LY,26.5,9.0,21.1,2648.8,30.4,51.0,476,7413.6,139.0,27.2
Taizhou,20,LY,26.5,8.0,21.1,2648.8,30.4,51.0,476,7413.6,142.0,27.2
Taizhou,1,YQ,28.1,9.0,19.4,2639.4,20.1,49.5,478,6649.5,124.0,28.2
Taizhou,2,YQ,28.1,10.0,19.4,2639.4,20.1,49.5,478,6649.5,139.0,28.2
Taizhou,3,YQ,28.1,10.0,19.4,2639.4,20.1,49.5,478,6649.5,117.0,28.2
Taizhou,4,YQ,28.1,9.0,19.4,2639.4,20.1,49.5,478,6649.5,,28.2
Taizhou,5,YQ,28.1,14.0,19.4,2639.4,20.1,49.5,478,6649.5,133.0,28.2
Taizhou,6,YQ,28.1,13.0,19.4,2639.4,20.1,49.5,478,6649.5,114.0,28.2
Taizhou,7,YQ,28.1,11.0,19.4,2639.4,20.1,49.5,478,6649.5,151.0,28.2
Taizhou,8,YQ,28.1,9.0,19.4,2639.4,20.1,49.5,478,6649.5,133.0,28.2
Taizhou,9,YQ,28.1,16.0,19.4,2639.4,20.1,49.5,478,6649.5,133.0,28.2
Taizhou,10,YQ,28.1,11.0,19.4,2639.4,20.1,49.5,478,6649.5,118.0,28.2
Taizhou,11,YQ,28.1,10.0,19.4,2639.4,20.1,49.5,478,6649.5,136.0,28.2
Taizhou,12,YQ,28.1,7.0,19.4,2639.4,20.1,49.5,478,6649.5,148.0,28.2
Taizhou,13,YQ,28.1,12.0,19.4,2639.4,20.1,49.5,478,6649.5,131.0,28.2
Taizhou,14,YQ,28.1,9.0,19.4,2639.4,20.1,49.5,478,6649.5,148.0,28.2
Taizhou,15,YQ,28.1,7.0,19.4,2639.4,20.1,49.5,478,6649.5,142.0,28.2
Taizhou,16,YQ,28.1,10.0,19.4,2639.4,20.1,49.5,478,6649.5,163.0,28.2
Taizhou,17,YQ,28.1,7.0,19.4,2639.4,20.1,49.5,478,6649.5,148.0,28.2
Taizhou,18,YQ,28.1,11.0,19.4,2639.4,20.1,49.5,478,6649.5,161.0,28.2
Taizhou,19,YQ,28.1,12.0,19.4,2639.4,20.1,49.5,478,6649.5,148.0,28.2
Taizhou,20,YQ,28.1,7.0,19.4,2639.4,20.1,49.5,478,6649.5,160.0,28.2
Taizhou,1,FX,30.9,,17.7,1794.8,18.57,76.05,253,5830.0,,34.3
Taizhou,2,FX,30.9,,17.7,1794.8,18.57,76.05,253,5830.0,,34.3
Taizhou,3,FX,30.9,,17.7,1794.8,18.57,76.05,253,5830.0,,34.3
Taizhou,4,FX,30.9,,17.7,1794.8,18.57,76.05,253,5830.0,,34.3
Taizhou,5,FX,30.9,,17.7,1794.8,18.57,76.05,253,5830.0,,34.3
Taizhou,6,FX,30.9,,17.7,1794.8,18.57,76.05,253,5830.0,,34.3
Taizhou,7,FX,30.9,,17.7,1794.8,18.57,76.05,253,5830.0,,34.3
Taizhou,8,FX,30.9,,17.7,1794.8,18.57,76.05,253,5830.0,,34.3
Taizhou,9,FX,30.9,,17.7,1794.8,18.57,76.05,253,5830.0,,34.3
Taizhou,10,FX,30.9,,17.7,1794.8,18.57,76.05,253,5830.0,,34.3
Taizhou,11,FX,30.9,9.0,17.7,1794.8,18.57,76.05,253,5830.0,126.0,34.3
Taizhou,12,FX,30.9,7.0,17.7,1794.8,18.57,76.05,253,5830.0,148.0,34.3
Taizhou,13,FX,30.9,5.0,17.7,1794.8,18.57,76.05,253,5830.0,128.0,34.3
Taizhou,14,FX,30.9,12.0,17.7,1794.8,18.57,76.05,253,5830.0,118.0,34.3
Taizhou,15,FX,30.9,4.0,17.7,1794.8,18.57,76.05,253,5830.0,166.0,34.3
Taizhou,16,FX,30.9,7.0,17.7,1794.8,18.57,76.05,253,5830.0,160.0,34.3
Taizhou,17,FX,30.9,6.0,17.7,1794.8,18.57,76.05,253,5830.0,145.0,34.3
Taizhou,18,FX,30.9,3.0,17.7,1794.8,18.57,76.05,253,5830.0,157.0,34.3
Taizhou,19,FX,30.9,5.0,17.7,1794.8,18.57,76.05,253,5830.0,148.0,34.3
Taizhou,20,FX,30.9,7.0,17.7,1794.8,18.57,76.05,253,5830.0,157.0,34.3
Taizhou,1,RD,32.3,16.0,16.7,2072.9,24.9,33.9,448,5241.3,109.0,35.2
Taizhou,2,RD,32.3,,16.7,2072.9,24.9,33.9,448,5241.3,,35.2
Taizhou,3,RD,32.3,17.0,16.7,2072.9,24.9,33.9,448,5241.3,98.0,35.2
Taizhou,4,RD,32.3,,16.7,2072.9,24.9,33.9,448,5241.3,,35.2
Taizhou,5,RD,32.3,,16.7,2072.9,24.9,33.9,448,5241.3,,35.2
Taizhou,6,RD,32.3,,16.7,2072.9,24.9,33.9,448,5241.3,,35.2
Taizhou,7,RD,32.3,,16.7,2072.9,24.9,33.9,448,5241.3,,35.2
Taizhou,8,RD,32.3,10.0,16.7,2072.9,24.9,33.9,448,5241.3,142.0,35.2
Taizhou,9,RD,32.3,,16.7,2072.9,24.9,33.9,448,5241.3,,35.2
Taizhou,10,RD,32.3,,16.7,2072.9,24.9,33.9,448,5241.3,,35.2
Taizhou,11,RD,32.3,12.0,16.7,2072.9,24.9,33.9,448,5241.3,139.0,35.2
Taizhou,12,RD,32.3,9.0,16.7,2072.9,24.9,33.9,448,5241.3,142.0,35.2
Taizhou,13,RD,32.3,15.0,16.7,2072.9,24.9,33.9,448,5241.3,121.0,35.2
Taizhou,14,RD,32.3,13.0,16.7,2072.9,24.9,33.9,448,5241.3,139.0,35.2
Taizhou,15,RD,32.3,17.0,16.7,2072.9,24.9,33.9,448,5241.3,148.0,35.2
Taizhou,16,RD,32.3,7.0,16.7,2072.9,24.9,33.9,448,5241.3,151.0,35.2
Taizhou,17,RD,32.3,13.0,16.7,2072.9,24.9,33.9,448,5241.3,142.0,35.2
Taizhou,18,RD,32.3,12.0,16.7,2072.9,24.9,33.9,448,5241.3,148.0,35.2
Taizhou,19,RD,32.3,11.0,16.7,2072.9,24.9,33.9,448,5241.3,126.0,35.2
Taizhou,20,RD,32.3,11.0,16.7,2072.9,24.9,33.9,448,5241.3,145.0,35.2
Taizhou,1,GY,34.8,8.0,14.9,2019.4,10.9,52.8,361,4886.2,110.0,38.1
Taizhou,2,GY,34.8,4.0,14.9,2019.4,10.9,52.8,361,4886.2,135.0,38.1
Taizhou,3,GY,34.8,9.0,14.9,2019.4,10.9,52.8,361,4886.2,117.0,38.1
Taizhou,4,GY,34.8,11.0,14.9,2019.4,10.9,52.8,361,4886.2,133.0,38.1
Taizhou,5,GY,34.8,9.0,14.9,2019.4,10.9,52.8,361,4886.2,154.0,38.1
Taizhou,6,GY,34.8,9.0,14.9,2019.4,10.9,52.8,361,4886.2,113.0,38.1
Taizhou,7,GY,34.8,8.0,14.9,2019.4,10.9,52.8,361,4886.2,163.0,38.1
Taizhou,8,GY,34.8,9.0,14.9,2019.4,10.9,52.8,361,4886.2,139.0,38.1
Taizhou,9,GY,34.8,5.0,14.9,2019.4,10.9,52.8,361,4886.2,166.0,38.1
Taizhou,10,GY,34.8,7.0,14.9,2019.4,10.9,52.8,361,4886.2,132.0,38.1
Taizhou,11,GY,34.8,8.0,14.9,2019.4,10.9,52.8,361,4886.2,157.0,38.1
Taizhou,12,GY,34.8,5.0,14.9,2019.4,10.9,52.8,361,4886.2,117.0,38.1
Taizhou,13,GY,34.8,6.0,14.9,2019.4,10.9,52.8,361,4886.2,142.0,38.1
Taizhou,14,GY,34.8,10.0,14.9,2019.4,10.9,52.8,361,4886.2,160.0,38.1
Taizhou,15,GY,34.8,4.0,14.9,2019.4,10.9,52.8,361,4886.2,160.0,38.1
Taizhou,16,GY,34.8,8.0,14.9,2019.4,10.9,52.8,361,4886.2,157.0,38.1
Taizhou,17,GY,34.8,8.0,14.9,2019.4,10.9,52.8,361,4886.2,136.0,38.1
Taizhou,18,GY,34.8,6.0,14.9,2019.4,10.9,52.8,361,4886.2,139.0,38.1
Taizhou,19,GY,34.8,5.0,14.9,2019.4,10.9,52.8,361,4886.2,,38.1
Taizhou,20,GY,34.8,9.0,14.9,2019.4,10.9,52.8,361,4886.2,142.0,38.1
Taizhou,1,DY,37.6,,14.4,1407.9,11.8,22.3,54,4412.1,,40.3
Taizhou,2,DY,37.6,,14.4,1407.9,11.8,22.3,54,4412.1,,40.3
Taizhou,3,DY,37.6,,14.4,1407.9,11.8,22.3,54,4412.1,,40.3
Taizhou,4,DY,37.6,,14.4,1407.9,11.8,22.3,54,4412.1,,40.3
Taizhou,5,DY,37.6,,14.4,1407.9,11.8,22.3,54,4412.1,,40.3
Taizhou,6,DY,37.6,,14.4,1407.9,11.8,22.3,54,4412.1,,40.3
Taizhou,7,DY,37.6,12.0,14.4,1407.9,11.8,22.3,54,4412.1,124.0,40.3
Taizhou,8,DY,37.6,8.0,14.4,1407.9,11.8,22.3,54,4412.1,160.0,40.3
Taizhou,9,DY,37.6,,14.4,1407.9,11.8,22.3,54,4412.1,,40.3
Taizhou,10,DY,37.6,,14.4,1407.9,11.8,22.3,54,4412.1,,40.3
Taizhou,11,DY,37.6,6.0,14.4,1407.9,11.8,22.3,54,4412.1,157.0,40.3
Taizhou,12,DY,37.6,10.0,14.4,1407.9,11.8,22.3,54,4412.1,139.0,40.3
Taizhou,13,DY,37.6,10.0,14.4,1407.9,11.8,22.3,54,4412.1,139.0,40.3
Taizhou,14,DY,37.6,9.0,14.4,1407.9,11.8,22.3,54,4412.1,154.0,40.3
Taizhou,15,DY,37.6,12.0,14.4,1407.9,11.8,22.3,54,4412.1,139.0,40.3
Taizhou,16,DY,37.6,13.0,14.4,1407.9,11.8,22.3,54,4412.1,126.0,40.3
Taizhou,17,DY,37.6,6.0,14.4,1407.9,11.8,22.3,54,4412.1,163.0,40.3
Taizhou,18,DY,37.6,11.0,14.4,1407.9,11.8,22.3,54,4412.1,154.0,40.3
Taizhou,19,DY,37.6,15.0,14.4,1407.9,11.8,22.3,54,4412.1,157.0,40.3
Taizhou,20,DY,37.6,10.0,14.4,1407.9,11.8,22.3,54,4412.1,131.0,40.3
Zhanjiang,1,LZ,20.9,18.0,23.9,2975.3,30.2,33.2,179,8626.4,96.0,22.5
Zhanjiang,2,LZ,20.9,15.0,23.9,2975.3,30.2,33.2,179,8626.4,64.0,22.5
Zhanjiang,3,LZ,20.9,21.0,23.9,2975.3,30.2,33.2,179,8626.4,96.0,22.5
Zhanjiang,4,LZ,20.9,31.0,23.9,2975.3,30.2,33.2,179,8626.4,61.0,22.5
Zhanjiang,5,LZ,20.9,7.0,23.9,2975.3,30.2,33.2,179,8626.4,95.0,22.5
Zhanjiang,6,LZ,20.9,22.0,23.9,2975.3,30.2,33.2,179,8626.4,116.0,22.5
Zhanjiang,7,LZ,20.9,11.0,23.9,2975.3,30.2,33.2,179,8626.4,116.0,22.5
Zhanjiang,8,LZ,20.9,13.0,23.9,2975.3,30.2,33.2,179,8626.4,90.0,22.5
Zhanjiang,9,LZ,20.9,,23.9,2975.3,30.2,33.2,179,8626.4,,22.5
Zhanjiang,10,LZ,20.9,16.0,23.9,2975.3,30.2,33.2,179,8626.4,84.0,22.5
Zhanjiang,11,LZ,20.9,,23.9,2975.3,30.2,33.2,179,8626.4,,22.5
Zhanjiang,12,LZ,20.9,,23.9,2975.3,30.2,33.2,179,8626.4,,22.5
Zhanjiang,13,LZ,20.9,,23.9,2975.3,30.2,33.2,179,8626.4,,22.5
Zhanjiang,14,LZ,20.9,,23.9,2975.3,30.2,33.2,179,8626.4,,22.5
Zhanjiang,15,LZ,20.9,,23.9,2975.3,30.2,33.2,179,8626.4,,22.5
Zhanjiang,16,LZ,20.9,,23.9,2975.3,30.2,33.2,179,8626.4,,22.5
Zhanjiang,17,LZ,20.9,,23.9,2975.3,30.2,33.2,179,8626.4,,22.5
Zhanjiang,18,LZ,20.9,,23.9,2975.3,30.2,33.2,179,8626.4,,22.5
Zhanjiang,19,LZ,20.9,,23.9,2975.3,30.2,33.2,179,8626.4,,22.5
Zhanjiang,20,LZ,20.9,,23.9,2975.3,30.2,33.2,179,8626.4,,22.5
Zhanjiang,1,YX,23.8,16.0,21.8,2095.4,29.8,50.6,235,7819.0,34.0,23.3
Zhanjiang,2,YX,23.8,18.0,21.8,2095.4,29.8,50.6,235,7819.0,46.0,23.3
Zhanjiang,3,YX,23.8,19.0,21.8,2095.4,29.8,50.6,235,7819.0,,23.3
Zhanjiang,4,YX,23.8,14.0,21.8,2095.4,29.8,50.6,235,7819.0,60.0,23.3
Zhanjiang,5,YX,23.8,13.0,21.8,2095.4,29.8,50.6,235,7819.0,50.0,23.3
Zhanjiang,6,YX,23.8,14.0,21.8,2095.4,29.8,50.6,235,7819.0,96.0,23.3
Zhanjiang,7,YX,23.8,10.0,21.8,2095.4,29.8,50.6,235,7819.0,9.0,23.3
Zhanjiang,8,YX,23.8,12.0,21.8,2095.4,29.8,50.6,235,7819.0,158.0,23.3
Zhanjiang,9,YX,23.8,25.0,21.8,2095.4,29.8,50.6,235,7819.0,56.0,23.3
Zhanjiang,10,YX,23.8,19.0,21.8,2095.4,29.8,50.6,235,7819.0,96.0,23.3
Zhanjiang,11,YX,23.8,6.0,21.8,2095.4,29.8,50.6,235,7819.0,162.0,23.3
Zhanjiang,12,YX,23.8,15.0,21.8,2095.4,29.8,50.6,235,7819.0,140.0,23.3
Zhanjiang,13,YX,23.8,10.0,21.8,2095.4,29.8,50.6,235,7819.0,152.0,23.3
Zhanjiang,14,YX,23.8,22.0,21.8,2095.4,29.8,50.6,235,7819.0,162.0,23.3
Zhanjiang,15,YX,23.8,,21.8,2095.4,29.8,50.6,235,7819.0,,23.3
Zhanjiang,16,YX,23.8,15.0,21.8,2095.4,29.8,50.6,235,7819.0,143.0,23.3
Zhanjiang,17,YX,23.8,7.0,21.8,2095.4,29.8,50.6,235,7819.0,152.0,23.3
Zhanjiang,18,YX,23.8,16.0,21.8,2095.4,29.8,50.6,235,7819.0,143.0,23.3
Zhanjiang,19,YX,23.8,9.0,21.8,2095.4,29.8,50.6,235,7819.0,196.0,23.3
Zhanjiang,20,YX,23.8,13.0,21.8,2095.4,29.8,50.6,235,7819.0,143.0,23.3
Zhanjiang,1,LY,26.5,9.0,21.1,2648.8,30.4,51.0,476,7413.6,66.0,27.2
Zhanjiang,2,LY,26.5,12.0,21.1,2648.8,30.4,51.0,476,7413.6,50.0,27.2
Zhanjiang,3,LY,26.5,11.0,21.1,2648.8,30.4,51.0,476,7413.6,56.0,27.2
Zhanjiang,4,LY,26.5,32.0,21.1,2648.8,30.4,51.0,476,7413.6,50.0,27.2
Zhanjiang,5,LY,26.5,13.0,21.1,2648.8,30.4,51.0,476,7413.6,44.0,27.2
Zhanjiang,6,LY,26.5,16.0,21.1,2648.8,30.4,51.0,476,7413.6,62.0,27.2
Zhanjiang,7,LY,26.5,13.0,21.1,2648.8,30.4,51.0,476,7413.6,59.0,27.2
Zhanjiang,8,LY,26.5,7.0,21.1,2648.8,30.4,51.0,476,7413.6,196.0,27.2
Zhanjiang,9,LY,26.5,15.0,21.1,2648.8,30.4,51.0,476,7413.6,85.0,27.2
Zhanjiang,10,LY,26.5,27.0,21.1,2648.8,30.4,51.0,476,7413.6,155.0,27.2
Zhanjiang,11,LY,26.5,22.0,21.1,2648.8,30.4,51.0,476,7413.6,146.0,27.2
Zhanjiang,12,LY,26.5,21.0,21.1,2648.8,30.4,51.0,476,7413.6,134.0,27.2
Zhanjiang,13,LY,26.5,18.0,21.1,2648.8,30.4,51.0,476,7413.6,154.0,27.2
Zhanjiang,14,LY,26.5,12.0,21.1,2648.8,30.4,51.0,476,7413.6,134.0,27.2
Zhanjiang,15,LY,26.5,28.0,21.1,2648.8,30.4,51.0,476,7413.6,134.0,27.2
Zhanjiang,16,LY,26.5,14.0,21.1,2648.8,30.4,51.0,476,7413.6,162.0,27.2
Zhanjiang,17,LY,26.5,6.0,21.1,2648.8,30.4,51.0,476,7413.6,186.0,27.2
Zhanjiang,18,LY,26.5,,21.1,2648.8,30.4,51.0,476,7413.6,,27.2
Zhanjiang,19,LY,26.5,14.0,21.1,2648.8,30.4,51.0,476,7413.6,134.0,27.2
Zhanjiang,20,LY,26.5,16.0,21.1,2648.8,30.4,51.0,476,7413.6,101.0,27.2
Zhanjiang,1,YQ,28.1,10.0,19.4,2639.4,20.1,49.5,478,6649.5,56.0,28.2
Zhanjiang,2,YQ,28.1,17.0,19.4,2639.4,20.1,49.5,478,6649.5,38.0,28.2
Zhanjiang,3,YQ,28.1,15.0,19.4,2639.4,20.1,49.5,478,6649.5,58.0,28.2
Zhanjiang,4,YQ,28.1,16.0,19.4,2639.4,20.1,49.5,478,6649.5,34.0,28.2
Zhanjiang,5,YQ,28.1,15.0,19.4,2639.4,20.1,49.5,478,6649.5,98.0,28.2
Zhanjiang,6,YQ,28.1,33.0,19.4,2639.4,20.1,49.5,478,6649.5,48.0,28.2
Zhanjiang,7,YQ,28.1,8.0,19.4,2639.4,20.1,49.5,478,6649.5,24.0,28.2
Zhanjiang,8,YQ,28.1,17.0,19.4,2639.4,20.1,49.5,478,6649.5,158.0,28.2
Zhanjiang,9,YQ,28.1,14.0,19.4,2639.4,20.1,49.5,478,6649.5,72.0,28.2
Zhanjiang,10,YQ,28.1,9.0,19.4,2639.4,20.1,49.5,478,6649.5,58.0,28.2
Zhanjiang,11,YQ,28.1,2.0,19.4,2639.4,20.1,49.5,478,6649.5,,28.2
Zhanjiang,12,YQ,28.1,28.0,19.4,2639.4,20.1,49.5,478,6649.5,134.0,28.2
Zhanjiang,13,YQ,28.1,16.0,19.4,2639.4,20.1,49.5,478,6649.5,140.0,28.2
Zhanjiang,14,YQ,28.1,11.0,19.4,2639.4,20.1,49.5,478,6649.5,155.0,28.2
Zhanjiang,15,YQ,28.1,9.0,19.4,2639.4,20.1,49.5,478,6649.5,119.0,28.2
Zhanjiang,16,YQ,28.1,4.0,19.4,2639.4,20.1,49.5,478,6649.5,,28.2
Zhanjiang,17,YQ,28.1,11.0,19.4,2639.4,20.1,49.5,478,6649.5,158.0,28.2
Zhanjiang,18,YQ,28.1,,19.4,2639.4,20.1,49.5,478,6649.5,,28.2
Zhanjiang,19,YQ,28.1,8.0,19.4,2639.4,20.1,49.5,478,6649.5,137.0,28.2
Zhanjiang,20,YQ,28.1,9.0,19.4,2639.4,20.1,49.5,478,6649.5,155.0,28.2
Zhanjiang,1,FX,30.9,9.0,17.7,1794.8,18.57,76.05,253,5830.0,149.0,34.3
Zhanjiang,2,FX,30.9,9.0,17.7,1794.8,18.57,76.05,253,5830.0,95.0,34.3
Zhanjiang,3,FX,30.9,7.0,17.7,1794.8,18.57,76.05,253,5830.0,115.0,34.3
Zhanjiang,4,FX,30.9,8.0,17.7,1794.8,18.57,76.05,253,5830.0,97.0,34.3
Zhanjiang,5,FX,30.9,6.0,17.7,1794.8,18.57,76.05,253,5830.0,105.0,34.3
Zhanjiang,6,FX,30.9,9.0,17.7,1794.8,18.57,76.05,253,5830.0,110.0,34.3
Zhanjiang,7,FX,30.9,6.0,17.7,1794.8,18.57,76.05,253,5830.0,162.0,34.3
Zhanjiang,8,FX,30.9,20.0,17.7,1794.8,18.57,76.05,253,5830.0,86.0,34.3
Zhanjiang,9,FX,30.9,12.0,17.7,1794.8,18.57,76.05,253,5830.0,125.0,34.3
Zhanjiang,10,FX,30.9,10.0,17.7,1794.8,18.57,76.05,253,5830.0,96.0,34.3
Zhanjiang,11,FX,30.9,5.0,17.7,1794.8,18.57,76.05,253,5830.0,152.0,34.3
Zhanjiang,12,FX,30.9,9.0,17.7,1794.8,18.57,76.05,253,5830.0,146.0,34.3
Zhanjiang,13,FX,30.9,12.0,17.7,1794.8,18.57,76.05,253,5830.0,116.0,34.3
Zhanjiang,14,FX,30.9,9.0,17.7,1794.8,18.57,76.05,253,5830.0,143.0,34.3
Zhanjiang,15,FX,30.9,8.0,17.7,1794.8,18.57,76.05,253,5830.0,149.0,34.3
Zhanjiang,16,FX,30.9,9.0,17.7,1794.8,18.57,76.05,253,5830.0,146.0,34.3
Zhanjiang,17,FX,30.9,9.0,17.7,1794.8,18.57,76.05,253,5830.0,168.0,34.3
Zhanjiang,18,FX,30.9,,17.7,1794.8,18.57,76.05,253,5830.0,,34.3
Zhanjiang,19,FX,30.9,8.0,17.7,1794.8,18.57,76.05,253,5830.0,137.0,34.3
Zhanjiang,20,FX,30.9,7.0,17.7,1794.8,18.57,76.05,253,5830.0,143.0,34.3
Zhanjiang,1,RD,32.3,9.0,16.7,2072.9,24.9,33.9,448,5241.3,171.0,35.2
Zhanjiang,2,RD,32.3,20.0,16.7,2072.9,24.9,33.9,448,5241.3,56.0,35.2
Zhanjiang,3,RD,32.3,13.0,16.7,2072.9,24.9,33.9,448,5241.3,97.0,35.2
Zhanjiang,4,RD,32.3,24.0,16.7,2072.9,24.9,33.9,448,5241.3,61.0,35.2
Zhanjiang,5,RD,32.3,20.0,16.7,2072.9,24.9,33.9,448,5241.3,34.0,35.2
Zhanjiang,6,RD,32.3,18.0,16.7,2072.9,24.9,33.9,448,5241.3,76.0,35.2
Zhanjiang,7,RD,32.3,,16.7,2072.9,24.9,33.9,448,5241.3,84.0,35.2
Zhanjiang,8,RD,32.3,12.0,16.7,2072.9,24.9,33.9,448,5241.3,122.0,35.2
Zhanjiang,9,RD,32.3,17.0,16.7,2072.9,24.9,33.9,448,5241.3,66.0,35.2
Zhanjiang,10,RD,32.3,14.0,16.7,2072.9,24.9,33.9,448,5241.3,116.0,35.2
Zhanjiang,11,RD,32.3,21.0,16.7,2072.9,24.9,33.9,448,5241.3,152.0,35.2
Zhanjiang,12,RD,32.3,8.0,16.7,2072.9,24.9,33.9,448,5241.3,128.0,35.2
Zhanjiang,13,RD,32.3,9.0,16.7,2072.9,24.9,33.9,448,5241.3,155.0,35.2
Zhanjiang,14,RD,32.3,17.0,16.7,2072.9,24.9,33.9,448,5241.3,143.0,35.2
Zhanjiang,15,RD,32.3,8.0,16.7,2072.9,24.9,33.9,448,5241.3,140.0,35.2
Zhanjiang,16,RD,32.3,14.0,16.7,2072.9,24.9,33.9,448,5241.3,140.0,35.2
Zhanjiang,17,RD,32.3,26.0,16.7,2072.9,24.9,33.9,448,5241.3,149.0,35.2
Zhanjiang,18,RD,32.3,15.0,16.7,2072.9,24.9,33.9,448,5241.3,158.0,35.2
Zhanjiang,19,RD,32.3,12.0,16.7,2072.9,24.9,33.9,448,5241.3,143.0,35.2
Zhanjiang,20,RD,32.3,16.0,16.7,2072.9,24.9,33.9,448,5241.3,122.0,35.2
Zhanjiang,1,GY,34.8,11.0,14.9,2019.4,10.9,52.8,361,4886.2,95.0,38.1
Zhanjiang,2,GY,34.8,19.0,14.9,2019.4,10.9,52.8,361,4886.2,72.0,38.1
Zhanjiang,3,GY,34.8,9.0,14.9,2019.4,10.9,52.8,361,4886.2,84.0,38.1
Zhanjiang,4,GY,34.8,21.0,14.9,2019.4,10.9,52.8,361,4886.2,61.0,38.1
Zhanjiang,5,GY,34.8,7.0,14.9,2019.4,10.9,52.8,361,4886.2,97.0,38.1
Zhanjiang,6,GY,34.8,19.0,14.9,2019.4,10.9,52.8,361,4886.2,74.0,38.1
Zhanjiang,7,GY,34.8,11.0,14.9,2019.4,10.9,52.8,361,4886.2,80.0,38.1
Zhanjiang,8,GY,34.8,16.0,14.9,2019.4,10.9,52.8,361,4886.2,115.0,38.1
Zhanjiang,9,GY,34.8,13.0,14.9,2019.4,10.9,52.8,361,4886.2,90.0,38.1
Zhanjiang,10,GY,34.8,21.0,14.9,2019.4,10.9,52.8,361,4886.2,69.0,38.1
Zhanjiang,11,GY,34.8,12.0,14.9,2019.4,10.9,52.8,361,4886.2,146.0,38.1
Zhanjiang,12,GY,34.8,11.0,14.9,2019.4,10.9,52.8,361,4886.2,143.0,38.1
Zhanjiang,13,GY,34.8,8.0,14.9,2019.4,10.9,52.8,361,4886.2,165.0,38.1
Zhanjiang,14,GY,34.8,13.0,14.9,2019.4,10.9,52.8,361,4886.2,140.0,38.1
Zhanjiang,15,GY,34.8,11.0,14.9,2019.4,10.9,52.8,361,4886.2,146.0,38.1
Zhanjiang,16,GY,34.8,12.0,14.9,2019.4,10.9,52.8,361,4886.2,155.0,38.1
Zhanjiang,17,GY,34.8,16.0,14.9,2019.4,10.9,52.8,361,4886.2,140.0,38.1
Zhanjiang,18,GY,34.8,14.0,14.9,2019.4,10.9,52.8,361,4886.2,134.0,38.1
Zhanjiang,19,GY,34.8,15.0,14.9,2019.4,10.9,52.8,361,4886.2,146.0,38.1
Zhanjiang,20,GY,34.8,10.0,14.9,2019.4,10.9,52.8,361,4886.2,146.0,38.1
Zhanjiang,1,DY,37.6,,14.4,1407.9,11.8,22.3,54,4412.1,,40.3
Zhanjiang,2,DY,37.6,,14.4,1407.9,11.8,22.3,54,4412.1,,40.3
Zhanjiang,3,DY,37.6,,14.4,1407.9,11.8,22.3,54,4412.1,,40.3
Zhanjiang,4,DY,37.6,18.0,14.4,1407.9,11.8,22.3,54,4412.1,95.0,40.3
Zhanjiang,5,DY,37.6,,14.4,1407.9,11.8,22.3,54,4412.1,,40.3
Zhanjiang,6,DY,37.6,,14.4,1407.9,11.8,22.3,54,4412.1,,40.3
Zhanjiang,7,DY,37.6,,14.4,1407.9,11.8,22.3,54,4412.1,,40.3
Zhanjiang,8,DY,37.6,,14.4,1407.9,11.8,22.3,54,4412.1,,40.3
Zhanjiang,9,DY,37.6,,14.4,1407.9,11.8,22.3,54,4412.1,,40.3
Zhanjiang,10,DY,37.6,,14.4,1407.9,11.8,22.3,54,4412.1,,40.3
Zhanjiang,11,DY,37.6,21.0,14.4,1407.9,11.8,22.3,54,4412.1,143.0,40.3
Zhanjiang,12,DY,37.6,13.0,14.4,1407.9,11.8,22.3,54,4412.1,146.0,40.3
Zhanjiang,13,DY,37.6,28.0,14.4,1407.9,11.8,22.3,54,4412.1,134.0,40.3
Zhanjiang,14,DY,37.6,18.0,14.4,1407.9,11.8,22.3,54,4412.1,155.0,40.3
Zhanjiang,15,DY,37.6,1.0,14.4,1407.9,11.8,22.3,54,4412.1,,40.3
Zhanjiang,16,DY,37.6,15.0,14.4,1407.9,11.8,22.3,54,4412.1,140.0,40.3
Zhanjiang,17,DY,37.6,13.0,14.4,1407.9,11.8,22.3,54,4412.1,134.0,40.3
Zhanjiang,18,DY,37.6,24.0,14.4,1407.9,11.8,22.3,54,4412.1,131.0,40.3
Zhanjiang,19,DY,37.6,18.0,14.4,1407.9,11.8,22.3,54,4412.1,122.0,40.3
Zhanjiang,20,DY,37.6,17.0,14.4,1407.9,11.8,22.3,54,4412.1,140.0,40.3
