trait,scenario,garden,shared_origins,excluded_origins,origin_balanced_mean,latitude_slope,zhanjiang_minus_dongying
emergence,block_adjusted_additive,Dongying,8,,144.45992063492056,0.007534799938274528,-29.770870884593393
emergence,block_adjusted_additive,Taizhou,8,,135.16660339235221,0.5378542398063452,-29.770870884593393
emergence,block_adjusted_additive,Zhanjiang,8,,114.68904975032717,-0.04261836847818077,-29.770870884593393
emergence,recorded_blocks_1_to_10,Dongying,7,FX,143.88095238095238,0.003068221523410677,-62.19365079365078
emergence,recorded_blocks_1_to_10,Taizhou,7,FX,127.40317460317462,0.9244220242254833,-62.19365079365078
emergence,recorded_blocks_1_to_10,Zhanjiang,7,FX,81.68730158730159,0.7461215932914044,-62.19365079365078
ramets,block_adjusted_additive,Dongying,8,,9.412500000000001,0.051294682543727044,4.9880725354116064
ramets,block_adjusted_additive,Taizhou,8,,9.760784749233546,0.006675376894502125,4.9880725354116064
ramets,block_adjusted_additive,Zhanjiang,8,,14.400572535411605,-0.040861138382340685,4.9880725354116064
ramets,recorded_blocks_1_to_10,Dongying,7,FX,9.614285714285714,0.06331236897274632,6.534920634920634
ramets,recorded_blocks_1_to_10,Taizhou,7,FX,10.765079365079364,-0.025567056836710858,6.534920634920634
ramets,recorded_blocks_1_to_10,Zhanjiang,7,FX,16.14920634920635,0.015595882832518046,6.534920634920634
