trait,contrast,scheme,mean_difference,percentile_low,percentile_high,bootstrap_draws,leave_one_origin_out_min,leave_one_origin_out_max
ramets,Zhanjiang minus Dongying,origin,5.0475910419989365,3.601000631313132,6.3617646032695365,5000,4.59565960355434,5.61829953672059
ramets,Zhanjiang minus Dongying,origin_and_block,5.0475910419989365,2.6734064481055575,7.465321969696969,5000,4.59565960355434,5.61829953672059
ramets,Taizhou minus Dongying,origin,0.07882085020242902,-0.983358004385965,1.3275535593792163,5000,-0.4154135338345866,0.3115095430884904
ramets,Taizhou minus Dongying,origin_and_block,0.07882085020242902,-1.6750480769230767,1.8231503307064443,5000,-0.4154135338345866,0.3115095430884904
ramets,Zhanjiang minus Taizhou,origin,4.968770191796508,3.7238104028646797,6.167079435549829,5000,4.640165098059835,5.313932850774956
ramets,Zhanjiang minus Taizhou,origin_and_block,4.968770191796508,2.8466690470047666,7.240158042932082,5000,4.640165098059835,5.313932850774956
emergence,Zhanjiang minus Dongying,origin,-31.583890178878566,-40.707934027777775,-22.110622258771933,5000,-35.038731633004076,-28.55619195046439
emergence,Zhanjiang minus Dongying,origin_and_block,-31.583890178878566,-48.704463894110276,-15.436830433927968,5000,-35.038731633004076,-28.55619195046439
emergence,Taizhou minus Dongying,origin,-6.798734817813763,-10.019692982456135,-3.0420968286099885,5000,-8.319982648930013,-5.8100828995565825
emergence,Taizhou minus Dongying,origin_and_block,-6.798734817813763,-13.581360396730473,-0.7559115160698213,5000,-8.319982648930013,-5.8100828995565825
emergence,Zhanjiang minus Taizhou,origin,-24.785155361064803,-32.106660700464396,-18.22017543859649,5000,-26.71874898407406,-22.221955529850266
emergence,Zhanjiang minus Taizhou,origin_and_block,-24.785155361064803,-41.12753165076452,-9.451139821060007,5000,-26.71874898407406,-22.221955529850266
