Common_garden,Block,Provenance,Latitude,Peak number of ramet ,MAT,MAP,Soil salinity,Soil water content,Tidal range,AGDD,Ramet emergence day,TAR
Dongying,1,LZ,20.9,7,23.9,2975.3,30.2,33.2,179,8626.4,,22.5
Dongying,2,LZ,20.9,9,23.9,2975.3,30.2,33.2,179,8626.4,135,22.5
Dongying,3,LZ,20.9,6,23.9,2975.3,30.2,33.2,179,8626.4,165,22.5
Dongying,4,LZ,20.9,8,23.9,2975.3,30.2,33.2,179,8626.4,138,22.5
Dongying,5,LZ,20.9,6,23.9,2975.3,30.2,33.2,179,8626.4,140,22.5
Dongying,6,LZ,20.9,10,23.9,2975.3,30.2,33.2,179,8626.4,149,22.5
Dongying,7,LZ,20.9,10,23.9,2975.3,30.2,33.2,179,8626.4,146,22.5
Dongying,8,LZ,20.9,12,23.9,2975.3,30.2,33.2,179,8626.4,146,22.5
Dongying,9,LZ,20.9,11,23.9,2975.3,30.2,33.2,179,8626.4,128,22.5
Dongying,10,LZ,20.9,10,23.9,2975.3,30.2,33.2,179,8626.4,146,22.5
Dongying,1,YX,23.8,8,21.8,2095.4,29.8,50.6,235,7819,146,23.3
Dongying,2,YX,23.8,7,21.8,2095.4,29.8,50.6,235,7819,138,23.3
Dongying,3,YX,23.8,12,21.8,2095.4,29.8,50.6,235,7819,146,23.3
Dongying,4,YX,23.8,6,21.8,2095.4,29.8,50.6,235,7819,149,23.3
Dongying,5,YX,23.8,8,21.8,2095.4,29.8,50.6,235,7819,152,23.3
Dongying,6,YX,23.8,5,21.8,2095.4,29.8,50.6,235,7819,149,23.3
Dongying,7,YX,23.8,8,21.8,2095.4,29.8,50.6,235,7819,143,23.3
Dongying,8,YX,23.8,12,21.8,2095.4,29.8,50.6,235,7819,140,23.3
Dongying,9,YX,23.8,10,21.8,2095.4,29.8,50.6,235,7819,149,23.3
Dongying,10,YX,23.8,8,21.8,2095.4,29.8,50.6,235,7819,143,23.3
Dongying,1,LY,26.5,7,21.1,2648.8,30.4,51,476,7413.6,138,27.2
Dongying,2,LY,26.5,10,21.1,2648.8,30.4,51,476,7413.6,149,27.2
Dongying,3,LY,26.5,12,21.1,2648.8,30.4,51,476,7413.6,143,27.2
Dongying,4,LY,26.5,11,21.1,2648.8,30.4,51,476,7413.6,140,27.2
Dongying,5,LY,26.5,11,21.1,2648.8,30.4,51,476,7413.6,135,27.2
Dongying,6,LY,26.5,11,21.1,2648.8,30.4,51,476,7413.6,140,27.2
Dongying,7,LY,26.5,11,21.1,2648.8,30.4,51,476,7413.6,135,27.2
Dongying,8,LY,26.5,11,21.1,2648.8,30.4,51,476,7413.6,146,27.2
Dongying,9,LY,26.5,18,21.1,2648.8,30.4,51,476,7413.6,135,27.2
Dongying,10,LY,26.5,11,21.1,2648.8,30.4,51,476,7413.6,146,27.2
Dongying,1,YQ,28.1,13,19.4,2639.4,20.1,49.5,478,6649.5,149,28.2
Dongying,2,YQ,28.1,8,19.4,2639.4,20.1,49.5,478,6649.5,143,28.2
Dongying,3,YQ,28.1,13,19.4,2639.4,20.1,49.5,478,6649.5,146,28.2
Dongying,4,YQ,28.1,5,19.4,2639.4,20.1,49.5,478,6649.5,146,28.2
Dongying,5,YQ,28.1,8,19.4,2639.4,20.1,49.5,478,6649.5,149,28.2
Dongying,6,YQ,28.1,13,19.4,2639.4,20.1,49.5,478,6649.5,140,28.2
Dongying,7,YQ,28.1,10,19.4,2639.4,20.1,49.5,478,6649.5,146,28.2
Dongying,8,YQ,28.1,11,19.4,2639.4,20.1,49.5,478,6649.5,146,28.2
Dongying,9,YQ,28.1,9,19.4,2639.4,20.1,49.5,478,6649.5,140,28.2
Dongying,10,YQ,28.1,10,19.4,2639.4,20.1,49.5,478,6649.5,143,28.2
Dongying,1,FX,30.9,5,17.7,1794.8,18.57,76.05,253,5830,161,34.3
Dongying,2,FX,30.9,6,17.7,1794.8,18.57,76.05,253,5830,158,34.3
Dongying,3,FX,30.9,6,17.7,1794.8,18.57,76.05,253,5830,143,34.3
Dongying,4,FX,30.9,7,17.7,1794.8,18.57,76.05,253,5830,146,34.3
Dongying,5,FX,30.9,6,17.7,1794.8,18.57,76.05,253,5830,146,34.3
Dongying,6,FX,30.9,10,17.7,1794.8,18.57,76.05,253,5830,146,34.3
Dongying,7,FX,30.9,9,17.7,1794.8,18.57,76.05,253,5830,143,34.3
Dongying,8,FX,30.9,6,17.7,1794.8,18.57,76.05,253,5830,152,34.3
Dongying,9,FX,30.9,14,17.7,1794.8,18.57,76.05,253,5830,138,34.3
Dongying,10,FX,30.9,11,17.7,1794.8,18.57,76.05,253,5830,146,34.3
Dongying,1,RD,32.3,8,16.7,2072.9,24.9,33.9,448,5241.3,149,35.2
Dongying,2,RD,32.3,5,16.7,2072.9,24.9,33.9,448,5241.3,143,35.2
Dongying,3,RD,32.3,6,16.7,2072.9,24.9,33.9,448,5241.3,138,35.2
Dongying,4,RD,32.3,9,16.7,2072.9,24.9,33.9,448,5241.3,135,35.2
Dongying,5,RD,32.3,15,16.7,2072.9,24.9,33.9,448,5241.3,135,35.2
Dongying,6,RD,32.3,10,16.7,2072.9,24.9,33.9,448,5241.3,146,35.2
Dongying,7,RD,32.3,8,16.7,2072.9,24.9,33.9,448,5241.3,146,35.2
Dongying,8,RD,32.3,11,16.7,2072.9,24.9,33.9,448,5241.3,149,35.2
Dongying,9,RD,32.3,8,16.7,2072.9,24.9,33.9,448,5241.3,143,35.2
Dongying,10,RD,32.3,10,16.7,2072.9,24.9,33.9,448,5241.3,146,35.2
Dongying,1,GY,34.8,9,14.9,2019.4,10.9,52.8,361,4886.2,161,38.1
Dongying,2,GY,34.8,6,14.9,2019.4,10.9,52.8,361,4886.2,149,38.1
Dongying,3,GY,34.8,8,14.9,2019.4,10.9,52.8,361,4886.2,146,38.1
Dongying,4,GY,34.8,5,14.9,2019.4,10.9,52.8,361,4886.2,149,38.1
Dongying,5,GY,34.8,8,14.9,2019.4,10.9,52.8,361,4886.2,149,38.1
Dongying,6,GY,34.8,7,14.9,2019.4,10.9,52.8,361,4886.2,146,38.1
Dongying,7,GY,34.8,7,14.9,2019.4,10.9,52.8,361,4886.2,149,38.1
Dongying,8,GY,34.8,17,14.9,2019.4,10.9,52.8,361,4886.2,146,38.1
Dongying,9,GY,34.8,7,14.9,2019.4,10.9,52.8,361,4886.2,143,38.1
Dongying,10,GY,34.8,7,14.9,2019.4,10.9,52.8,361,4886.2,143,38.1
Dongying,1,DY,37.6,6,14.4,1407.9,11.8,22.3,54,4412.1,146,40.3
Dongying,2,DY,37.6,11,14.4,1407.9,11.8,22.3,54,4412.1,143,40.3
Dongying,3,DY,37.6,11,14.4,1407.9,11.8,22.3,54,4412.1,146,40.3
Dongying,4,DY,37.6,9,14.4,1407.9,11.8,22.3,54,4412.1,143,40.3
Dongying,5,DY,37.6,11,14.4,1407.9,11.8,22.3,54,4412.1,143,40.3
Dongying,6,DY,37.6,11,14.4,1407.9,11.8,22.3,54,4412.1,149,40.3
Dongying,7,DY,37.6,9,14.4,1407.9,11.8,22.3,54,4412.1,146,40.3
Dongying,8,DY,37.6,11,14.4,1407.9,11.8,22.3,54,4412.1,135,40.3
Dongying,9,DY,37.6,23,14.4,1407.9,11.8,22.3,54,4412.1,128,40.3
Dongying,10,DY,37.6,14,14.4,1407.9,11.8,22.3,54,4412.1,135,40.3
Taizhou,1,LZ,20.9,8,23.9,2975.3,30.2,33.2,179,8626.4,117,22.5
Taizhou,2,LZ,20.9,7,23.9,2975.3,30.2,33.2,179,8626.4,95,22.5
Taizhou,3,LZ,20.9,12,23.9,2975.3,30.2,33.2,179,8626.4,102,22.5
Taizhou,4,LZ,20.9,12,23.9,2975.3,30.2,33.2,179,8626.4,123,22.5
Taizhou,5,LZ,20.9,8,23.9,2975.3,30.2,33.2,179,8626.4,148,22.5
Taizhou,6,LZ,20.9,9,23.9,2975.3,30.2,33.2,179,8626.4,112,22.5
Taizhou,7,LZ,20.9,6,23.9,2975.3,30.2,33.2,179,8626.4,163,22.5
Taizhou,8,LZ,20.9,7,23.9,2975.3,30.2,33.2,179,8626.4,133,22.5
Taizhou,9,LZ,20.9,14,23.9,2975.3,30.2,33.2,179,8626.4,139,22.5
Taizhou,10,LZ,20.9,,23.9,2975.3,30.2,33.2,179,8626.4,,22.5
Taizhou,11,LZ,20.9,9,23.9,2975.3,30.2,33.2,179,8626.4,157,22.5
Taizhou,12,LZ,20.9,10,23.9,2975.3,30.2,33.2,179,8626.4,116,22.5
Taizhou,13,LZ,20.9,11,23.9,2975.3,30.2,33.2,179,8626.4,151,22.5
Taizhou,14,LZ,20.9,10,23.9,2975.3,30.2,33.2,179,8626.4,139,22.5
Taizhou,15,LZ,20.9,15,23.9,2975.3,30.2,33.2,179,8626.4,119,22.5
Taizhou,16,LZ,20.9,8,23.9,2975.3,30.2,33.2,179,8626.4,148,22.5
Taizhou,17,LZ,20.9,6,23.9,2975.3,30.2,33.2,179,8626.4,128,22.5
Taizhou,18,LZ,20.9,10,23.9,2975.3,30.2,33.2,179,8626.4,139,22.5
Taizhou,19,LZ,20.9,15,23.9,2975.3,30.2,33.2,179,8626.4,122,22.5
Taizhou,20,LZ,20.9,10,23.9,2975.3,30.2,33.2,179,8626.4,118,22.5
Taizhou,1,YX,23.8,18,21.8,2095.4,29.8,50.6,235,7819,99,23.3
Taizhou,2,YX,23.8,10,21.8,2095.4,29.8,50.6,235,7819,110,23.3
Taizhou,3,YX,23.8,13,21.8,2095.4,29.8,50.6,235,7819,123,23.3
Taizhou,4,YX,23.8,,21.8,2095.4,29.8,50.6,235,7819,,23.3
Taizhou,5,YX,23.8,9,21.8,2095.4,29.8,50.6,235,7819,148,23.3
Taizhou,6,YX,23.8,,21.8,2095.4,29.8,50.6,235,7819,,23.3
Taizhou,7,YX,23.8,10,21.8,2095.4,29.8,50.6,235,7819,122,23.3
Taizhou,8,YX,23.8,,21.8,2095.4,29.8,50.6,235,7819,,23.3
Taizhou,9,YX,23.8,,21.8,2095.4,29.8,50.6,235,7819,,23.3
Taizhou,10,YX,23.8,,21.8,2095.4,29.8,50.6,235,7819,,23.3
Taizhou,11,YX,23.8,10,21.8,2095.4,29.8,50.6,235,7819,160,23.3
Taizhou,12,YX,23.8,8,21.8,2095.4,29.8,50.6,235,7819,139,23.3
Taizhou,13,YX,23.8,9,21.8,2095.4,29.8,50.6,235,7819,142,23.3
Taizhou,14,YX,23.8,12,21.8,2095.4,29.8,50.6,235,7819,142,23.3
Taizhou,15,YX,23.8,11,21.8,2095.4,29.8,50.6,235,7819,131,23.3
Taizhou,16,YX,23.8,4,21.8,2095.4,29.8,50.6,235,7819,169,23.3
Taizhou,17,YX,23.8,6,21.8,2095.4,29.8,50.6,235,7819,142,23.3
Taizhou,18,YX,23.8,10,21.8,2095.4,29.8,50.6,235,7819,139,23.3
Taizhou,19,YX,23.8,4,21.8,2095.4,29.8,50.6,235,7819,120,23.3
Taizhou,20,YX,23.8,9,21.8,2095.4,29.8,50.6,235,7819,131,23.3
Taizhou,1,LY,26.5,12,21.1,2648.8,30.4,51,476,7413.6,124,27.2
Taizhou,2,LY,26.5,12,21.1,2648.8,30.4,51,476,7413.6,107,27.2
Taizhou,3,LY,26.5,11,21.1,2648.8,30.4,51,476,7413.6,117,27.2
Taizhou,4,LY,26.5,13,21.1,2648.8,30.4,51,476,7413.6,135,27.2
Taizhou,5,LY,26.5,14,21.1,2648.8,30.4,51,476,7413.6,108,27.2
Taizhou,6,LY,26.5,12,21.1,2648.8,30.4,51,476,7413.6,111,27.2
Taizhou,7,LY,26.5,7,21.1,2648.8,30.4,51,476,7413.6,133,27.2
Taizhou,8,LY,26.5,7,21.1,2648.8,30.4,51,476,7413.6,120,27.2
Taizhou,9,LY,26.5,10,21.1,2648.8,30.4,51,476,7413.6,133,27.2
Taizhou,10,LY,26.5,9,21.1,2648.8,30.4,51,476,7413.6,132,27.2
Taizhou,11,LY,26.5,11,21.1,2648.8,30.4,51,476,7413.6,139,27.2
Taizhou,12,LY,26.5,8,21.1,2648.8,30.4,51,476,7413.6,131,27.2
Taizhou,13,LY,26.5,12,21.1,2648.8,30.4,51,476,7413.6,126,27.2
Taizhou,14,LY,26.5,9,21.1,2648.8,30.4,51,476,7413.6,160,27.2
Taizhou,15,LY,26.5,8,21.1,2648.8,30.4,51,476,7413.6,148,27.2
Taizhou,16,LY,26.5,8,21.1,2648.8,30.4,51,476,7413.6,148,27.2
Taizhou,17,LY,26.5,5,21.1,2648.8,30.4,51,476,7413.6,139,27.2
Taizhou,18,LY,26.5,10,21.1,2648.8,30.4,51,476,7413.6,131,27.2
Taizhou,19,LY,26.5,9,21.1,2648.8,30.4,51,476,7413.6,139,27.2
Taizhou,20,LY,26.5,8,21.1,2648.8,30.4,51,476,7413.6,142,27.2
Taizhou,1,YQ,28.1,9,19.4,2639.4,20.1,49.5,478,6649.5,124,28.2
Taizhou,2,YQ,28.1,10,19.4,2639.4,20.1,49.5,478,6649.5,139,28.2
Taizhou,3,YQ,28.1,10,19.4,2639.4,20.1,49.5,478,6649.5,117,28.2
Taizhou,4,YQ,28.1,9,19.4,2639.4,20.1,49.5,478,6649.5,,28.2
Taizhou,5,YQ,28.1,14,19.4,2639.4,20.1,49.5,478,6649.5,133,28.2
Taizhou,6,YQ,28.1,13,19.4,2639.4,20.1,49.5,478,6649.5,114,28.2
Taizhou,7,YQ,28.1,11,19.4,2639.4,20.1,49.5,478,6649.5,151,28.2
Taizhou,8,YQ,28.1,9,19.4,2639.4,20.1,49.5,478,6649.5,133,28.2
Taizhou,9,YQ,28.1,16,19.4,2639.4,20.1,49.5,478,6649.5,133,28.2
Taizhou,10,YQ,28.1,11,19.4,2639.4,20.1,49.5,478,6649.5,118,28.2
Taizhou,11,YQ,28.1,10,19.4,2639.4,20.1,49.5,478,6649.5,136,28.2
Taizhou,12,YQ,28.1,7,19.4,2639.4,20.1,49.5,478,6649.5,148,28.2
Taizhou,13,YQ,28.1,12,19.4,2639.4,20.1,49.5,478,6649.5,131,28.2
Taizhou,14,YQ,28.1,9,19.4,2639.4,20.1,49.5,478,6649.5,148,28.2
Taizhou,15,YQ,28.1,7,19.4,2639.4,20.1,49.5,478,6649.5,142,28.2
Taizhou,16,YQ,28.1,10,19.4,2639.4,20.1,49.5,478,6649.5,163,28.2
Taizhou,17,YQ,28.1,7,19.4,2639.4,20.1,49.5,478,6649.5,148,28.2
Taizhou,18,YQ,28.1,11,19.4,2639.4,20.1,49.5,478,6649.5,161,28.2
Taizhou,19,YQ,28.1,12,19.4,2639.4,20.1,49.5,478,6649.5,148,28.2
Taizhou,20,YQ,28.1,7,19.4,2639.4,20.1,49.5,478,6649.5,160,28.2
Taizhou,1,FX,30.9,,17.7,1794.8,18.57,76.05,253,5830,,34.3
Taizhou,2,FX,30.9,,17.7,1794.8,18.57,76.05,253,5830,,34.3
Taizhou,3,FX,30.9,,17.7,1794.8,18.57,76.05,253,5830,,34.3
Taizhou,4,FX,30.9,,17.7,1794.8,18.57,76.05,253,5830,,34.3
Taizhou,5,FX,30.9,,17.7,1794.8,18.57,76.05,253,5830,,34.3
Taizhou,6,FX,30.9,,17.7,1794.8,18.57,76.05,253,5830,,34.3
Taizhou,7,FX,30.9,,17.7,1794.8,18.57,76.05,253,5830,,34.3
Taizhou,8,FX,30.9,,17.7,1794.8,18.57,76.05,253,5830,,34.3
Taizhou,9,FX,30.9,,17.7,1794.8,18.57,76.05,253,5830,,34.3
Taizhou,10,FX,30.9,,17.7,1794.8,18.57,76.05,253,5830,,34.3
Taizhou,11,FX,30.9,9,17.7,1794.8,18.57,76.05,253,5830,126,34.3
Taizhou,12,FX,30.9,7,17.7,1794.8,18.57,76.05,253,5830,148,34.3
Taizhou,13,FX,30.9,5,17.7,1794.8,18.57,76.05,253,5830,128,34.3
Taizhou,14,FX,30.9,12,17.7,1794.8,18.57,76.05,253,5830,118,34.3
Taizhou,15,FX,30.9,4,17.7,1794.8,18.57,76.05,253,5830,166,34.3
Taizhou,16,FX,30.9,7,17.7,1794.8,18.57,76.05,253,5830,160,34.3
Taizhou,17,FX,30.9,6,17.7,1794.8,18.57,76.05,253,5830,145,34.3
Taizhou,18,FX,30.9,3,17.7,1794.8,18.57,76.05,253,5830,157,34.3
Taizhou,19,FX,30.9,5,17.7,1794.8,18.57,76.05,253,5830,148,34.3
Taizhou,20,FX,30.9,7,17.7,1794.8,18.57,76.05,253,5830,157,34.3
Taizhou,1,RD,32.3,16,16.7,2072.9,24.9,33.9,448,5241.3,109,35.2
Taizhou,2,RD,32.3,,16.7,2072.9,24.9,33.9,448,5241.3,,35.2
Taizhou,3,RD,32.3,17,16.7,2072.9,24.9,33.9,448,5241.3,98,35.2
Taizhou,4,RD,32.3,,16.7,2072.9,24.9,33.9,448,5241.3,,35.2
Taizhou,5,RD,32.3,,16.7,2072.9,24.9,33.9,448,5241.3,,35.2
Taizhou,6,RD,32.3,,16.7,2072.9,24.9,33.9,448,5241.3,,35.2
Taizhou,7,RD,32.3,,16.7,2072.9,24.9,33.9,448,5241.3,,35.2
Taizhou,8,RD,32.3,10,16.7,2072.9,24.9,33.9,448,5241.3,142,35.2
Taizhou,9,RD,32.3,,16.7,2072.9,24.9,33.9,448,5241.3,,35.2
Taizhou,10,RD,32.3,,16.7,2072.9,24.9,33.9,448,5241.3,,35.2
Taizhou,11,RD,32.3,12,16.7,2072.9,24.9,33.9,448,5241.3,139,35.2
Taizhou,12,RD,32.3,9,16.7,2072.9,24.9,33.9,448,5241.3,142,35.2
Taizhou,13,RD,32.3,15,16.7,2072.9,24.9,33.9,448,5241.3,121,35.2
Taizhou,14,RD,32.3,13,16.7,2072.9,24.9,33.9,448,5241.3,139,35.2
Taizhou,15,RD,32.3,17,16.7,2072.9,24.9,33.9,448,5241.3,148,35.2
Taizhou,16,RD,32.3,7,16.7,2072.9,24.9,33.9,448,5241.3,151,35.2
Taizhou,17,RD,32.3,13,16.7,2072.9,24.9,33.9,448,5241.3,142,35.2
Taizhou,18,RD,32.3,12,16.7,2072.9,24.9,33.9,448,5241.3,148,35.2
Taizhou,19,RD,32.3,11,16.7,2072.9,24.9,33.9,448,5241.3,126,35.2
Taizhou,20,RD,32.3,11,16.7,2072.9,24.9,33.9,448,5241.3,145,35.2
Taizhou,1,GY,34.8,8,14.9,2019.4,10.9,52.8,361,4886.2,110,38.1
Taizhou,2,GY,34.8,4,14.9,2019.4,10.9,52.8,361,4886.2,135,38.1
Taizhou,3,GY,34.8,9,14.9,2019.4,10.9,52.8,361,4886.2,117,38.1
Taizhou,4,GY,34.8,11,14.9,2019.4,10.9,52.8,361,4886.2,133,38.1
Taizhou,5,GY,34.8,9,14.9,2019.4,10.9,52.8,361,4886.2,154,38.1
Taizhou,6,GY,34.8,9,14.9,2019.4,10.9,52.8,361,4886.2,113,38.1
Taizhou,7,GY,34.8,8,14.9,2019.4,10.9,52.8,361,4886.2,163,38.1
Taizhou,8,GY,34.8,9,14.9,2019.4,10.9,52.8,361,4886.2,139,38.1
Taizhou,9,GY,34.8,5,14.9,2019.4,10.9,52.8,361,4886.2,166,38.1
Taizhou,10,GY,34.8,7,14.9,2019.4,10.9,52.8,361,4886.2,132,38.1
Taizhou,11,GY,34.8,8,14.9,2019.4,10.9,52.8,361,4886.2,157,38.1
Taizhou,12,GY,34.8,5,14.9,2019.4,10.9,52.8,361,4886.2,117,38.1
Taizhou,13,GY,34.8,6,14.9,2019.4,10.9,52.8,361,4886.2,142,38.1
Taizhou,14,GY,34.8,10,14.9,2019.4,10.9,52.8,361,4886.2,160,38.1
Taizhou,15,GY,34.8,4,14.9,2019.4,10.9,52.8,361,4886.2,160,38.1
Taizhou,16,GY,34.8,8,14.9,2019.4,10.9,52.8,361,4886.2,157,38.1
Taizhou,17,GY,34.8,8,14.9,2019.4,10.9,52.8,361,4886.2,136,38.1
Taizhou,18,GY,34.8,6,14.9,2019.4,10.9,52.8,361,4886.2,139,38.1
Taizhou,19,GY,34.8,5,14.9,2019.4,10.9,52.8,361,4886.2,,38.1
Taizhou,20,GY,34.8,9,14.9,2019.4,10.9,52.8,361,4886.2,142,38.1
Taizhou,1,DY,37.6,,14.4,1407.9,11.8,22.3,54,4412.1,,40.3
Taizhou,2,DY,37.6,,14.4,1407.9,11.8,22.3,54,4412.1,,40.3
Taizhou,3,DY,37.6,,14.4,1407.9,11.8,22.3,54,4412.1,,40.3
Taizhou,4,DY,37.6,,14.4,1407.9,11.8,22.3,54,4412.1,,40.3
Taizhou,5,DY,37.6,,14.4,1407.9,11.8,22.3,54,4412.1,,40.3
Taizhou,6,DY,37.6,,14.4,1407.9,11.8,22.3,54,4412.1,,40.3
Taizhou,7,DY,37.6,12,14.4,1407.9,11.8,22.3,54,4412.1,124,40.3
Taizhou,8,DY,37.6,8,14.4,1407.9,11.8,22.3,54,4412.1,160,40.3
Taizhou,9,DY,37.6,,14.4,1407.9,11.8,22.3,54,4412.1,,40.3
Taizhou,10,DY,37.6,,14.4,1407.9,11.8,22.3,54,4412.1,,40.3
Taizhou,11,DY,37.6,6,14.4,1407.9,11.8,22.3,54,4412.1,157,40.3
Taizhou,12,DY,37.6,10,14.4,1407.9,11.8,22.3,54,4412.1,139,40.3
Taizhou,13,DY,37.6,10,14.4,1407.9,11.8,22.3,54,4412.1,139,40.3
Taizhou,14,DY,37.6,9,14.4,1407.9,11.8,22.3,54,4412.1,154,40.3
Taizhou,15,DY,37.6,12,14.4,1407.9,11.8,22.3,54,4412.1,139,40.3
Taizhou,16,DY,37.6,13,14.4,1407.9,11.8,22.3,54,4412.1,126,40.3
Taizhou,17,DY,37.6,6,14.4,1407.9,11.8,22.3,54,4412.1,163,40.3
Taizhou,18,DY,37.6,11,14.4,1407.9,11.8,22.3,54,4412.1,154,40.3
Taizhou,19,DY,37.6,15,14.4,1407.9,11.8,22.3,54,4412.1,157,40.3
Taizhou,20,DY,37.6,10,14.4,1407.9,11.8,22.3,54,4412.1,131,40.3
Zhanjiang,1,LZ,20.9,18,23.9,2975.3,30.2,33.2,179,8626.4,96,22.5
Zhanjiang,2,LZ,20.9,15,23.9,2975.3,30.2,33.2,179,8626.4,64,22.5
Zhanjiang,3,LZ,20.9,21,23.9,2975.3,30.2,33.2,179,8626.4,96,22.5
Zhanjiang,4,LZ,20.9,31,23.9,2975.3,30.2,33.2,179,8626.4,61,22.5
Zhanjiang,5,LZ,20.9,7,23.9,2975.3,30.2,33.2,179,8626.4,95,22.5
Zhanjiang,6,LZ,20.9,22,23.9,2975.3,30.2,33.2,179,8626.4,116,22.5
Zhanjiang,7,LZ,20.9,11,23.9,2975.3,30.2,33.2,179,8626.4,116,22.5
Zhanjiang,8,LZ,20.9,13,23.9,2975.3,30.2,33.2,179,8626.4,90,22.5
Zhanjiang,9,LZ,20.9,,23.9,2975.3,30.2,33.2,179,8626.4,,22.5
Zhanjiang,10,LZ,20.9,16,23.9,2975.3,30.2,33.2,179,8626.4,84,22.5
Zhanjiang,11,LZ,20.9,,23.9,2975.3,30.2,33.2,179,8626.4,,22.5
Zhanjiang,12,LZ,20.9,,23.9,2975.3,30.2,33.2,179,8626.4,,22.5
Zhanjiang,13,LZ,20.9,,23.9,2975.3,30.2,33.2,179,8626.4,,22.5
Zhanjiang,14,LZ,20.9,,23.9,2975.3,30.2,33.2,179,8626.4,,22.5
Zhanjiang,15,LZ,20.9,,23.9,2975.3,30.2,33.2,179,8626.4,,22.5
Zhanjiang,16,LZ,20.9,,23.9,2975.3,30.2,33.2,179,8626.4,,22.5
Zhanjiang,17,LZ,20.9,,23.9,2975.3,30.2,33.2,179,8626.4,,22.5
Zhanjiang,18,LZ,20.9,,23.9,2975.3,30.2,33.2,179,8626.4,,22.5
Zhanjiang,19,LZ,20.9,,23.9,2975.3,30.2,33.2,179,8626.4,,22.5
Zhanjiang,20,LZ,20.9,,23.9,2975.3,30.2,33.2,179,8626.4,,22.5
Zhanjiang,1,YX,23.8,16,21.8,2095.4,29.8,50.6,235,7819,34,23.3
Zhanjiang,2,YX,23.8,18,21.8,2095.4,29.8,50.6,235,7819,46,23.3
Zhanjiang,3,YX,23.8,19,21.8,2095.4,29.8,50.6,235,7819,,23.3
Zhanjiang,4,YX,23.8,14,21.8,2095.4,29.8,50.6,235,7819,60,23.3
Zhanjiang,5,YX,23.8,13,21.8,2095.4,29.8,50.6,235,7819,50,23.3
Zhanjiang,6,YX,23.8,14,21.8,2095.4,29.8,50.6,235,7819,96,23.3
Zhanjiang,7,YX,23.8,10,21.8,2095.4,29.8,50.6,235,7819,9,23.3
Zhanjiang,8,YX,23.8,12,21.8,2095.4,29.8,50.6,235,7819,158,23.3
Zhanjiang,9,YX,23.8,25,21.8,2095.4,29.8,50.6,235,7819,56,23.3
Zhanjiang,10,YX,23.8,19,21.8,2095.4,29.8,50.6,235,7819,96,23.3
Zhanjiang,11,YX,23.8,6,21.8,2095.4,29.8,50.6,235,7819,162,23.3
Zhanjiang,12,YX,23.8,15,21.8,2095.4,29.8,50.6,235,7819,140,23.3
Zhanjiang,13,YX,23.8,10,21.8,2095.4,29.8,50.6,235,7819,152,23.3
Zhanjiang,14,YX,23.8,22,21.8,2095.4,29.8,50.6,235,7819,162,23.3
Zhanjiang,15,YX,23.8,,21.8,2095.4,29.8,50.6,235,7819,,23.3
Zhanjiang,16,YX,23.8,15,21.8,2095.4,29.8,50.6,235,7819,143,23.3
Zhanjiang,17,YX,23.8,7,21.8,2095.4,29.8,50.6,235,7819,152,23.3
Zhanjiang,18,YX,23.8,16,21.8,2095.4,29.8,50.6,235,7819,143,23.3
Zhanjiang,19,YX,23.8,9,21.8,2095.4,29.8,50.6,235,7819,196,23.3
Zhanjiang,20,YX,23.8,13,21.8,2095.4,29.8,50.6,235,7819,143,23.3
Zhanjiang,1,LY,26.5,9,21.1,2648.8,30.4,51,476,7413.6,66,27.2
Zhanjiang,2,LY,26.5,12,21.1,2648.8,30.4,51,476,7413.6,50,27.2
Zhanjiang,3,LY,26.5,11,21.1,2648.8,30.4,51,476,7413.6,56,27.2
Zhanjiang,4,LY,26.5,32,21.1,2648.8,30.4,51,476,7413.6,50,27.2
Zhanjiang,5,LY,26.5,13,21.1,2648.8,30.4,51,476,7413.6,44,27.2
Zhanjiang,6,LY,26.5,16,21.1,2648.8,30.4,51,476,7413.6,62,27.2
Zhanjiang,7,LY,26.5,13,21.1,2648.8,30.4,51,476,7413.6,59,27.2
Zhanjiang,8,LY,26.5,7,21.1,2648.8,30.4,51,476,7413.6,196,27.2
Zhanjiang,9,LY,26.5,15,21.1,2648.8,30.4,51,476,7413.6,85,27.2
Zhanjiang,10,LY,26.5,27,21.1,2648.8,30.4,51,476,7413.6,155,27.2
Zhanjiang,11,LY,26.5,22,21.1,2648.8,30.4,51,476,7413.6,146,27.2
Zhanjiang,12,LY,26.5,21,21.1,2648.8,30.4,51,476,7413.6,134,27.2
Zhanjiang,13,LY,26.5,18,21.1,2648.8,30.4,51,476,7413.6,154,27.2
Zhanjiang,14,LY,26.5,12,21.1,2648.8,30.4,51,476,7413.6,134,27.2
Zhanjiang,15,LY,26.5,28,21.1,2648.8,30.4,51,476,7413.6,134,27.2
Zhanjiang,16,LY,26.5,14,21.1,2648.8,30.4,51,476,7413.6,162,27.2
Zhanjiang,17,LY,26.5,6,21.1,2648.8,30.4,51,476,7413.6,186,27.2
Zhanjiang,18,LY,26.5,,21.1,2648.8,30.4,51,476,7413.6,,27.2
Zhanjiang,19,LY,26.5,14,21.1,2648.8,30.4,51,476,7413.6,134,27.2
Zhanjiang,20,LY,26.5,16,21.1,2648.8,30.4,51,476,7413.6,101,27.2
Zhanjiang,1,YQ,28.1,10,19.4,2639.4,20.1,49.5,478,6649.5,56,28.2
Zhanjiang,2,YQ,28.1,17,19.4,2639.4,20.1,49.5,478,6649.5,38,28.2
Zhanjiang,3,YQ,28.1,15,19.4,2639.4,20.1,49.5,478,6649.5,58,28.2
Zhanjiang,4,YQ,28.1,16,19.4,2639.4,20.1,49.5,478,6649.5,34,28.2
Zhanjiang,5,YQ,28.1,15,19.4,2639.4,20.1,49.5,478,6649.5,98,28.2
Zhanjiang,6,YQ,28.1,33,19.4,2639.4,20.1,49.5,478,6649.5,48,28.2
Zhanjiang,7,YQ,28.1,8,19.4,2639.4,20.1,49.5,478,6649.5,24,28.2
Zhanjiang,8,YQ,28.1,17,19.4,2639.4,20.1,49.5,478,6649.5,158,28.2
Zhanjiang,9,YQ,28.1,14,19.4,2639.4,20.1,49.5,478,6649.5,72,28.2
Zhanjiang,10,YQ,28.1,9,19.4,2639.4,20.1,49.5,478,6649.5,58,28.2
Zhanjiang,11,YQ,28.1,2,19.4,2639.4,20.1,49.5,478,6649.5,,28.2
Zhanjiang,12,YQ,28.1,28,19.4,2639.4,20.1,49.5,478,6649.5,134,28.2
Zhanjiang,13,YQ,28.1,16,19.4,2639.4,20.1,49.5,478,6649.5,140,28.2
Zhanjiang,14,YQ,28.1,11,19.4,2639.4,20.1,49.5,478,6649.5,155,28.2
Zhanjiang,15,YQ,28.1,9,19.4,2639.4,20.1,49.5,478,6649.5,119,28.2
Zhanjiang,16,YQ,28.1,4,19.4,2639.4,20.1,49.5,478,6649.5,,28.2
Zhanjiang,17,YQ,28.1,11,19.4,2639.4,20.1,49.5,478,6649.5,158,28.2
Zhanjiang,18,YQ,28.1,,19.4,2639.4,20.1,49.5,478,6649.5,,28.2
Zhanjiang,19,YQ,28.1,8,19.4,2639.4,20.1,49.5,478,6649.5,137,28.2
Zhanjiang,20,YQ,28.1,9,19.4,2639.4,20.1,49.5,478,6649.5,155,28.2
Zhanjiang,1,FX,30.9,9,17.7,1794.8,18.57,76.05,253,5830,149,34.3
Zhanjiang,2,FX,30.9,9,17.7,1794.8,18.57,76.05,253,5830,95,34.3
Zhanjiang,3,FX,30.9,7,17.7,1794.8,18.57,76.05,253,5830,115,34.3
Zhanjiang,4,FX,30.9,8,17.7,1794.8,18.57,76.05,253,5830,97,34.3
Zhanjiang,5,FX,30.9,6,17.7,1794.8,18.57,76.05,253,5830,105,34.3
Zhanjiang,6,FX,30.9,9,17.7,1794.8,18.57,76.05,253,5830,110,34.3
Zhanjiang,7,FX,30.9,6,17.7,1794.8,18.57,76.05,253,5830,162,34.3
Zhanjiang,8,FX,30.9,20,17.7,1794.8,18.57,76.05,253,5830,86,34.3
Zhanjiang,9,FX,30.9,12,17.7,1794.8,18.57,76.05,253,5830,125,34.3
Zhanjiang,10,FX,30.9,10,17.7,1794.8,18.57,76.05,253,5830,96,34.3
Zhanjiang,11,FX,30.9,5,17.7,1794.8,18.57,76.05,253,5830,152,34.3
Zhanjiang,12,FX,30.9,9,17.7,1794.8,18.57,76.05,253,5830,146,34.3
Zhanjiang,13,FX,30.9,12,17.7,1794.8,18.57,76.05,253,5830,116,34.3
Zhanjiang,14,FX,30.9,9,17.7,1794.8,18.57,76.05,253,5830,143,34.3
Zhanjiang,15,FX,30.9,8,17.7,1794.8,18.57,76.05,253,5830,149,34.3
Zhanjiang,16,FX,30.9,9,17.7,1794.8,18.57,76.05,253,5830,146,34.3
Zhanjiang,17,FX,30.9,9,17.7,1794.8,18.57,76.05,253,5830,168,34.3
Zhanjiang,18,FX,30.9,,17.7,1794.8,18.57,76.05,253,5830,,34.3
Zhanjiang,19,FX,30.9,8,17.7,1794.8,18.57,76.05,253,5830,137,34.3
Zhanjiang,20,FX,30.9,7,17.7,1794.8,18.57,76.05,253,5830,143,34.3
Zhanjiang,1,RD,32.3,9,16.7,2072.9,24.9,33.9,448,5241.3,171,35.2
Zhanjiang,2,RD,32.3,20,16.7,2072.9,24.9,33.9,448,5241.3,56,35.2
Zhanjiang,3,RD,32.3,13,16.7,2072.9,24.9,33.9,448,5241.3,97,35.2
Zhanjiang,4,RD,32.3,24,16.7,2072.9,24.9,33.9,448,5241.3,61,35.2
Zhanjiang,5,RD,32.3,20,16.7,2072.9,24.9,33.9,448,5241.3,34,35.2
Zhanjiang,6,RD,32.3,18,16.7,2072.9,24.9,33.9,448,5241.3,76,35.2
Zhanjiang,7,RD,32.3,,16.7,2072.9,24.9,33.9,448,5241.3,84,35.2
Zhanjiang,8,RD,32.3,12,16.7,2072.9,24.9,33.9,448,5241.3,122,35.2
Zhanjiang,9,RD,32.3,17,16.7,2072.9,24.9,33.9,448,5241.3,66,35.2
Zhanjiang,10,RD,32.3,14,16.7,2072.9,24.9,33.9,448,5241.3,116,35.2
Zhanjiang,11,RD,32.3,21,16.7,2072.9,24.9,33.9,448,5241.3,152,35.2
Zhanjiang,12,RD,32.3,8,16.7,2072.9,24.9,33.9,448,5241.3,128,35.2
Zhanjiang,13,RD,32.3,9,16.7,2072.9,24.9,33.9,448,5241.3,155,35.2
Zhanjiang,14,RD,32.3,17,16.7,2072.9,24.9,33.9,448,5241.3,143,35.2
Zhanjiang,15,RD,32.3,8,16.7,2072.9,24.9,33.9,448,5241.3,140,35.2
Zhanjiang,16,RD,32.3,14,16.7,2072.9,24.9,33.9,448,5241.3,140,35.2
Zhanjiang,17,RD,32.3,26,16.7,2072.9,24.9,33.9,448,5241.3,149,35.2
Zhanjiang,18,RD,32.3,15,16.7,2072.9,24.9,33.9,448,5241.3,158,35.2
Zhanjiang,19,RD,32.3,12,16.7,2072.9,24.9,33.9,448,5241.3,143,35.2
Zhanjiang,20,RD,32.3,16,16.7,2072.9,24.9,33.9,448,5241.3,122,35.2
Zhanjiang,1,GY,34.8,11,14.9,2019.4,10.9,52.8,361,4886.2,95,38.1
Zhanjiang,2,GY,34.8,19,14.9,2019.4,10.9,52.8,361,4886.2,72,38.1
Zhanjiang,3,GY,34.8,9,14.9,2019.4,10.9,52.8,361,4886.2,84,38.1
Zhanjiang,4,GY,34.8,21,14.9,2019.4,10.9,52.8,361,4886.2,61,38.1
Zhanjiang,5,GY,34.8,7,14.9,2019.4,10.9,52.8,361,4886.2,97,38.1
Zhanjiang,6,GY,34.8,19,14.9,2019.4,10.9,52.8,361,4886.2,74,38.1
Zhanjiang,7,GY,34.8,11,14.9,2019.4,10.9,52.8,361,4886.2,80,38.1
Zhanjiang,8,GY,34.8,16,14.9,2019.4,10.9,52.8,361,4886.2,115,38.1
Zhanjiang,9,GY,34.8,13,14.9,2019.4,10.9,52.8,361,4886.2,90,38.1
Zhanjiang,10,GY,34.8,21,14.9,2019.4,10.9,52.8,361,4886.2,69,38.1
Zhanjiang,11,GY,34.8,12,14.9,2019.4,10.9,52.8,361,4886.2,146,38.1
Zhanjiang,12,GY,34.8,11,14.9,2019.4,10.9,52.8,361,4886.2,143,38.1
Zhanjiang,13,GY,34.8,8,14.9,2019.4,10.9,52.8,361,4886.2,165,38.1
Zhanjiang,14,GY,34.8,13,14.9,2019.4,10.9,52.8,361,4886.2,140,38.1
Zhanjiang,15,GY,34.8,11,14.9,2019.4,10.9,52.8,361,4886.2,146,38.1
Zhanjiang,16,GY,34.8,12,14.9,2019.4,10.9,52.8,361,4886.2,155,38.1
Zhanjiang,17,GY,34.8,16,14.9,2019.4,10.9,52.8,361,4886.2,140,38.1
Zhanjiang,18,GY,34.8,14,14.9,2019.4,10.9,52.8,361,4886.2,134,38.1
Zhanjiang,19,GY,34.8,15,14.9,2019.4,10.9,52.8,361,4886.2,146,38.1
Zhanjiang,20,GY,34.8,10,14.9,2019.4,10.9,52.8,361,4886.2,146,38.1
Zhanjiang,1,DY,37.6,,14.4,1407.9,11.8,22.3,54,4412.1,,40.3
Zhanjiang,2,DY,37.6,,14.4,1407.9,11.8,22.3,54,4412.1,,40.3
Zhanjiang,3,DY,37.6,,14.4,1407.9,11.8,22.3,54,4412.1,,40.3
Zhanjiang,4,DY,37.6,18,14.4,1407.9,11.8,22.3,54,4412.1,95,40.3
Zhanjiang,5,DY,37.6,,14.4,1407.9,11.8,22.3,54,4412.1,,40.3
Zhanjiang,6,DY,37.6,,14.4,1407.9,11.8,22.3,54,4412.1,,40.3
Zhanjiang,7,DY,37.6,,14.4,1407.9,11.8,22.3,54,4412.1,,40.3
Zhanjiang,8,DY,37.6,,14.4,1407.9,11.8,22.3,54,4412.1,,40.3
Zhanjiang,9,DY,37.6,,14.4,1407.9,11.8,22.3,54,4412.1,,40.3
Zhanjiang,10,DY,37.6,,14.4,1407.9,11.8,22.3,54,4412.1,,40.3
Zhanjiang,11,DY,37.6,21,14.4,1407.9,11.8,22.3,54,4412.1,143,40.3
Zhanjiang,12,DY,37.6,13,14.4,1407.9,11.8,22.3,54,4412.1,146,40.3
Zhanjiang,13,DY,37.6,28,14.4,1407.9,11.8,22.3,54,4412.1,134,40.3
Zhanjiang,14,DY,37.6,18,14.4,1407.9,11.8,22.3,54,4412.1,155,40.3
Zhanjiang,15,DY,37.6,1,14.4,1407.9,11.8,22.3,54,4412.1,,40.3
Zhanjiang,16,DY,37.6,15,14.4,1407.9,11.8,22.3,54,4412.1,140,40.3
Zhanjiang,17,DY,37.6,13,14.4,1407.9,11.8,22.3,54,4412.1,134,40.3
Zhanjiang,18,DY,37.6,24,14.4,1407.9,11.8,22.3,54,4412.1,131,40.3
Zhanjiang,19,DY,37.6,18,14.4,1407.9,11.8,22.3,54,4412.1,122,40.3
Zhanjiang,20,DY,37.6,17,14.4,1407.9,11.8,22.3,54,4412.1,140,40.3