date,T2M,PRECTOTCORR,RH2M,WS2M
2014-01-01,11.81,0.0,70.53,2.17
2014-01-02,13.97,0.01,79.04,1.43
2014-01-03,16.85,0.03,78.1,1.67
2014-01-04,13.78,0.0,73.25,2.53
2014-01-05,11.01,0.0,81.53,3.55
2014-01-06,12.17,0.0,82.87,3.81
2014-01-07,14.22,0.02,85.63,1.63
2014-01-08,16.62,0.9,82.46,2.03
2014-01-09,11.72,0.07,76.85,4.9
2014-01-10,10.17,0.04,80.0,4.41
2014-01-11,12.67,0.01,84.78,2.68
2014-01-12,13.99,0.0,87.33,2.24
2014-01-13,11.77,0.03,79.44,4.11
2014-01-14,10.56,0.03,78.62,4.35
2014-01-15,8.03,0.0,72.12,5.63
2014-01-16,9.76,0.0,80.59,3.85
2014-01-17,11.31,0.0,81.38,2.54
2014-01-18,10.51,0.0,75.27,3.91
2014-01-19,9.66,0.0,78.59,3.85
2014-01-20,10.89,0.0,74.17,2.09
2014-01-21,8.81,0.0,68.7,4.21
2014-01-22,7.16,0.0,64.72,4.39
2014-01-23,8.25,0.0,74.54,3.43
2014-01-24,11.54,0.0,77.27,1.54
2014-01-25,14.77,0.16,75.63,1.16
2014-01-26,13.02,0.0,80.1,3.99
2014-01-27,11.76,0.0,74.29,3.61
2014-01-28,13.08,0.0,78.51,2.07
2014-01-29,14.36,0.0,80.54,1.83
2014-01-30,16.24,0.0,73.35,1.17
2014-01-31,16.5,0.0,73.5,1.41
2014-02-01,17.15,0.0,78.94,1.21
2014-02-02,17.83,0.0,76.23,1.72
2014-02-03,18.05,0.0,80.21,1.83
2014-02-04,12.96,1.2,82.02,6.47
2014-02-05,11.91,13.13,88.41,4.76
2014-02-06,14.61,3.23,89.17,1.82
2014-02-07,16.94,0.42,85.06,1.76
2014-02-08,13.49,5.94,79.62,4.0
2014-02-09,10.12,18.59,88.42,4.92
2014-02-10,9.37,2.78,76.18,4.39
2014-02-11,8.46,0.12,72.96,3.47
2014-02-12,9.0,1.83,78.64,3.4
2014-02-13,10.38,2.28,85.24,3.05
2014-02-14,10.44,0.41,77.02,3.44
2014-02-15,10.26,0.27,79.5,4.02
2014-02-16,12.21,0.46,89.41,2.0
2014-02-17,16.61,2.2,89.64,1.51
2014-02-18,16.5,4.42,88.12,2.12
2014-02-19,9.57,4.63,80.36,4.03
2014-02-20,8.76,0.0,72.82,4.5
2014-02-21,9.01,0.0,76.97,4.44
2014-02-22,11.64,0.0,79.89,3.21
2014-02-23,13.31,0.0,84.56,3.13
2014-02-24,14.98,0.0,83.83,2.03
2014-02-25,15.77,0.88,85.71,1.67
2014-02-26,17.44,8.17,88.28,0.69
2014-02-27,16.1,2.98,87.91,2.97
2014-02-28,15.73,0.06,86.58,2.12
2014-03-01,17.91,0.46,87.85,1.66
2014-03-02,14.78,1.95,81.79,4.43
2014-03-03,12.52,0.33,80.09,4.27
2014-03-04,14.97,0.12,81.74,1.68
2014-03-05,13.79,0.33,82.32,4.24
2014-03-06,11.39,1.69,84.02,4.51
2014-03-07,11.08,0.51,84.33,5.17
2014-03-08,12.21,1.97,86.92,2.35
2014-03-09,12.19,2.49,83.54,3.88
2014-03-10,11.07,4.96,82.68,4.43
2014-03-11,12.9,9.29,89.51,3.31
2014-03-12,17.08,5.28,91.97,2.1
2014-03-13,17.31,2.24,81.94,2.98
2014-03-14,13.46,0.02,78.9,3.55
2014-03-15,14.04,1.86,67.17,2.25
2014-03-16,15.02,2.94,84.3,0.99
2014-03-17,18.5,0.0,83.74,1.27
2014-03-18,19.91,0.0,87.08,1.2
2014-03-19,21.52,0.01,86.7,1.89
2014-03-20,18.85,0.57,85.87,3.73
2014-03-21,13.42,0.04,67.19,5.87
2014-03-22,13.14,0.0,68.2,4.74
2014-03-23,15.04,0.0,75.79,3.5
2014-03-24,16.75,0.0,79.01,2.06
2014-03-25,18.99,0.0,81.31,1.89
2014-03-26,21.47,0.0,79.26,1.5
2014-03-27,21.75,0.11,83.82,1.84
2014-03-28,21.6,0.65,87.22,2.09
2014-03-29,23.29,0.3,84.73,2.47
2014-03-30,20.59,9.55,77.71,3.33
2014-03-31,18.13,31.93,91.17,2.65
2014-04-01,18.14,7.48,86.3,2.46
2014-04-02,16.64,10.56,89.41,2.47
2014-04-03,18.15,10.1,89.18,1.48
2014-04-04,17.53,0.1,78.77,3.54
2014-04-05,18.02,0.0,75.91,1.71
2014-04-06,17.03,3.62,79.13,4.4
2014-04-07,15.71,12.17,87.87,2.79
2014-04-08,19.43,4.2,86.29,1.22
2014-04-09,20.3,0.11,86.21,1.96
2014-04-10,19.95,0.0,78.0,2.79
2014-04-11,20.05,0.0,79.29,1.91
2014-04-12,21.87,0.0,82.92,1.88
2014-04-13,24.03,0.14,83.99,1.77
2014-04-14,19.52,0.38,80.85,4.95
2014-04-15,18.72,0.0,70.35,3.51
2014-04-16,20.8,0.0,80.71,1.96
2014-04-17,22.73,0.0,81.31,2.04
2014-04-18,23.24,0.0,83.54,1.53
2014-04-19,23.29,0.01,83.13,1.74
2014-04-20,23.2,0.06,84.48,1.98
2014-04-21,21.76,0.05,82.12,2.55
2014-04-22,23.34,0.55,83.0,1.97
2014-04-23,18.69,4.18,85.6,3.88
2014-04-24,19.35,2.61,85.15,3.05
2014-04-25,21.61,1.27,85.98,2.02
2014-04-26,22.75,6.43,86.64,1.27
2014-04-27,24.76,0.3,77.75,1.47
2014-04-28,22.63,0.06,75.12,2.76
2014-04-29,21.05,2.42,76.93,2.69
2014-04-30,20.38,8.3,83.69,2.18
2014-05-01,18.47,23.67,90.88,3.05
2014-05-02,21.39,0.01,81.74,2.67
2014-05-03,22.49,0.0,79.48,3.6
2014-05-04,21.83,6.37,86.65,2.47
2014-05-05,19.46,10.76,81.96,5.6
2014-05-06,17.5,1.7,79.6,4.02
2014-05-07,18.13,19.81,86.25,1.32
2014-05-08,22.15,7.38,83.73,1.19
2014-05-09,21.05,16.01,92.98,2.95
2014-05-10,22.01,1.02,89.95,2.4
2014-05-11,24.16,31.43,92.69,3.51
2014-05-12,24.63,14.85,92.26,3.25
2014-05-13,25.47,1.3,89.71,2.63
2014-05-14,26.09,5.51,88.65,4.75
2014-05-15,26.54,11.8,88.78,3.43
2014-05-16,23.13,5.14,92.72,2.04
2014-05-17,24.68,3.87,91.33,2.37
2014-05-18,25.55,9.27,92.12,2.42
2014-05-19,25.35,7.97,92.16,2.53
2014-05-20,26.37,10.12,89.03,3.05
2014-05-21,24.35,14.05,93.53,2.0
2014-05-22,24.85,22.01,94.9,3.08
2014-05-23,24.92,35.82,92.36,2.64
2014-05-24,24.12,3.52,91.09,1.6
2014-05-25,25.66,0.74,90.72,1.68
2014-05-26,26.57,8.34,91.46,1.99
2014-05-27,26.72,1.13,85.53,0.84
2014-05-28,27.3,20.15,87.56,1.03
2014-05-29,26.46,14.77,93.46,1.95
2014-05-30,26.9,6.3,90.95,2.42
2014-05-31,26.84,2.24,90.2,1.52
2014-06-01,27.05,2.17,90.55,2.18
2014-06-02,27.1,2.8,91.26,2.61
2014-06-03,26.17,20.03,93.26,1.91
2014-06-04,26.22,5.09,87.51,1.47
2014-06-05,26.93,10.59,90.4,1.43
2014-06-06,26.24,13.88,92.4,1.79
2014-06-07,26.02,6.3,91.22,2.86
2014-06-08,26.04,3.76,89.95,2.25
2014-06-09,25.18,0.09,86.19,2.8
2014-06-10,25.32,0.54,85.13,1.86
2014-06-11,25.4,0.54,86.18,2.89
2014-06-12,24.2,0.26,79.34,4.69
2014-06-13,23.95,0.0,81.62,4.59
2014-06-14,24.45,1.53,87.75,5.07
2014-06-15,25.1,51.98,94.87,7.16
2014-06-16,25.36,56.31,94.06,7.38
2014-06-17,27.09,5.89,91.67,3.41
2014-06-18,26.88,4.11,92.16,2.96
2014-06-19,26.99,11.28,91.6,2.45
2014-06-20,26.74,5.38,92.74,2.99
2014-06-21,27.11,1.81,90.98,2.73
2014-06-22,27.09,2.31,90.23,2.92
2014-06-23,27.17,4.02,91.21,3.67
2014-06-24,26.68,10.34,92.72,2.29
2014-06-25,27.05,10.88,90.6,2.5
2014-06-26,27.48,4.31,90.68,2.73
2014-06-27,27.6,0.55,89.0,1.75
2014-06-28,28.28,0.43,82.31,1.64
2014-06-29,27.41,10.05,89.7,1.9
2014-06-30,27.59,2.97,89.64,1.79
2014-07-01,27.55,1.46,90.14,2.06
2014-07-02,27.51,0.95,91.87,2.42
2014-07-03,28.25,0.31,88.54,2.05
2014-07-04,28.11,0.61,90.04,1.59
2014-07-05,27.91,0.49,86.32,1.2
2014-07-06,28.77,0.4,81.9,1.26
2014-07-07,28.79,0.84,83.55,1.1
2014-07-08,27.93,0.43,89.84,1.47
2014-07-09,28.56,0.25,87.67,2.43
2014-07-10,28.26,0.12,88.48,1.71
2014-07-11,28.06,0.06,88.94,2.16
2014-07-12,27.96,0.63,89.37,2.56
2014-07-13,28.19,0.12,88.59,2.61
2014-07-14,28.02,0.23,88.11,1.8
2014-07-15,28.04,0.06,87.56,1.65
2014-07-16,27.86,0.01,84.9,1.25
2014-07-17,27.59,5.98,87.01,2.14
2014-07-18,27.29,9.99,91.31,2.84
2014-07-19,26.44,2.22,87.92,2.15
2014-07-20,27.85,0.15,80.88,1.16
2014-07-21,27.97,0.08,82.73,2.47
2014-07-22,28.01,0.79,80.89,3.35
2014-07-23,28.01,57.25,84.0,4.57
2014-07-24,27.25,33.67,93.61,5.26
2014-07-25,27.16,5.29,90.92,2.26
2014-07-26,27.2,1.54,88.18,1.65
2014-07-27,27.63,0.18,81.82,1.27
2014-07-28,27.76,0.21,81.06,1.2
2014-07-29,27.63,0.01,85.26,1.52
2014-07-30,27.74,0.01,84.73,1.78
2014-07-31,28.91,2.23,84.65,1.85
2014-08-01,29.24,4.55,82.29,1.95
2014-08-02,28.13,0.61,85.18,2.24
2014-08-03,27.37,0.74,90.4,1.69
2014-08-04,27.53,0.43,87.69,1.22
2014-08-05,27.1,0.28,90.6,2.26
2014-08-06,27.22,1.31,91.36,1.66
2014-08-07,27.84,0.47,88.08,1.63
2014-08-08,28.48,4.83,86.09,1.83
2014-08-09,28.19,4.52,89.46,2.45
2014-08-10,27.85,5.0,90.86,2.99
2014-08-11,27.48,5.87,91.57,2.58
2014-08-12,27.1,44.38,91.61,2.66
2014-08-13,26.64,14.97,93.24,3.31
2014-08-14,26.96,2.03,92.01,3.08
2014-08-15,27.8,0.61,86.78,2.28
2014-08-16,27.8,0.22,87.8,1.86
2014-08-17,27.67,7.94,87.74,1.6
2014-08-18,27.13,8.94,89.18,1.36
2014-08-19,26.12,25.71,92.49,3.14
2014-08-20,25.79,2.77,91.14,2.61
2014-08-21,26.4,1.07,86.2,1.78
2014-08-22,27.04,0.04,83.3,1.47
2014-08-23,26.83,0.01,84.31,1.73
2014-08-24,26.64,0.0,83.06,1.7
2014-08-25,27.2,0.1,85.86,1.57
2014-08-26,27.39,0.01,83.59,1.19
2014-08-27,26.59,0.96,87.95,1.57
2014-08-28,26.99,0.54,86.85,1.18
2014-08-29,27.22,2.38,82.67,0.8
2014-08-30,27.01,2.25,84.88,1.24
2014-08-31,27.12,0.07,83.31,1.27
2014-09-01,27.43,0.03,81.43,1.28
2014-09-02,27.54,0.06,82.68,1.46
2014-09-03,28.07,6.74,82.94,1.91
2014-09-04,26.82,6.3,88.95,2.3
2014-09-05,27.17,0.87,89.16,1.47
2014-09-06,27.34,0.22,85.8,2.52
2014-09-07,26.9,0.29,88.15,1.75
2014-09-08,27.23,0.97,85.61,1.6
2014-09-09,27.46,0.28,86.18,1.44
2014-09-10,27.75,0.03,85.76,1.28
2014-09-11,27.3,0.03,86.23,1.56
2014-09-12,27.12,1.43,89.18,2.0
2014-09-13,27.55,1.93,87.77,1.3
2014-09-14,27.66,3.3,85.61,2.67
2014-09-15,27.23,2.99,87.14,5.12
2014-09-16,27.07,5.15,90.54,3.48
2014-09-17,27.03,0.42,89.14,1.88
2014-09-18,27.53,0.01,84.82,1.12
2014-09-19,28.06,1.07,84.27,2.05
2014-09-20,27.02,0.64,82.74,4.2
2014-09-21,25.89,1.33,82.61,2.74
2014-09-22,25.37,0.05,78.72,1.52
2014-09-23,26.44,0.05,79.73,1.43
2014-09-24,26.55,6.63,85.06,1.61
2014-09-25,26.98,1.92,82.65,1.4
2014-09-26,26.55,0.4,82.78,1.49
2014-09-27,27.03,0.03,82.29,1.02
2014-09-28,26.91,0.0,83.54,1.4
2014-09-29,27.61,0.0,80.72,1.05
2014-09-30,27.43,7.17,84.68,2.01
2014-10-01,25.79,2.8,84.15,3.27
2014-10-02,26.04,1.89,82.5,1.78
2014-10-03,25.24,0.29,81.79,3.61
2014-10-04,23.63,0.0,72.31,3.95
2014-10-05,22.49,0.0,72.6,4.01
2014-10-06,22.62,0.0,75.3,5.0
2014-10-07,21.96,0.0,73.19,4.95
2014-10-08,22.2,0.0,74.63,4.91
2014-10-09,22.69,0.0,76.16,4.13
2014-10-10,24.55,0.0,74.83,4.36
2014-10-11,24.23,0.0,73.15,3.62
2014-10-12,24.56,0.0,70.57,1.5
2014-10-13,23.04,0.0,70.82,2.89
2014-10-14,22.11,0.0,73.03,3.06
2014-10-15,21.36,0.0,74.77,3.13
2014-10-16,20.43,0.0,70.93,4.15
2014-10-17,20.51,0.0,74.9,3.84
2014-10-18,21.75,0.01,78.75,3.37
2014-10-19,22.18,0.0,76.83,2.37
2014-10-20,24.0,0.0,77.98,1.68
2014-10-21,25.5,0.02,73.68,1.48
2014-10-22,23.37,1.92,82.08,3.97
2014-10-23,21.06,0.15,76.59,3.67
2014-10-24,21.5,0.0,74.73,2.68
2014-10-25,22.03,0.0,76.35,2.29
2014-10-26,22.52,0.0,79.6,1.77
2014-10-27,23.29,0.0,72.83,4.34
2014-10-28,21.66,0.0,74.3,4.98
2014-10-29,21.59,0.0,78.33,2.87
2014-10-30,23.04,0.0,80.92,1.88
2014-10-31,23.91,0.0,79.59,1.65
2014-11-01,24.04,0.0,81.58,1.92
2014-11-02,23.16,0.25,82.75,3.12
2014-11-03,20.2,0.06,70.36,4.52
2014-11-04,19.34,0.0,66.18,3.38
2014-11-05,20.44,0.0,72.43,2.1
2014-11-06,21.42,0.08,75.87,2.52
2014-11-07,20.56,1.65,78.85,4.72
2014-11-08,20.85,0.57,79.6,2.09
2014-11-09,20.64,0.68,79.73,3.58
2014-11-10,20.36,0.25,79.35,3.53
2014-11-11,21.04,0.18,78.01,2.44
2014-11-12,19.59,3.97,85.45,3.42
2014-11-13,17.41,0.42,80.68,4.88
2014-11-14,17.56,0.02,73.33,4.66
2014-11-15,18.43,0.03,77.21,4.48
2014-11-16,19.24,0.0,79.16,3.1
2014-11-17,19.18,0.03,73.0,5.26
2014-11-18,17.33,0.0,60.12,6.0
2014-11-19,17.28,0.0,73.36,4.33
2014-11-20,17.88,0.0,78.78,3.33
2014-11-21,19.43,0.0,79.58,2.32
2014-11-22,20.44,0.0,80.64,2.8
2014-11-23,20.71,0.0,83.36,2.64
2014-11-24,21.56,0.0,77.04,1.57
2014-11-25,22.2,0.0,77.52,1.46
2014-11-26,20.63,0.0,78.67,3.38
2014-11-27,19.38,1.12,81.87,3.27
2014-11-28,21.14,3.36,85.15,1.73
2014-11-29,21.34,3.23,90.61,2.46
2014-11-30,22.43,5.26,85.93,1.19
2014-12-01,17.94,1.74,74.0,5.41
2014-12-02,14.84,1.55,70.83,5.26
2014-12-03,15.66,9.99,81.37,2.95
2014-12-04,14.3,9.79,74.5,4.68
2014-12-05,13.0,0.11,62.21,4.72
2014-12-06,12.72,0.0,69.72,4.95
2014-12-07,15.29,0.0,73.6,3.42
2014-12-08,15.49,0.0,69.7,5.44
2014-12-09,14.89,0.0,70.08,5.91
2014-12-10,16.66,0.02,78.73,3.21
2014-12-11,16.62,0.03,74.85,3.67
2014-12-12,13.5,0.0,67.92,4.22
2014-12-13,11.42,0.0,58.04,4.57
2014-12-14,11.69,0.0,69.02,3.78
2014-12-15,14.79,0.0,76.38,1.95
2014-12-16,13.35,0.0,57.62,4.5
2014-12-17,9.11,0.0,50.26,4.86
2014-12-18,10.1,0.02,65.36,5.07
2014-12-19,11.62,3.03,82.1,2.42
2014-12-20,11.61,0.09,72.06,4.03
2014-12-21,11.83,0.0,69.94,3.89
2014-12-22,9.23,0.0,64.9,4.93
2014-12-23,11.78,0.03,74.75,2.61
2014-12-24,15.35,0.0,75.93,2.26
2014-12-25,12.58,3.22,77.92,4.32
2014-12-26,13.31,0.76,78.16,5.06
2014-12-27,12.46,5.45,87.69,4.08
2014-12-28,13.32,1.53,81.1,2.33
2014-12-29,11.07,0.0,61.85,3.02
2014-12-30,11.2,0.0,61.11,2.53
2014-12-31,12.81,0.0,61.7,2.48
2015-01-01,10.93,0.0,67.68,4.91
2015-01-02,9.76,0.0,64.73,4.2
2015-01-03,11.03,0.02,71.44,2.84
2015-01-04,13.83,0.0,78.24,1.5
2015-01-05,15.87,0.88,85.55,1.19
2015-01-06,18.22,0.09,83.58,1.66
2015-01-07,14.57,0.24,81.43,3.57
2015-01-08,11.08,0.0,70.59,4.62
2015-01-09,10.46,0.0,69.17,4.15
2015-01-10,11.81,0.0,66.21,3.76
2015-01-11,12.93,0.02,68.02,4.08
2015-01-12,12.89,8.0,77.81,5.79
2015-01-13,10.94,40.17,90.39,3.87
2015-01-14,11.83,2.43,75.33,3.17
2015-01-15,10.64,0.0,81.4,3.66
2015-01-16,11.53,0.0,78.49,2.6
2015-01-17,10.82,0.0,75.18,4.86
2015-01-18,11.1,0.0,71.9,3.28
2015-01-19,11.04,0.0,67.38,4.67
2015-01-20,11.72,0.0,73.88,3.1
2015-01-21,14.2,0.0,74.52,1.53
2015-01-22,12.33,0.0,66.17,2.52
2015-01-23,11.5,0.0,78.98,2.56
2015-01-24,12.94,0.81,82.29,2.41
2015-01-25,13.73,3.22,91.72,2.47
2015-01-26,15.5,0.87,88.18,1.6
2015-01-27,14.52,0.97,85.42,3.78
2015-01-28,12.53,0.11,77.48,5.17
2015-01-29,13.08,0.0,79.88,2.6
2015-01-30,13.69,0.0,78.28,3.31
2015-01-31,11.82,0.0,73.32,4.86
2015-02-01,11.94,0.0,73.46,3.91
2015-02-02,12.95,0.0,80.83,2.85
2015-02-03,14.06,0.01,81.88,2.36
2015-02-04,14.62,0.27,79.21,2.4
2015-02-05,11.35,0.05,72.5,3.91
2015-02-06,10.41,0.0,68.12,3.42
2015-02-07,12.33,0.0,71.9,1.46
2015-02-08,11.89,0.0,66.58,4.51
2015-02-09,9.05,0.0,65.32,4.6
2015-02-10,9.5,0.0,64.64,2.63
2015-02-11,12.88,0.0,67.31,1.5
2015-02-12,13.12,0.0,61.62,2.55
2015-02-13,13.23,0.0,58.89,2.25
2015-02-14,15.14,0.06,68.29,2.33
2015-02-15,15.78,8.68,87.15,1.28
2015-02-16,18.46,0.73,82.47,1.35
2015-02-17,16.66,0.41,82.56,2.7
2015-02-18,15.29,0.28,76.13,4.28
2015-02-19,13.85,0.18,75.74,4.96
2015-02-20,14.45,0.26,81.32,2.36
2015-02-21,18.15,2.61,90.01,2.17
2015-02-22,17.59,1.62,86.46,2.16
2015-02-23,15.9,2.03,86.47,2.44
2015-02-24,16.38,0.91,86.74,1.62
2015-02-25,17.61,0.19,83.84,2.27
2015-02-26,19.79,0.01,81.36,2.43
2015-02-27,15.82,0.02,82.35,3.92
2015-02-28,16.76,0.13,82.94,2.39
2015-03-01,15.38,0.05,73.5,3.8
2015-03-02,13.72,0.03,73.83,3.25
2015-03-03,17.62,1.16,78.55,1.76
2015-03-04,13.72,2.23,84.77,4.86
2015-03-05,12.05,2.67,86.96,3.53
2015-03-06,14.07,0.88,85.14,2.59
2015-03-07,15.18,0.07,81.71,2.7
2015-03-08,16.55,0.15,80.38,2.2
2015-03-09,17.84,0.28,71.85,3.74
2015-03-10,12.86,1.97,72.94,6.29
2015-03-11,11.84,4.71,80.63,4.26
2015-03-12,13.54,4.64,78.31,3.01
2015-03-13,15.51,1.49,75.89,1.71
2015-03-14,17.42,1.26,79.11,1.56
2015-03-15,19.91,0.18,83.1,1.67
2015-03-16,21.83,0.26,83.0,1.39
2015-03-17,21.76,0.1,83.2,1.92
2015-03-18,22.22,0.0,82.47,2.79
2015-03-19,23.37,0.0,78.09,1.9
2015-03-20,21.0,0.0,79.47,2.34
2015-03-21,19.8,0.01,83.25,2.46
2015-03-22,18.64,0.1,74.15,4.56
2015-03-23,16.66,2.18,70.93,4.9
2015-03-24,15.6,0.14,69.0,6.71
2015-03-25,13.92,2.48,74.24,5.98
2015-03-26,14.73,8.88,85.16,3.93
2015-03-27,18.08,2.29,82.95,1.58
2015-03-28,18.07,0.22,78.81,2.05
2015-03-29,18.65,0.0,76.26,1.85
2015-03-30,20.43,0.18,80.87,1.7
2015-03-31,22.28,0.07,86.6,1.89
2015-04-01,23.45,0.01,79.03,2.36
2015-04-02,23.54,0.0,81.48,3.4
2015-04-03,24.31,0.0,79.54,3.17
2015-04-04,24.78,0.0,78.65,2.81
2015-04-05,25.08,0.0,77.39,1.8
2015-04-06,25.29,0.6,79.54,2.07
2015-04-07,19.37,5.2,84.56,5.27
2015-04-08,14.66,12.28,84.25,5.33
2015-04-09,15.86,1.43,81.19,3.36
2015-04-10,16.94,10.39,84.08,3.35
2015-04-11,15.18,11.34,84.69,4.09
2015-04-12,18.1,0.17,74.36,1.37
2015-04-13,19.44,0.0,60.62,1.88
2015-04-14,17.72,0.0,47.96,1.83
2015-04-15,19.18,0.0,49.71,2.33
2015-04-16,21.72,0.0,62.61,1.97
2015-04-17,21.69,0.13,72.77,2.12
2015-04-18,22.6,0.21,86.05,2.38
2015-04-19,25.22,0.66,81.19,4.32
2015-04-20,25.62,21.66,77.38,3.55
2015-04-21,18.58,15.02,85.5,4.0
2015-04-22,19.6,0.0,72.11,3.83
2015-04-23,20.71,0.0,60.07,2.56
2015-04-24,21.54,0.0,69.64,2.23
2015-04-25,21.48,0.0,74.46,3.28
2015-04-26,21.7,0.05,71.82,2.21
2015-04-27,22.8,0.21,75.6,1.88
2015-04-28,23.55,9.64,85.26,2.06
2015-04-29,24.84,3.21,82.27,1.14
2015-04-30,24.21,3.68,84.3,1.67
2015-05-01,23.49,3.56,85.6,2.31
2015-05-02,24.9,3.23,83.12,3.48
2015-05-03,25.96,6.11,81.96,2.08
2015-05-04,23.78,13.26,91.23,2.5
2015-05-05,20.56,13.86,87.92,3.25
2015-05-06,22.81,2.74,86.47,2.4
2015-05-07,23.78,13.4,92.91,1.54
2015-05-08,24.32,6.25,88.42,2.69
2015-05-09,25.02,15.13,91.07,2.3
2015-05-10,22.36,4.91,91.4,3.19
2015-05-11,23.82,1.14,83.87,2.27
2015-05-12,22.04,0.89,69.47,2.81
2015-05-13,23.12,0.0,77.4,1.74
2015-05-14,25.39,0.01,85.77,1.83
2015-05-15,26.43,0.15,82.09,2.67
2015-05-16,26.23,0.84,85.85,2.61
2015-05-17,25.53,4.28,88.37,2.74
2015-05-18,26.4,4.94,84.48,3.75
2015-05-19,26.55,9.16,86.23,3.7
2015-05-20,25.72,38.96,92.92,3.06
2015-05-21,21.05,24.54,91.57,6.47
2015-05-22,20.88,8.39,89.37,3.56
2015-05-23,23.45,21.99,92.86,2.77
2015-05-24,24.84,21.81,93.28,2.39
2015-05-25,23.44,10.24,89.73,2.66
2015-05-26,24.3,15.64,93.75,2.14
2015-05-27,25.6,3.02,91.14,3.18
2015-05-28,26.85,3.78,91.67,3.27
2015-05-29,26.95,5.1,92.12,3.12
2015-05-30,27.02,14.98,92.46,3.02
2015-05-31,26.28,27.92,93.08,2.79
2015-06-01,26.29,7.06,91.52,2.37
2015-06-02,27.15,1.8,88.63,2.96
2015-06-03,27.22,0.46,88.26,2.3
2015-06-04,26.37,1.38,90.59,1.47
2015-06-05,26.48,4.57,90.65,2.26
2015-06-06,26.44,7.47,89.71,1.64
2015-06-07,26.51,0.62,88.41,2.52
2015-06-08,27.02,0.36,86.14,2.82
2015-06-09,27.27,2.68,88.69,2.93
2015-06-10,27.03,4.01,91.22,2.51
2015-06-11,26.66,20.46,91.52,2.78
2015-06-12,26.78,14.61,91.38,1.74
2015-06-13,27.26,2.32,87.38,2.4
2015-06-14,27.12,10.11,88.93,1.9
2015-06-15,27.7,2.95,84.35,1.75
2015-06-16,27.71,0.05,85.29,2.12
2015-06-17,27.99,0.01,84.78,2.97
2015-06-18,28.35,0.04,83.85,2.8
2015-06-19,28.23,0.25,86.89,2.31
2015-06-20,27.45,3.94,88.92,1.46
2015-06-21,27.25,2.95,89.25,1.95
2015-06-22,26.65,6.33,93.59,2.61
2015-06-23,26.84,15.13,92.39,2.66
2015-06-24,27.06,15.87,92.38,2.91
2015-06-25,27.15,5.83,92.96,2.89
2015-06-26,27.76,1.41,89.7,3.14
2015-06-27,27.98,0.3,88.58,3.09
2015-06-28,28.34,0.3,87.13,2.96
2015-06-29,28.33,0.05,85.47,3.01
2015-06-30,28.38,0.1,85.9,3.32
2015-07-01,28.46,0.14,86.24,3.62
2015-07-02,28.11,2.52,88.21,3.06
2015-07-03,27.74,1.68,88.72,2.12
2015-07-04,27.5,0.43,86.52,1.55
2015-07-05,26.82,7.16,84.07,2.22
2015-07-06,26.91,1.35,85.98,2.44
2015-07-07,26.55,1.28,86.31,3.46
2015-07-08,26.05,16.7,88.72,4.45
2015-07-09,25.88,19.92,92.72,6.4
2015-07-10,28.22,0.09,78.11,2.22
2015-07-11,29.08,0.01,80.73,2.67
2015-07-12,28.7,0.02,82.1,1.55
2015-07-13,28.41,0.02,85.84,1.39
2015-07-14,28.3,0.56,83.75,1.15
2015-07-15,27.8,0.42,85.79,1.11
2015-07-16,27.57,0.41,86.32,1.4
2015-07-17,27.27,0.55,86.24,1.66
2015-07-18,27.34,0.4,84.31,2.02
2015-07-19,26.88,17.61,90.63,4.43
2015-07-20,26.41,49.91,92.0,4.92
2015-07-21,27.02,23.32,89.16,6.14
2015-07-22,26.28,21.87,92.8,5.2
2015-07-23,26.12,8.32,92.67,3.52
2015-07-24,26.48,13.18,92.38,3.8
2015-07-25,26.49,6.22,92.43,2.8
2015-07-26,26.67,3.14,91.39,2.78
2015-07-27,26.62,1.44,91.66,2.04
2015-07-28,26.62,0.74,87.89,1.95
2015-07-29,26.14,0.67,86.94,1.43
2015-07-30,26.42,2.05,85.38,1.51
2015-07-31,26.46,0.27,84.17,1.42
2015-08-01,26.55,0.11,82.13,1.35
2015-08-02,26.28,0.06,81.89,1.65
2015-08-03,27.05,0.06,82.16,1.47
2015-08-04,27.57,0.06,82.43,1.5
2015-08-05,27.25,0.87,83.75,1.14
2015-08-06,26.99,0.49,82.19,1.47
2015-08-07,27.96,0.88,78.1,2.96
2015-08-08,27.46,12.29,77.23,6.7
2015-08-09,27.16,17.32,87.0,6.05
2015-08-10,27.01,11.9,91.8,4.15
2015-08-11,27.17,2.79,89.95,2.9
2015-08-12,27.3,2.06,90.38,2.19
2015-08-13,26.64,10.88,93.52,3.0
2015-08-14,26.18,20.89,92.59,2.77
2015-08-15,26.15,14.27,94.47,2.47
2015-08-16,26.53,9.71,92.91,2.88
2015-08-17,27.11,8.15,90.2,2.33
2015-08-18,27.47,4.68,89.09,1.49
2015-08-19,26.92,23.87,90.89,1.47
2015-08-20,27.54,4.69,84.19,1.42
2015-08-21,27.96,0.87,80.94,2.54
2015-08-22,27.9,0.2,80.21,3.28
2015-08-23,28.25,10.5,78.51,1.89
2015-08-24,28.4,11.85,85.96,1.24
2015-08-25,27.16,1.35,83.57,1.68
2015-08-26,26.37,18.91,88.04,1.42
2015-08-27,26.53,15.29,84.88,1.23
2015-08-28,25.73,16.91,91.16,1.51
2015-08-29,26.47,23.52,88.72,1.82
2015-08-30,25.64,28.93,91.21,1.43
2015-08-31,25.97,26.58,91.17,2.22
2015-09-01,26.11,27.37,89.98,1.81
2015-09-02,25.81,8.47,90.26,1.42
2015-09-03,26.5,2.28,85.06,1.12
2015-09-04,27.06,0.36,86.43,1.4
2015-09-05,27.14,0.13,88.53,2.22
2015-09-06,27.51,4.84,88.98,2.18
2015-09-07,25.21,8.38,89.65,2.8
2015-09-08,25.09,0.13,85.14,3.01
2015-09-09,25.29,0.13,85.07,2.65
2015-09-10,24.79,0.19,83.94,2.66
2015-09-11,24.78,0.05,80.86,1.87
2015-09-12,24.79,0.02,80.84,2.31
2015-09-13,24.4,0.03,85.39,4.3
2015-09-14,24.44,0.05,84.56,3.59
2015-09-15,24.98,0.06,86.91,2.7
2015-09-16,25.44,0.76,88.29,2.38
2015-09-17,25.06,0.49,85.36,2.46
2015-09-18,25.08,0.03,82.36,1.99
2015-09-19,25.22,4.17,84.52,1.52
2015-09-20,24.66,16.01,89.12,1.65
2015-09-21,25.3,11.81,89.52,2.12
2015-09-22,25.6,3.5,89.14,1.56
2015-09-23,26.77,0.14,85.44,1.79
2015-09-24,27.57,0.71,86.07,1.63
2015-09-25,27.4,10.57,88.63,1.4
2015-09-26,25.58,6.57,87.72,3.32
2015-09-27,24.94,0.19,80.39,2.79
2015-09-28,25.92,0.8,78.44,2.74
2015-09-29,24.2,68.59,91.16,6.48
2015-09-30,25.53,4.28,91.6,2.27
2015-10-01,26.63,1.81,84.95,1.11
2015-10-02,23.88,1.65,86.79,4.21
2015-10-03,24.53,1.72,88.81,4.22
2015-10-04,25.38,1.94,92.99,3.2
2015-10-05,25.62,0.48,90.76,2.33
2015-10-06,25.07,0.2,88.19,2.87
2015-10-07,24.64,5.04,87.82,1.72
2015-10-08,25.78,17.65,85.96,2.07
2015-10-09,23.21,6.06,87.81,3.34
2015-10-10,22.88,1.87,85.36,2.55
2015-10-11,20.18,0.65,79.41,3.84
2015-10-12,20.94,0.0,73.61,3.97
2015-10-13,20.15,0.0,77.66,4.03
2015-10-14,20.21,0.0,78.3,3.36
2015-10-15,20.98,0.0,81.59,3.15
2015-10-16,20.99,0.0,78.78,3.9
2015-10-17,20.57,0.0,80.23,4.86
2015-10-18,20.87,0.0,82.99,4.82
2015-10-19,21.8,0.0,81.61,4.39
2015-10-20,22.81,0.02,83.07,3.92
2015-10-21,23.03,0.0,82.18,4.91
2015-10-22,22.86,0.0,80.97,4.36
2015-10-23,22.45,0.01,81.85,2.75
2015-10-24,23.11,0.0,86.43,3.11
2015-10-25,22.29,0.0,85.09,3.51
2015-10-26,22.46,0.0,84.08,2.02
2015-10-27,24.3,0.1,83.29,0.99
2015-10-28,23.44,0.24,90.27,2.47
2015-10-29,22.93,0.06,88.09,1.54
2015-10-30,23.09,0.68,85.36,2.19
2015-10-31,20.07,0.55,85.35,4.94
2015-11-01,20.2,0.11,82.8,3.01
2015-11-02,19.06,0.04,82.24,3.97
2015-11-03,19.07,0.02,79.88,4.56
2015-11-04,21.36,0.0,83.81,3.35
2015-11-05,22.78,0.0,88.49,2.37
2015-11-06,23.44,0.0,89.39,1.92
2015-11-07,24.34,0.01,87.34,1.32
2015-11-08,24.66,0.04,83.12,1.42
2015-11-09,23.6,0.88,87.1,2.67
2015-11-10,19.55,0.68,82.46,5.24
2015-11-11,18.73,2.83,87.09,4.41
2015-11-12,20.28,0.81,88.66,3.37
2015-11-13,21.78,0.77,86.58,1.12
2015-11-14,22.23,1.44,87.85,1.23
2015-11-15,21.41,0.02,87.1,2.99
2015-11-16,22.01,0.03,88.06,1.77
2015-11-17,23.34,0.19,91.84,1.82
2015-11-18,24.72,0.03,87.26,1.0
2015-11-19,22.52,0.03,89.29,2.56
2015-11-20,21.81,0.0,87.36,3.0
2015-11-21,21.49,1.62,88.56,3.28
2015-11-22,22.19,0.44,85.04,2.8
2015-11-23,21.54,0.0,83.11,3.0
2015-11-24,20.47,0.0,82.07,3.9
2015-11-25,19.82,0.04,78.5,2.7
2015-11-26,14.91,0.0,60.46,4.71
2015-11-27,12.84,0.0,72.05,4.58
2015-11-28,14.97,0.0,78.39,3.15
2015-11-29,17.86,0.01,81.1,1.75
2015-11-30,18.36,0.12,86.49,2.65
2015-12-01,19.04,0.01,84.3,2.62
2015-12-02,20.19,0.08,82.88,1.55
2015-12-03,16.98,3.22,78.32,4.52
2015-12-04,15.82,0.55,74.06,4.84
2015-12-05,15.05,15.36,84.52,3.66
2015-12-06,15.19,12.42,85.54,4.2
2015-12-07,14.6,0.36,79.43,4.43
2015-12-08,15.11,10.89,84.82,5.3
2015-12-09,15.56,106.49,93.24,4.28
2015-12-10,17.82,26.23,86.78,1.55
2015-12-11,16.07,0.48,84.05,3.46
2015-12-12,15.96,0.13,87.77,3.82
2015-12-13,16.8,0.6,87.78,2.44
2015-12-14,18.21,1.89,87.75,2.33
2015-12-15,16.76,0.37,81.72,3.21
2015-12-16,12.83,0.01,73.08,4.5
2015-12-17,9.2,0.0,65.5,5.02
2015-12-18,9.12,0.02,74.34,4.71
2015-12-19,12.54,0.01,85.28,4.41
2015-12-20,15.24,1.71,85.48,1.73
2015-12-21,16.65,0.68,91.78,2.28
2015-12-22,17.39,0.48,91.98,1.85
2015-12-23,19.21,0.61,92.43,1.06
2015-12-24,20.07,3.41,90.8,0.89
2015-12-25,15.92,5.42,86.64,2.94
2015-12-26,14.03,0.5,84.05,2.25
2015-12-27,14.95,6.35,88.22,2.52
2015-12-28,13.43,0.0,80.28,4.7
2015-12-29,12.24,0.03,81.86,4.27
2015-12-30,13.59,0.33,84.45,3.31
2015-12-31,13.83,0.0,77.94,4.71
2016-01-01,13.37,0.0,80.6,3.56
2016-01-02,14.94,3.29,90.15,1.45
2016-01-03,16.76,17.62,92.56,1.42
2016-01-04,18.2,0.94,89.92,0.93
2016-01-05,17.64,2.56,94.21,1.53
2016-01-06,17.08,26.22,89.95,2.59
2016-01-07,15.26,0.01,83.53,3.4
2016-01-08,14.23,0.05,86.04,2.75
2016-01-09,13.27,0.01,83.15,3.75
2016-01-10,13.93,3.14,85.83,2.47
2016-01-11,14.99,16.93,92.59,2.43
2016-01-12,14.06,0.92,85.49,3.13
2016-01-13,13.26,0.0,82.25,2.93
2016-01-14,12.12,0.73,84.39,2.9
2016-01-15,12.83,14.32,90.02,2.72
2016-01-16,12.97,8.31,91.78,3.17
2016-01-17,14.64,11.67,89.53,1.62
2016-01-18,11.55,0.01,81.5,3.36
2016-01-19,11.46,0.09,82.73,4.19
2016-01-20,9.73,8.36,90.61,4.69
2016-01-21,12.32,9.09,90.54,2.9
2016-01-22,11.52,14.48,89.66,3.5
2016-01-23,8.01,3.74,82.34,5.06
2016-01-24,5.2,0.95,61.55,4.92
2016-01-25,3.33,0.0,67.35,4.14
2016-01-26,7.37,4.87,75.06,3.27
2016-01-27,11.0,9.77,93.57,3.1
2016-01-28,13.93,65.11,96.09,2.44
2016-01-29,14.04,34.76,92.55,2.04
2016-01-30,13.76,0.14,90.41,3.18
2016-01-31,11.41,2.03,88.96,4.71
2016-02-01,10.04,13.45,90.34,5.08
2016-02-02,9.14,0.65,83.19,4.52
2016-02-03,10.07,0.24,81.02,3.63
2016-02-04,11.89,0.03,83.89,2.59
2016-02-05,12.58,0.04,84.55,2.97
2016-02-06,10.13,0.0,71.09,3.66
2016-02-07,8.62,0.0,65.89,2.74
2016-02-08,10.15,0.0,62.63,2.12
2016-02-09,11.52,0.0,59.97,1.71
2016-02-10,13.11,3.08,79.73,2.07
2016-02-11,17.66,6.1,94.19,2.01
2016-02-12,18.73,3.05,93.57,1.67
2016-02-13,19.41,1.01,92.78,2.67
2016-02-14,16.23,4.01,87.22,3.92
2016-02-15,10.6,0.34,81.11,4.02
2016-02-16,10.77,0.04,75.0,2.85
2016-02-17,11.59,0.25,76.94,3.27
2016-02-18,12.48,0.57,81.12,2.74
2016-02-19,14.57,5.26,88.28,1.41
2016-02-20,14.08,2.26,81.97,3.67
2016-02-21,11.6,0.13,81.57,4.63
2016-02-22,13.87,2.66,90.19,1.62
2016-02-23,13.62,2.07,89.47,4.42
2016-02-24,10.99,0.5,80.4,6.21
2016-02-25,11.57,0.07,76.68,5.58
2016-02-26,11.64,0.06,80.44,3.87
2016-02-27,12.98,0.02,85.88,1.78
2016-02-28,14.39,0.0,77.04,1.91
2016-02-29,13.17,0.0,77.32,4.62
2016-03-01,11.28,0.0,79.13,4.19
2016-03-02,12.08,0.0,81.94,2.65
2016-03-03,14.23,0.0,78.75,1.46
2016-03-04,16.09,0.01,83.57,1.07
2016-03-05,18.35,0.21,84.53,1.13
2016-03-06,19.26,0.04,84.99,1.13
2016-03-07,17.44,0.55,90.4,1.54
2016-03-08,18.48,2.88,91.16,1.67
2016-03-09,17.01,18.87,90.66,3.21
2016-03-10,10.15,17.18,86.99,5.62
2016-03-11,9.67,4.17,82.08,4.35
2016-03-12,10.65,9.89,85.48,3.23
2016-03-13,14.32,27.4,92.4,2.04
2016-03-14,13.69,0.97,81.93,4.93
2016-03-15,11.7,2.74,82.87,4.01
2016-03-16,13.34,3.81,89.63,2.19
2016-03-17,15.11,5.96,91.59,2.05
2016-03-18,18.23,14.95,94.09,1.77
2016-03-19,20.1,16.51,92.12,1.66
2016-03-20,15.74,18.3,92.53,4.09
2016-03-21,13.57,64.26,91.71,4.43
2016-03-22,14.5,12.1,93.08,2.98
2016-03-23,15.81,39.4,93.88,3.64
2016-03-24,11.96,13.89,86.91,5.72
2016-03-25,11.14,1.35,83.35,3.4
2016-03-26,12.11,0.0,77.78,3.0
2016-03-27,12.86,0.0,75.91,2.51
2016-03-28,12.37,0.0,75.22,3.04
2016-03-29,14.68,0.0,75.36,1.48
2016-03-30,17.41,0.56,82.95,1.2
2016-03-31,19.45,0.47,89.65,1.36
2016-04-01,18.58,0.35,91.32,1.62
2016-04-02,18.81,0.09,91.45,1.47
2016-04-03,21.2,0.22,88.72,1.83
2016-04-04,21.24,4.65,91.2,1.61
2016-04-05,20.39,1.27,89.3,1.57
2016-04-06,21.58,0.4,90.03,2.08
2016-04-07,22.39,0.44,90.93,1.72
2016-04-08,22.08,1.63,90.6,1.9
2016-04-09,21.13,5.73,92.2,2.1
2016-04-10,21.67,23.71,94.61,2.89
2016-04-11,18.19,16.8,91.78,3.8
2016-04-12,19.0,19.37,89.39,2.17
2016-04-13,22.25,25.15,95.24,3.52
2016-04-14,22.6,32.83,95.09,1.78
2016-04-15,18.1,12.6,92.81,3.18
2016-04-16,21.55,2.68,92.19,2.83
2016-04-17,22.69,13.49,93.88,1.83
2016-04-18,19.83,13.5,89.55,2.85
2016-04-19,17.76,0.4,86.71,3.78
2016-04-20,20.16,0.61,90.96,1.88
2016-04-21,23.16,1.63,91.89,1.88
2016-04-22,23.08,0.53,90.58,2.08
2016-04-23,22.13,31.41,95.28,2.32
2016-04-24,23.44,24.55,92.83,2.45
2016-04-25,22.76,13.93,94.78,2.08
2016-04-26,23.12,11.3,93.45,2.31
2016-04-27,24.62,12.18,87.74,2.12
2016-04-28,22.07,0.16,85.92,1.93
2016-04-29,20.05,0.29,82.83,3.25
2016-04-30,18.61,21.57,85.11,2.67
2016-05-01,20.73,22.36,92.67,1.63
2016-05-02,24.09,1.47,92.38,2.27
2016-05-03,25.68,1.53,86.86,1.58
2016-05-04,24.23,0.76,92.32,1.42
2016-05-05,24.52,0.47,91.61,2.24
2016-05-06,25.02,2.09,90.95,1.83
2016-05-07,25.47,0.22,86.8,1.53
2016-05-08,25.1,1.89,89.87,1.49
2016-05-09,25.79,3.53,87.94,2.23
2016-05-10,25.23,12.98,89.3,2.92
2016-05-11,22.18,4.04,89.07,3.66
2016-05-12,21.49,0.2,86.78,2.51
2016-05-13,23.47,0.09,88.5,2.67
2016-05-14,24.26,0.05,89.42,2.58
2016-05-15,25.0,2.97,87.24,1.84
2016-05-16,20.45,1.97,86.16,4.29
2016-05-17,19.5,0.19,83.73,3.81
2016-05-18,20.75,0.04,79.49,2.38
2016-05-19,21.72,0.25,88.69,2.3
2016-05-20,22.91,5.64,90.82,1.96
2016-05-21,23.08,49.84,94.89,3.07
2016-05-22,24.22,22.37,92.49,1.97
2016-05-23,24.85,1.54,89.63,1.48
2016-05-24,25.14,0.72,90.93,1.19
2016-05-25,25.09,0.16,90.87,1.52
2016-05-26,25.28,1.48,91.09,1.69
2016-05-27,26.34,4.96,91.66,3.0
2016-05-28,26.85,9.9,90.84,3.62
2016-05-29,27.11,13.12,90.26,2.95
2016-05-30,27.2,3.59,90.52,2.46
2016-05-31,27.45,1.37,87.06,2.47
2016-06-01,28.18,0.44,88.06,3.46
2016-06-02,27.78,0.85,90.29,2.89
2016-06-03,27.43,1.69,91.18,3.17
2016-06-04,27.76,9.62,89.64,2.82
2016-06-05,26.64,14.61,87.76,1.43
2016-06-06,25.56,9.07,92.8,1.95
2016-06-07,26.01,0.69,89.98,2.08
2016-06-08,26.09,5.75,89.21,0.95
2016-06-09,25.98,3.62,91.25,1.7
2016-06-10,25.98,4.97,90.46,2.25
2016-06-11,25.96,22.36,93.73,3.83
2016-06-12,26.05,34.33,93.78,5.35
2016-06-13,26.58,10.96,93.91,3.49
2016-06-14,26.73,17.22,94.27,3.11
2016-06-15,27.11,3.15,93.47,3.61
2016-06-16,27.56,6.91,91.8,3.52
2016-06-17,26.9,7.54,93.21,2.41
2016-06-18,26.89,5.58,92.38,2.0
2016-06-19,27.29,1.74,88.83,1.86
2016-06-20,27.28,0.59,91.81,2.52
2016-06-21,27.63,0.03,88.43,1.93
2016-06-22,28.16,0.01,86.75,1.93
2016-06-23,27.72,0.0,87.59,1.98
2016-06-24,27.82,0.02,87.63,1.77
2016-06-25,28.44,0.36,83.48,2.02
2016-06-26,27.91,5.7,87.15,1.32
2016-06-27,27.67,0.63,87.45,1.49
2016-06-28,27.57,3.16,90.24,2.78
2016-06-29,27.46,2.59,91.87,2.16
2016-06-30,26.86,4.13,89.07,2.26
2016-07-01,27.09,3.14,90.2,2.26
2016-07-02,26.93,2.37,89.75,1.46
2016-07-03,27.6,3.0,87.64,2.29
2016-07-04,27.25,2.26,90.41,2.29
2016-07-05,27.58,2.18,87.27,1.48
2016-07-06,28.13,0.17,83.15,2.04
2016-07-07,27.95,0.16,83.56,2.95
2016-07-08,28.46,8.69,81.93,3.34
2016-07-09,26.64,22.42,90.1,5.6
2016-07-10,26.92,37.63,94.78,4.42
2016-07-11,27.0,7.89,92.05,4.07
2016-07-12,26.67,11.06,90.5,4.0
2016-07-13,27.22,7.81,90.81,3.05
2016-07-14,27.3,9.47,92.28,2.91
2016-07-15,27.39,1.41,91.43,2.95
2016-07-16,28.0,0.46,88.88,2.99
2016-07-17,27.57,2.25,90.4,2.32
2016-07-18,27.04,2.57,90.94,2.04
2016-07-19,26.45,8.45,92.55,2.42
2016-07-20,27.1,1.79,89.13,2.57
2016-07-21,27.33,0.04,87.15,2.18
2016-07-22,27.84,0.0,84.72,2.02
2016-07-23,28.34,0.0,83.86,1.59
2016-07-24,28.01,0.02,87.17,1.24
2016-07-25,27.43,0.03,84.9,1.53
2016-07-26,26.99,0.08,85.58,1.55
2016-07-27,27.43,0.16,85.25,2.23
2016-07-28,28.34,0.71,84.2,1.93
2016-07-29,28.7,2.74,82.37,1.13
2016-07-30,27.92,0.36,85.01,1.5
2016-07-31,27.75,0.81,84.05,2.42
2016-08-01,27.01,8.44,91.14,4.96
2016-08-02,26.45,14.32,92.28,4.93
2016-08-03,26.19,6.6,93.04,1.86
2016-08-04,27.24,0.16,85.73,1.27
2016-08-05,28.68,0.21,81.7,1.37
2016-08-06,27.5,4.08,88.66,0.93
2016-08-07,26.16,20.86,94.31,1.43
2016-08-08,26.68,8.75,94.17,0.82
2016-08-09,27.04,5.76,88.08,0.66
2016-08-10,26.65,2.49,88.88,1.7
2016-08-11,26.46,26.4,90.91,1.11
2016-08-12,26.4,8.41,90.8,2.26
2016-08-13,25.66,25.36,90.6,1.94
2016-08-14,25.96,28.82,93.83,3.85
2016-08-15,26.68,6.9,92.55,4.67
2016-08-16,26.81,7.02,92.67,4.23
2016-08-17,26.77,10.01,92.32,4.0
2016-08-18,26.93,15.24,92.14,3.44
2016-08-19,27.34,4.62,89.83,1.62
2016-08-20,27.92,6.82,89.03,1.75
2016-08-21,27.73,0.43,88.71,1.69
2016-08-22,27.77,0.07,83.78,1.16
2016-08-23,27.95,0.04,83.69,1.53
2016-08-24,28.05,0.32,85.16,1.59
2016-08-25,28.51,0.08,80.42,1.11
2016-08-26,27.67,7.54,89.39,1.55
2016-08-27,27.64,2.81,86.11,1.46
2016-08-28,27.04,10.6,84.77,1.57
2016-08-29,24.75,3.21,77.35,3.09
2016-08-30,25.89,0.01,73.89,1.6
2016-08-31,26.11,0.01,78.44,2.0
2016-09-01,26.99,2.1,89.62,2.71
2016-09-02,27.29,7.22,92.16,2.39
2016-09-03,26.39,11.16,91.49,2.13
2016-09-04,26.58,0.67,89.59,2.8
2016-09-05,26.96,1.3,90.1,2.5
2016-09-06,26.73,2.22,89.36,1.67
2016-09-07,26.43,2.31,91.31,2.64
2016-09-08,26.78,28.7,91.58,2.5
2016-09-09,26.59,44.9,88.71,1.91
2016-09-10,26.21,17.43,89.5,1.67
2016-09-11,26.66,10.91,90.61,1.75
2016-09-12,26.07,1.96,90.33,2.2
2016-09-13,25.77,3.56,86.4,3.2
2016-09-14,26.64,28.85,83.85,7.23
2016-09-15,25.72,64.35,92.33,6.68
2016-09-16,26.62,4.76,88.51,1.64
2016-09-17,26.62,10.47,86.03,1.22
2016-09-18,26.31,9.55,87.13,1.4
2016-09-19,25.7,1.94,85.01,2.23
2016-09-20,24.37,0.01,82.57,3.88
2016-09-21,23.99,0.0,84.28,3.66
2016-09-22,24.35,0.0,84.82,2.96
2016-09-23,24.96,0.01,85.75,3.08
2016-09-24,25.01,0.0,83.07,2.94
2016-09-25,25.24,0.0,82.43,2.93
2016-09-26,25.42,0.0,82.01,2.73
2016-09-27,27.04,3.09,79.08,3.91
2016-09-28,26.14,45.86,89.25,8.35
2016-09-29,26.05,13.69,91.66,3.26
2016-09-30,26.05,10.58,91.04,2.35
2016-10-01,26.05,17.43,87.39,1.15
2016-10-02,25.95,21.84,84.11,1.28
2016-10-03,26.42,1.61,83.06,1.34
2016-10-04,26.29,1.07,85.62,1.46
2016-10-05,25.96,4.93,87.14,2.47
2016-10-06,25.77,1.48,89.23,5.01
2016-10-07,25.51,9.29,92.42,3.1
2016-10-08,25.34,12.45,92.64,3.02
2016-10-09,20.86,22.48,89.17,7.36
2016-10-10,19.22,29.07,92.29,6.44
2016-10-11,21.59,6.72,91.51,4.82
2016-10-12,21.96,0.82,88.58,5.14
2016-10-13,21.98,0.07,83.68,4.65
2016-10-14,22.54,0.01,83.78,4.25
2016-10-15,23.53,0.11,86.8,3.96
2016-10-16,25.39,0.02,86.75,3.96
2016-10-17,24.98,1.86,89.0,4.9
2016-10-18,24.24,5.27,93.61,4.45
2016-10-19,24.43,0.41,90.44,3.83
2016-10-20,25.41,1.18,88.1,4.78
2016-10-21,25.16,52.23,92.73,7.54
2016-10-22,25.82,4.27,92.56,3.98
2016-10-23,26.08,1.19,91.1,1.64
2016-10-24,24.33,4.0,92.26,2.53
2016-10-25,24.77,0.12,88.2,1.26
2016-10-26,25.19,0.01,86.04,1.17
2016-10-27,25.95,0.01,84.62,1.01
2016-10-28,26.23,0.03,86.04,0.79
2016-10-29,23.11,0.11,87.03,5.31
2016-10-30,20.17,0.04,85.0,5.82
2016-10-31,21.34,0.0,84.82,3.68
2016-11-01,20.47,0.02,82.2,6.1
2016-11-02,18.79,0.03,80.12,5.48
2016-11-03,17.93,0.01,82.29,4.6
2016-11-04,18.97,0.0,82.0,2.59
2016-11-05,20.31,0.0,82.32,1.47
2016-11-06,20.93,0.0,87.3,1.94
2016-11-07,22.14,0.06,89.44,1.63
2016-11-08,22.22,1.61,88.18,2.2
2016-11-09,17.18,1.26,83.37,5.2
2016-11-10,17.87,3.46,85.3,2.39
2016-11-11,17.0,0.04,84.32,3.12
2016-11-12,20.26,0.02,84.07,1.38
2016-11-13,21.85,0.01,88.27,1.25
2016-11-14,23.5,0.0,85.14,1.09
2016-11-15,22.43,0.03,90.41,2.92
2016-11-16,20.94,0.01,88.42,3.15
2016-11-17,20.98,0.01,88.43,2.07
2016-11-18,21.86,0.04,86.98,1.45
2016-11-19,23.18,1.87,84.78,1.1
2016-11-20,21.93,20.67,92.13,3.01
2016-11-21,21.44,8.86,92.79,2.42
2016-11-22,21.17,25.17,92.87,3.53
2016-11-23,17.81,21.61,89.2,5.59
2016-11-24,15.39,0.38,83.43,5.58
2016-11-25,16.05,5.54,88.89,4.25
2016-11-26,16.85,62.1,90.17,3.53
2016-11-27,15.53,11.7,86.83,5.02
2016-11-28,14.11,0.12,78.85,6.2
2016-11-29,16.5,0.0,86.36,4.85
2016-11-30,16.94,0.01,87.48,2.98
2016-12-01,17.0,0.0,87.03,4.13
2016-12-02,15.73,0.0,82.45,5.05
2016-12-03,16.72,0.02,83.71,3.37
2016-12-04,19.26,0.5,85.9,1.7
2016-12-05,19.71,0.02,88.16,2.03
2016-12-06,16.43,0.0,81.05,4.63
2016-12-07,14.85,0.0,81.6,3.33
2016-12-08,14.82,0.0,85.53,3.13
2016-12-09,15.03,0.0,79.63,3.49
2016-12-10,15.89,0.0,86.99,4.43
2016-12-11,15.93,0.0,86.36,4.62
2016-12-12,17.31,0.0,85.36,1.63
2016-12-13,18.33,0.0,87.51,1.66
2016-12-14,16.51,0.0,84.38,4.4
2016-12-15,13.41,0.0,81.31,4.82
2016-12-16,10.16,0.0,71.12,5.35
2016-12-17,11.29,0.14,84.7,4.01
2016-12-18,14.88,0.0,86.49,2.05
2016-12-19,16.45,0.04,88.33,2.04
2016-12-20,18.45,0.13,90.99,2.47
2016-12-21,19.99,15.81,94.06,1.59
2016-12-22,18.0,17.39,87.84,2.74
2016-12-23,14.26,0.01,78.27,5.37
2016-12-24,13.71,1.22,86.9,4.69
2016-12-25,16.44,1.67,90.44,2.89
2016-12-26,18.63,0.0,84.8,1.35
2016-12-27,14.34,0.0,76.33,5.35
2016-12-28,10.26,0.02,76.1,5.35
2016-12-29,11.39,0.0,76.04,5.06
2016-12-30,11.78,0.0,83.33,4.67
2016-12-31,14.08,0.0,86.06,3.41
2017-01-01,16.15,0.0,87.36,2.84
2017-01-02,17.48,0.0,87.66,1.71
2017-01-03,16.84,0.0,90.2,2.94
2017-01-04,16.83,0.0,91.64,2.43
2017-01-05,18.64,0.0,89.01,1.07
2017-01-06,18.01,0.02,92.38,1.91
2017-01-07,18.23,0.05,88.86,1.44
2017-01-08,18.03,0.01,84.58,2.02
2017-01-09,15.57,0.01,85.31,3.51
2017-01-10,13.58,0.0,85.39,3.6
2017-01-11,14.5,0.04,84.97,3.83
2017-01-12,15.03,2.71,87.69,2.73
2017-01-13,14.17,4.62,87.5,3.77
2017-01-14,11.84,3.46,84.06,5.0
2017-01-15,11.23,2.47,83.16,4.66
2017-01-16,11.97,0.03,82.31,4.38
2017-01-17,13.11,0.23,87.07,3.36
2017-01-18,14.88,0.26,89.08,2.3
2017-01-19,15.98,0.45,90.9,1.4
2017-01-20,13.31,0.04,81.25,4.45
2017-01-21,11.2,0.0,76.26,3.18
2017-01-22,10.99,0.0,75.47,4.03
2017-01-23,10.29,0.0,78.52,4.96
2017-01-24,10.62,0.0,82.69,4.82
2017-01-25,12.34,0.0,83.55,4.05
2017-01-26,11.73,0.0,83.98,4.27
2017-01-27,12.2,0.0,80.23,2.47
2017-01-28,13.42,0.09,89.67,2.68
2017-01-29,15.89,0.99,93.13,1.42
2017-01-30,15.31,1.78,88.7,4.0
2017-01-31,11.71,0.08,82.74,5.15
2017-02-01,13.06,0.07,83.11,4.36
2017-02-02,12.06,0.01,80.52,5.32
2017-02-03,12.56,0.0,83.64,3.08
2017-02-04,15.41,0.02,85.63,1.43
2017-02-05,15.74,0.15,89.84,2.54
2017-02-06,13.98,0.0,79.24,5.44
2017-02-07,12.83,0.02,78.4,4.84
2017-02-08,14.43,0.46,80.28,2.04
2017-02-09,10.37,0.0,72.41,3.74
2017-02-10,9.03,0.0,70.4,3.99
2017-02-11,9.32,0.0,68.01,4.15
2017-02-12,9.49,0.0,71.3,3.73
2017-02-13,10.47,0.0,74.85,3.71
2017-02-14,11.33,0.0,77.28,3.89
2017-02-15,12.36,0.0,78.91,2.45
2017-02-16,14.52,0.0,78.56,1.58
2017-02-17,16.95,0.0,70.95,1.34
2017-02-18,15.0,0.01,86.1,2.97
2017-02-19,15.36,0.63,85.52,2.6
2017-02-20,18.6,3.38,89.55,1.61
2017-02-21,14.77,9.22,86.91,4.99
2017-02-22,16.63,35.82,90.81,1.63
2017-02-23,14.73,2.13,85.12,3.26
2017-02-24,10.37,6.7,87.11,4.0
2017-02-25,10.36,7.36,87.17,3.23
2017-02-26,11.86,5.66,83.26,3.55
2017-02-27,12.15,0.0,71.87,4.27
2017-02-28,12.67,0.05,75.44,2.9
2017-03-01,14.98,0.12,78.3,1.41
2017-03-02,12.74,0.0,70.77,3.55
2017-03-03,12.1,0.02,76.48,2.87
2017-03-04,14.77,0.14,84.03,1.46
2017-03-05,18.19,1.35,86.42,1.8
2017-03-06,15.67,0.59,84.63,3.64
2017-03-07,12.19,5.02,86.43,3.72
2017-03-08,12.36,4.92,85.35,3.31
2017-03-09,13.45,10.08,82.85,3.14
2017-03-10,14.52,14.96,92.8,3.14
2017-03-11,15.34,1.51,87.34,3.24
2017-03-12,16.09,1.0,89.54,2.06
2017-03-13,19.81,1.31,89.32,2.1
2017-03-14,14.63,2.94,83.68,4.87
2017-03-15,12.78,0.92,75.18,4.47
2017-03-16,14.14,2.45,86.72,2.32
2017-03-17,15.32,0.43,87.47,3.18
2017-03-18,16.61,6.77,89.09,1.84
2017-03-19,16.56,5.81,91.77,2.96
2017-03-20,19.47,0.76,87.21,1.78
2017-03-21,18.56,0.3,85.92,3.89
2017-03-22,15.62,5.94,87.91,3.09
2017-03-23,18.55,1.93,85.68,2.32
2017-03-24,17.22,0.1,84.13,2.69
2017-03-25,16.83,5.89,86.17,2.98
2017-03-26,13.84,2.44,77.26,3.65
2017-03-27,14.89,0.0,75.28,3.27
2017-03-28,16.58,0.28,80.55,1.91
2017-03-29,18.36,1.36,83.73,1.63
2017-03-30,17.55,1.23,90.97,1.65
2017-03-31,18.9,15.34,88.16,3.25
2017-04-01,15.24,0.61,74.92,4.11
2017-04-02,14.96,0.0,74.81,3.0
2017-04-03,15.77,0.0,73.05,3.11
2017-04-04,16.89,0.01,79.06,2.01
2017-04-05,19.56,0.5,84.49,1.54
2017-04-06,20.68,0.98,88.62,1.56
2017-04-07,22.18,0.78,88.65,2.26
2017-04-08,22.89,0.17,87.22,1.51
2017-04-09,23.28,0.06,86.47,2.78
2017-04-10,24.31,0.46,88.69,4.12
2017-04-11,22.18,14.79,86.08,2.95
2017-04-12,17.66,5.7,85.03,4.79
2017-04-13,17.45,1.79,76.23,3.82
2017-04-14,19.55,0.0,76.84,1.53
2017-04-15,22.0,0.05,81.85,1.21
2017-04-16,23.39,0.18,85.19,1.32
2017-04-17,24.68,0.19,85.61,2.25
2017-04-18,24.56,0.67,81.17,1.71
2017-04-19,24.29,5.87,86.25,1.57
2017-04-20,23.73,8.78,85.62,1.93
2017-04-21,23.63,31.36,89.96,3.57
2017-04-22,18.15,5.69,83.62,4.01
2017-04-23,18.65,0.45,80.98,3.13
2017-04-24,19.92,0.44,76.48,2.44
2017-04-25,19.61,9.06,88.52,1.52
2017-04-26,23.25,4.91,87.45,1.33
2017-04-27,17.81,33.36,88.8,5.03
2017-04-28,18.36,0.06,73.87,2.98
2017-04-29,19.62,0.0,66.98,1.51
2017-04-30,20.9,0.0,67.73,1.31
2017-05-01,21.81,0.78,80.36,1.54
2017-05-02,23.78,7.27,86.09,1.57
2017-05-03,23.6,0.18,87.79,1.57
2017-05-04,23.95,0.89,88.7,1.98
2017-05-05,24.78,0.55,86.02,1.44
2017-05-06,24.28,1.36,86.62,2.1
2017-05-07,22.41,0.35,86.08,3.16
2017-05-08,23.11,6.04,87.21,2.14
2017-05-09,25.06,5.7,80.97,1.2
2017-05-10,23.79,0.0,80.97,1.48
2017-05-11,24.33,0.56,84.52,1.67
2017-05-12,25.45,1.88,87.57,2.04
2017-05-13,23.99,6.42,88.45,1.49
2017-05-14,24.33,0.5,84.38,1.34
2017-05-15,23.04,37.45,90.39,2.1
2017-05-16,20.89,24.02,90.83,2.93
2017-05-17,22.16,0.01,84.43,2.22
2017-05-18,22.72,0.0,81.52,3.15
2017-05-19,22.11,4.44,88.76,2.6
2017-05-20,23.69,2.35,86.41,2.4
2017-05-21,23.73,0.43,86.78,2.74
2017-05-22,24.04,0.19,86.43,2.12
2017-05-23,25.19,1.48,87.14,1.69
2017-05-24,25.92,13.02,87.91,2.04
2017-05-25,23.78,2.12,85.74,3.5
2017-05-26,22.49,0.64,77.48,3.06
2017-05-27,21.83,0.05,78.52,3.24
2017-05-28,22.75,0.02,81.23,3.26
2017-05-29,22.99,0.01,84.75,2.66
2017-05-30,24.53,0.04,88.24,1.59
2017-05-31,25.95,0.06,86.12,1.97
2017-06-01,26.71,6.2,89.65,3.84
2017-06-02,26.99,18.85,91.64,4.49
2017-06-03,25.85,22.13,92.72,1.87
2017-06-04,24.93,19.32,93.6,2.46
2017-06-05,25.49,8.67,91.75,2.21
2017-06-06,26.5,0.93,88.62,1.84
2017-06-07,27.31,1.96,87.23,1.64
2017-06-08,26.94,3.75,87.43,1.39
2017-06-09,26.82,0.99,86.4,1.64
2017-06-10,27.53,0.22,84.58,1.59
2017-06-11,28.07,0.66,85.06,1.31
2017-06-12,27.11,6.51,90.6,2.89
2017-06-13,26.41,29.33,89.44,6.04
2017-06-14,26.86,39.24,89.9,3.61
2017-06-15,26.34,28.3,90.98,1.99
2017-06-16,26.05,17.69,93.65,3.03
2017-06-17,25.77,51.56,93.2,2.56
2017-06-18,25.06,47.84,95.56,3.41
2017-06-19,26.02,22.95,92.96,3.76
2017-06-20,26.45,11.81,92.05,4.18
2017-06-21,26.51,5.8,93.65,3.65
2017-06-22,27.17,1.16,90.63,2.76
2017-06-23,27.08,0.71,89.72,2.46
2017-06-24,27.31,1.52,89.67,2.96
2017-06-25,27.56,2.87,90.06,3.5
2017-06-26,26.6,2.42,90.02,2.73
2017-06-27,26.67,2.8,88.5,2.18
2017-06-28,27.32,0.69,87.21,1.37
2017-06-29,27.07,2.45,86.28,1.38
2017-06-30,26.62,3.62,88.57,1.56
2017-07-01,26.7,6.17,89.87,2.7
2017-07-02,26.61,3.12,90.33,2.12
2017-07-03,26.77,5.41,89.31,1.78
2017-07-04,26.95,6.23,90.22,1.58
2017-07-05,26.64,10.03,93.07,2.0
2017-07-06,26.61,9.27,93.4,2.01
2017-07-07,26.79,10.48,91.66,2.85
2017-07-08,26.37,9.26,92.23,2.12
2017-07-09,26.81,1.71,89.66,1.81
2017-07-10,26.9,0.79,87.44,1.69
2017-07-11,27.51,0.44,84.95,1.41
2017-07-12,27.14,1.99,89.06,1.17
2017-07-13,27.87,0.54,84.46,1.4
2017-07-14,27.48,0.99,89.12,1.57
2017-07-15,27.23,5.17,89.37,1.92
2017-07-16,27.4,4.06,88.06,2.43
2017-07-17,26.54,22.17,89.97,4.31
2017-07-18,26.34,12.58,87.78,1.6
2017-07-19,26.85,1.23,86.4,1.56
2017-07-20,27.06,0.89,87.66,1.57
2017-07-21,27.4,0.7,85.2,1.36
2017-07-22,27.51,0.87,85.04,1.39
2017-07-23,27.07,4.44,89.54,1.97
2017-07-24,27.87,0.3,85.7,1.48
2017-07-25,28.01,0.55,83.84,1.44
2017-07-26,27.54,0.45,83.37,1.05
2017-07-27,27.49,0.15,84.87,1.63
2017-07-28,27.67,0.32,85.79,2.2
2017-07-29,28.59,1.19,81.05,2.95
2017-07-30,27.72,26.0,90.43,5.18
2017-07-31,27.57,65.48,94.83,5.76
2017-08-01,27.14,20.46,95.31,3.38
2017-08-02,27.06,9.36,93.32,1.76
2017-08-03,27.36,4.47,89.86,1.6
2017-08-04,27.56,0.83,89.06,1.78
2017-08-05,27.96,0.05,88.05,2.3
2017-08-06,28.77,0.04,87.5,2.27
2017-08-07,28.54,0.13,87.43,2.11
2017-08-08,28.08,0.19,89.38,3.02
2017-08-09,27.92,0.29,89.68,3.34
2017-08-10,27.78,4.55,90.95,3.13
2017-08-11,27.7,0.72,89.16,2.53
2017-08-12,27.41,0.11,86.89,2.46
2017-08-13,27.9,0.0,86.12,2.64
2017-08-14,27.55,0.01,86.15,2.65
2017-08-15,27.77,0.03,85.72,2.29
2017-08-16,28.04,0.09,84.59,1.76
2017-08-17,27.78,0.41,84.62,1.03
2017-08-18,28.13,0.05,81.92,0.98
2017-08-19,28.09,0.05,82.2,1.4
2017-08-20,28.26,1.09,83.73,1.37
2017-08-21,27.99,1.29,85.52,1.26
2017-08-22,27.7,6.87,84.75,4.04
2017-08-23,26.73,14.59,90.97,4.71
2017-08-24,26.76,4.4,90.54,2.12
2017-08-25,27.21,1.59,84.53,1.1
2017-08-26,26.74,5.01,87.67,2.0
2017-08-27,26.13,14.14,92.93,2.83
2017-08-28,26.94,1.63,85.82,1.29
2017-08-29,27.68,0.14,81.51,1.95
2017-08-30,27.53,0.05,80.7,2.88
2017-08-31,27.23,0.06,84.71,3.18
2017-09-01,26.21,0.18,84.9,4.64
2017-09-02,25.96,1.45,84.97,5.72
2017-09-03,26.14,20.51,91.73,5.0
2017-09-04,26.61,10.31,90.64,3.45
2017-09-05,26.91,0.64,86.53,1.53
2017-09-06,27.69,0.09,83.94,1.39
2017-09-07,27.67,5.76,86.82,1.63
2017-09-08,27.1,1.38,90.07,1.99
2017-09-09,26.93,1.44,88.39,1.7
2017-09-10,27.1,0.43,86.68,1.54
2017-09-11,27.79,0.07,85.45,1.63
2017-09-12,27.62,7.4,88.89,1.87
2017-09-13,26.8,0.21,84.28,3.98
2017-09-14,26.84,0.0,75.31,1.55
2017-09-15,27.81,0.0,78.44,1.55
2017-09-16,27.86,0.0,74.44,1.6
2017-09-17,26.38,0.0,80.41,2.09
2017-09-18,25.9,0.06,81.82,2.05
2017-09-19,25.9,0.0,76.73,1.55
2017-09-20,26.8,0.01,79.88,1.32
2017-09-21,27.71,1.36,81.38,1.02
2017-09-22,27.2,1.51,85.3,1.56
2017-09-23,27.12,0.99,87.85,1.97
2017-09-24,27.29,0.53,89.25,2.38
2017-09-25,27.88,0.16,85.07,1.81
2017-09-26,28.17,0.0,81.13,1.6
2017-09-27,28.63,0.01,80.12,1.69
2017-09-28,28.48,0.12,84.31,1.4
2017-09-29,26.53,0.34,88.04,2.24
2017-09-30,26.88,0.69,85.59,2.93
2017-10-01,27.71,0.09,82.34,1.8
2017-10-02,28.06,0.01,77.6,1.53
2017-10-03,28.19,0.37,81.04,1.74
2017-10-04,25.86,0.49,82.44,4.64
2017-10-05,25.51,0.02,79.12,3.76
2017-10-06,26.42,0.01,80.69,3.35
2017-10-07,26.29,0.01,80.56,4.91
2017-10-08,26.41,0.0,78.42,5.71
2017-10-09,27.51,0.01,80.45,4.63
2017-10-10,28.21,0.01,78.89,3.72
2017-10-11,27.8,0.01,75.68,4.74
2017-10-12,26.62,0.01,75.01,5.8
2017-10-13,25.24,0.47,70.39,7.16
2017-10-14,23.9,5.03,78.95,7.48
2017-10-15,24.08,19.82,92.85,6.05
2017-10-16,24.42,11.58,91.03,4.23
2017-10-17,24.25,0.48,84.02,4.63
2017-10-18,24.24,0.02,79.25,4.09
2017-10-19,24.25,0.03,78.89,3.91
2017-10-20,23.9,0.04,75.64,3.76
2017-10-21,22.06,0.01,73.19,3.05
2017-10-22,20.34,0.0,66.41,2.73
2017-10-23,20.26,0.0,64.86,3.61
2017-10-24,20.26,0.0,68.77,4.46
2017-10-25,20.03,0.0,70.66,4.27
2017-10-26,20.92,0.0,72.81,3.23
2017-10-27,21.46,0.0,72.58,2.77
2017-10-28,21.5,0.0,71.49,2.05
2017-10-29,20.55,0.0,63.92,4.47
2017-10-30,18.95,0.0,64.9,6.05
2017-10-31,18.25,0.0,71.51,4.85
2017-11-01,19.56,0.0,76.7,3.11
2017-11-02,21.43,0.01,75.37,2.59
2017-11-03,21.49,0.08,67.24,3.82
2017-11-04,19.5,0.05,66.97,7.03
2017-11-05,18.24,0.03,70.84,6.49
2017-11-06,19.97,0.53,80.35,3.4
2017-11-07,23.61,0.43,77.9,2.02
2017-11-08,22.7,0.08,75.42,4.56
2017-11-09,21.51,0.0,69.16,4.95
2017-11-10,22.19,0.0,73.08,2.73
2017-11-11,20.96,0.19,79.27,4.7
2017-11-12,19.31,2.11,82.32,4.25
2017-11-13,19.53,9.77,89.1,3.0
2017-11-14,21.4,3.03,84.99,2.42
2017-11-15,21.49,0.61,81.12,2.95
2017-11-16,21.25,0.24,82.93,2.66
2017-11-17,23.04,0.16,81.16,1.79
2017-11-18,20.45,2.57,83.99,4.87
2017-11-19,15.29,3.73,80.04,6.06
2017-11-20,16.33,3.67,82.18,4.47
2017-11-21,17.48,2.9,83.86,3.61
2017-11-22,19.06,2.33,75.48,2.76
2017-11-23,15.77,0.03,62.15,4.77
2017-11-24,13.58,3.78,74.74,5.25
2017-11-25,13.7,10.2,88.92,4.12
2017-11-26,16.62,3.88,87.41,2.9
2017-11-27,17.71,0.09,77.87,4.01
2017-11-28,20.39,0.06,79.77,2.33
2017-11-29,21.55,0.01,85.94,1.93
2017-11-30,19.57,0.23,82.01,4.59
2017-12-01,16.6,0.57,75.11,6.32
2017-12-02,16.67,0.03,73.76,5.25
2017-12-03,17.54,0.0,76.98,3.76
2017-12-04,17.82,0.0,75.8,4.21
2017-12-05,15.26,0.01,59.97,5.4
2017-12-06,13.95,0.02,69.34,4.14
2017-12-07,14.84,0.0,69.27,3.24
2017-12-08,13.45,0.0,64.95,4.5
2017-12-09,11.58,0.0,62.93,3.35
2017-12-10,13.88,0.0,64.18,2.08
2017-12-11,14.0,0.0,63.37,4.54
2017-12-12,13.29,0.29,74.7,4.96
2017-12-13,15.25,0.28,76.89,5.63
2017-12-14,16.07,0.37,80.36,4.58
2017-12-15,17.41,0.9,79.73,2.22
2017-12-16,14.63,0.26,76.09,4.33
2017-12-17,11.39,0.22,58.82,5.58
2017-12-18,12.62,0.0,56.26,4.73
2017-12-19,12.32,0.0,53.92,5.9
2017-12-20,11.06,0.0,57.51,5.03
2017-12-21,10.46,0.0,64.79,5.13
2017-12-22,13.15,0.0,69.01,3.46
2017-12-23,16.43,0.0,76.67,1.57
2017-12-24,16.84,0.0,63.6,2.58
2017-12-25,12.58,0.0,58.9,4.5
2017-12-26,13.01,0.0,69.88,3.76
2017-12-27,13.68,0.0,74.45,4.4
2017-12-28,14.99,0.01,79.33,2.29
2017-12-29,15.35,0.0,82.24,3.13
2017-12-30,15.95,0.0,79.98,2.75
2017-12-31,14.52,0.0,70.31,3.93
2018-01-01,12.94,0.0,69.93,4.19
2018-01-02,15.14,0.0,77.11,3.31
2018-01-03,17.12,0.0,77.09,2.96
2018-01-04,16.21,1.65,86.7,2.36
2018-01-05,14.83,2.04,85.31,3.3
2018-01-06,12.57,37.8,87.25,4.9
2018-01-07,14.56,70.36,93.97,2.59
2018-01-08,14.49,50.37,88.33,2.69
2018-01-09,9.13,15.69,73.53,3.84
2018-01-10,8.68,0.0,62.59,3.79
2018-01-11,8.13,0.0,64.25,4.08
2018-01-12,7.19,0.0,69.54,4.89
2018-01-13,7.29,0.0,74.86,4.85
2018-01-14,9.91,0.0,83.12,2.96
2018-01-15,12.47,0.0,86.93,2.33
2018-01-16,14.96,0.01,85.32,1.63
2018-01-17,14.89,0.0,80.59,2.54
2018-01-18,15.45,0.52,89.27,3.05
2018-01-19,15.53,0.93,89.17,3.3
2018-01-20,15.67,0.04,85.88,2.66
2018-01-21,15.76,0.17,85.82,2.31
2018-01-22,15.81,0.11,85.64,2.31
2018-01-23,14.36,0.0,81.49,3.3
2018-01-24,13.71,0.0,80.8,4.81
2018-01-25,13.14,0.06,83.23,4.36
2018-01-26,11.59,0.08,83.4,5.32
2018-01-27,10.81,2.05,83.63,4.31
2018-01-28,14.02,5.46,86.8,2.44
2018-01-29,10.16,6.74,80.43,4.76
2018-01-30,8.63,4.93,82.0,4.8
2018-01-31,10.02,9.84,88.63,3.36
2018-02-01,8.77,0.19,76.22,4.3
2018-02-02,9.9,0.33,75.39,3.81
2018-02-03,7.96,0.13,75.07,4.67
2018-02-04,7.49,0.04,73.19,4.05
2018-02-05,7.01,0.06,71.34,3.64
2018-02-06,5.93,0.0,65.93,4.42
2018-02-07,7.61,0.09,74.24,4.12
2018-02-08,10.17,0.14,71.23,4.42
2018-02-09,12.65,1.13,80.19,1.9
2018-02-10,13.88,3.51,89.27,2.15
2018-02-11,11.91,0.02,77.59,4.12
2018-02-12,10.54,0.0,66.94,3.49
2018-02-13,10.06,0.0,71.47,2.63
2018-02-14,12.67,0.0,81.26,1.65
2018-02-15,17.86,0.01,82.89,1.22
2018-02-16,19.02,0.0,83.49,1.13
2018-02-17,14.51,0.0,82.74,4.68
2018-02-18,15.5,0.0,81.56,1.89
2018-02-19,19.4,0.0,77.64,1.47
2018-02-20,16.49,0.62,86.93,2.04
2018-02-21,14.16,5.2,86.23,4.04
2018-02-22,11.33,7.4,87.98,3.83
2018-02-23,12.95,0.09,79.93,3.51
2018-02-24,14.38,1.81,81.44,1.31
2018-02-25,15.35,1.7,89.36,2.6
2018-02-26,13.67,0.03,78.84,4.06
2018-02-27,14.2,0.03,79.4,1.98
2018-02-28,18.61,2.28,79.9,1.71
2018-03-01,18.02,0.0,77.43,2.16
2018-03-02,18.25,0.05,82.12,1.6
2018-03-03,19.68,0.02,85.12,1.53
2018-03-04,20.87,0.62,90.6,1.53
2018-03-05,22.47,0.69,81.98,2.51
2018-03-06,15.03,0.12,72.98,5.87
2018-03-07,16.12,2.38,78.02,2.79
2018-03-08,14.4,11.29,77.56,3.83
2018-03-09,11.7,0.01,66.87,4.63
2018-03-10,11.45,0.0,65.82,3.46
2018-03-11,13.19,0.01,75.76,2.55
2018-03-12,15.71,0.0,71.61,1.45
2018-03-13,16.78,0.0,68.16,1.37
2018-03-14,17.61,2.93,79.28,1.45
2018-03-15,18.91,13.73,90.22,1.27
2018-03-16,19.38,1.72,82.83,2.15
2018-03-17,15.89,0.15,80.58,4.57
2018-03-18,17.83,0.03,84.48,1.87
2018-03-19,20.86,9.6,85.96,1.78
2018-03-20,19.04,20.81,83.91,1.45
2018-03-21,14.59,0.01,69.04,2.68
2018-03-22,14.23,0.0,71.38,2.81
2018-03-23,15.41,0.0,71.32,2.3
2018-03-24,16.69,0.0,70.37,1.93
2018-03-25,17.88,0.03,74.53,2.44
2018-03-26,19.06,0.35,78.36,1.35
2018-03-27,19.27,0.07,80.68,1.68
2018-03-28,18.72,0.0,78.11,2.15
2018-03-29,19.68,0.0,77.64,1.77
2018-03-30,20.8,0.0,77.72,3.55
2018-03-31,20.4,0.0,74.1,3.6
2018-04-01,21.18,0.0,70.47,1.93
2018-04-02,21.87,0.0,74.88,1.51
2018-04-03,22.31,0.0,80.05,2.08
2018-04-04,22.68,0.0,79.75,1.99
2018-04-05,22.88,0.0,81.28,1.85
2018-04-06,20.44,4.0,82.32,3.46
2018-04-07,15.8,0.14,57.39,4.37
2018-04-08,16.41,0.0,54.43,2.21
2018-04-09,18.34,0.0,57.66,1.44
2018-04-10,20.97,0.02,75.61,1.92
2018-04-11,23.57,0.05,78.39,2.08
2018-04-12,24.41,0.45,77.71,2.29
2018-04-13,24.82,1.88,78.53,2.03
2018-04-14,24.4,2.6,82.57,2.17
2018-04-15,19.41,7.86,80.47,3.69
2018-04-16,17.88,2.32,79.97,3.22
2018-04-17,19.39,0.29,73.27,3.34
2018-04-18,20.2,0.0,65.56,2.72
2018-04-19,20.39,0.0,69.15,2.36
2018-04-20,21.2,0.04,80.27,1.94
2018-04-21,22.57,0.0,78.32,1.7
2018-04-22,23.93,0.21,79.37,1.71
2018-04-23,25.08,0.83,80.46,2.2
2018-04-24,24.78,1.88,77.44,2.54
2018-04-25,21.99,0.2,73.93,4.0
2018-04-26,22.48,1.05,74.03,1.99
2018-04-27,23.3,1.62,78.01,1.75
2018-04-28,23.21,0.25,75.1,2.63
2018-04-29,24.76,0.07,74.15,2.06
2018-04-30,25.82,0.16,75.02,2.23
2018-05-01,26.24,0.09,75.41,2.3
2018-05-02,27.57,0.69,73.71,1.9
2018-05-03,23.6,3.11,79.52,4.73
2018-05-04,22.94,0.39,65.03,3.83
2018-05-05,24.66,0.0,67.72,2.37
2018-05-06,25.96,10.44,81.77,2.89
2018-05-07,25.8,30.05,87.68,4.12
2018-05-08,24.6,33.71,86.22,1.52
2018-05-09,22.12,16.94,83.72,4.79
2018-05-10,21.1,4.75,77.84,4.11
2018-05-11,22.41,0.18,76.6,2.08
2018-05-12,25.0,0.01,76.43,1.58
2018-05-13,26.55,0.12,79.63,2.07
2018-05-14,26.61,0.08,82.07,2.5
2018-05-15,26.8,0.03,79.53,2.61
2018-05-16,27.06,0.06,78.94,2.26
2018-05-17,27.76,0.0,75.01,2.65
2018-05-18,28.01,0.01,77.45,2.25
2018-05-19,28.42,0.09,77.21,1.57
2018-05-20,27.76,0.04,79.82,1.87
2018-05-21,27.87,0.12,77.96,1.76
2018-05-22,28.45,0.03,72.4,2.01
2018-05-23,28.19,0.19,76.46,2.5
2018-05-24,26.35,0.22,74.37,2.83
2018-05-25,27.95,0.0,72.26,2.92
2018-05-26,29.5,0.29,72.06,3.21
2018-05-27,30.1,1.69,71.66,2.92
2018-05-28,29.06,5.75,79.83,1.21
2018-05-29,28.46,11.7,83.65,1.64
2018-05-30,27.79,9.65,85.03,1.94
2018-05-31,29.21,5.14,75.77,1.5
2018-06-01,25.65,4.45,83.83,3.68
2018-06-02,24.45,4.12,78.54,3.23
2018-06-03,25.04,0.85,78.23,1.49
2018-06-04,26.83,0.18,77.5,1.93
2018-06-05,27.18,10.51,83.37,2.06
2018-06-06,26.7,19.42,89.09,1.88
2018-06-07,26.35,14.62,88.05,2.7
2018-06-08,26.8,0.86,84.38,2.92
2018-06-09,26.32,10.0,87.03,2.84
2018-06-10,26.99,8.89,86.25,1.79
2018-06-11,26.4,0.17,74.29,1.89
2018-06-12,26.05,0.12,78.58,1.71
2018-06-13,23.94,1.56,75.57,4.01
2018-06-14,25.3,2.67,77.5,4.23
2018-06-15,25.19,1.6,79.04,2.57
2018-06-16,26.02,0.0,74.55,4.21
2018-06-17,25.58,8.71,86.09,4.28
2018-06-18,26.69,29.78,87.76,2.75
2018-06-19,26.35,16.04,93.05,5.16
2018-06-20,26.93,9.65,92.63,3.2
2018-06-21,27.08,15.45,92.14,2.91
2018-06-22,26.72,29.35,92.55,2.73
2018-06-23,26.31,22.56,92.13,2.53
2018-06-24,26.56,2.53,90.74,2.28
2018-06-25,26.53,0.96,88.68,1.95
2018-06-26,27.09,0.08,84.35,1.92
2018-06-27,27.32,0.01,82.79,2.18
2018-06-28,27.36,0.04,83.99,2.11
2018-06-29,26.83,0.84,84.77,1.6
2018-06-30,27.3,1.66,84.56,1.73
2018-07-01,27.78,4.12,88.04,2.12
2018-07-02,27.45,4.49,89.52,3.02
2018-07-03,27.78,3.5,87.93,3.09
2018-07-04,27.88,3.43,88.58,3.38
2018-07-05,27.61,1.16,90.19,3.15
2018-07-06,27.45,1.94,89.27,2.87
2018-07-07,26.92,5.97,90.35,1.96
2018-07-08,27.0,2.36,86.81,1.62
2018-07-09,27.05,2.56,87.13,1.42
2018-07-10,27.28,0.26,79.96,2.32
2018-07-11,27.41,7.24,85.26,4.48
2018-07-12,26.97,8.69,89.24,2.21
2018-07-13,26.87,11.43,89.75,2.53
2018-07-14,27.28,2.61,86.52,2.0
2018-07-15,26.77,0.59,86.89,2.27
2018-07-16,27.47,0.04,82.53,3.33
2018-07-17,28.49,0.07,81.13,3.29
2018-07-18,28.0,0.22,82.18,2.32
2018-07-19,27.72,0.12,83.34,2.54
2018-07-20,27.66,0.02,81.77,2.0
2018-07-21,27.91,0.65,75.84,1.84
2018-07-22,27.76,3.57,82.5,2.31
2018-07-23,28.77,0.84,79.84,2.58
2018-07-24,27.68,4.46,88.72,1.93
2018-07-25,27.99,4.52,83.43,1.65
2018-07-26,29.0,1.34,77.22,1.46
2018-07-27,28.35,0.8,80.73,1.49
2018-07-28,29.14,3.59,77.27,1.64
2018-07-29,29.37,0.93,76.22,1.7
2018-07-30,29.56,0.16,76.53,1.9
2018-07-31,30.24,0.97,72.98,2.06
2018-08-01,29.83,1.84,75.48,1.59
2018-08-02,29.06,11.07,81.01,2.17
2018-08-03,28.17,6.05,85.11,2.02
2018-08-04,27.63,3.21,84.16,1.56
2018-08-05,28.04,2.79,81.19,1.22
2018-08-06,28.44,1.47,77.53,1.38
2018-08-07,28.32,2.94,78.87,1.57
2018-08-08,28.18,0.63,75.6,1.63
2018-08-09,28.14,0.77,75.82,1.54
2018-08-10,27.79,4.79,81.99,1.9
2018-08-11,28.31,0.71,80.26,1.56
2018-08-12,28.71,0.02,73.8,1.86
2018-08-13,28.71,6.26,78.7,1.93
2018-08-14,27.77,12.15,86.39,1.96
2018-08-15,27.22,16.11,86.91,1.47
2018-08-16,27.83,5.44,85.54,1.84
2018-08-17,28.17,1.6,84.16,2.57
2018-08-18,27.38,7.81,88.88,2.55
2018-08-19,26.79,9.59,91.65,2.04
2018-08-20,27.79,0.59,83.6,1.77
2018-08-21,28.06,1.24,80.8,1.57
2018-08-22,27.0,1.55,86.88,1.46
2018-08-23,28.17,5.84,82.17,2.1
2018-08-24,27.52,9.77,86.16,1.94
2018-08-25,26.39,11.04,88.73,2.2
2018-08-26,26.59,9.16,88.01,2.13
2018-08-27,26.51,21.87,90.63,3.22
2018-08-28,25.68,23.02,94.55,3.51
2018-08-29,25.77,42.49,93.75,4.12
2018-08-30,25.58,82.4,93.53,3.5
2018-08-31,25.62,23.65,92.58,2.77
2018-09-01,25.83,7.62,87.46,1.66
2018-09-02,26.14,2.12,85.75,2.04
2018-09-03,26.89,0.47,87.05,2.55
2018-09-04,27.48,0.48,87.0,1.89
2018-09-05,27.81,9.87,87.79,1.07
2018-09-06,27.52,1.82,86.1,1.39
2018-09-07,27.16,20.74,88.26,1.68
2018-09-08,25.57,18.69,90.81,1.64
2018-09-09,23.99,6.67,86.69,3.81
2018-09-10,24.5,0.0,79.29,3.71
2018-09-11,25.23,5.01,83.94,2.69
2018-09-12,25.68,13.1,89.81,2.34
2018-09-13,26.24,1.3,88.27,1.69
2018-09-14,26.63,0.27,84.15,3.86
2018-09-15,26.64,1.8,84.42,7.56
2018-09-16,26.59,17.13,91.18,6.83
2018-09-17,26.2,5.18,91.11,2.43
2018-09-18,27.27,1.23,85.37,0.65
2018-09-19,27.11,0.29,83.89,1.23
2018-09-20,26.92,0.16,83.71,1.28
2018-09-21,27.08,3.61,85.69,1.83
2018-09-22,26.95,5.56,84.27,1.16
2018-09-23,26.9,13.15,83.55,0.88
2018-09-24,25.59,15.47,86.46,3.55
2018-09-25,24.61,1.24,83.21,4.37
2018-09-26,23.53,0.0,76.61,3.39
2018-09-27,23.66,0.0,75.77,3.22
2018-09-28,24.57,0.0,73.54,2.78
2018-09-29,24.7,0.0,71.2,1.55
2018-09-30,23.65,0.0,77.82,2.47
2018-10-01,23.23,0.0,76.1,3.29
2018-10-02,22.62,0.0,78.95,3.83
2018-10-03,22.21,0.0,76.65,3.93
2018-10-04,23.04,0.0,72.66,2.32
2018-10-05,22.65,0.0,65.86,1.74
2018-10-06,22.67,0.0,76.34,2.31
2018-10-07,22.66,0.0,79.9,2.93
2018-10-08,22.71,0.0,82.0,2.58
2018-10-09,23.44,0.0,81.86,1.84
2018-10-10,23.24,5.26,83.67,3.19
2018-10-11,20.14,2.59,83.84,4.8
2018-10-12,19.5,0.68,78.36,4.86
2018-10-13,20.18,0.11,82.74,3.74
2018-10-14,21.55,1.92,85.21,2.61
2018-10-15,22.19,1.27,86.65,2.23
2018-10-16,23.02,10.67,86.77,1.12
2018-10-17,21.18,10.17,88.21,3.36
2018-10-18,20.43,0.54,83.27,4.1
2018-10-19,20.79,0.69,83.85,4.85
2018-10-20,20.05,0.92,81.89,3.62
2018-10-21,21.18,0.12,82.24,2.24
2018-10-22,22.48,1.87,85.39,1.12
2018-10-23,22.22,0.04,84.69,2.04
2018-10-24,21.94,0.0,83.31,2.51
2018-10-25,22.43,0.0,82.46,1.58
2018-10-26,23.82,0.01,82.56,1.02
2018-10-27,21.05,0.0,77.24,3.76
2018-10-28,19.04,0.0,69.92,2.91
2018-10-29,18.54,0.0,67.84,3.32
2018-10-30,18.72,0.0,68.07,5.0
2018-10-31,19.33,0.25,70.55,6.45
2018-11-01,18.15,12.29,86.26,8.32
2018-11-02,18.06,46.31,91.84,6.42
2018-11-03,19.92,1.71,89.46,3.31
2018-11-04,20.74,0.06,90.76,2.93
2018-11-05,20.97,0.01,89.52,2.66
2018-11-06,21.74,0.0,88.97,2.36
2018-11-07,22.01,0.0,88.64,1.68
2018-11-08,22.55,0.0,84.41,1.46
2018-11-09,20.38,0.0,83.72,2.97
2018-11-10,19.94,0.0,86.47,3.41
2018-11-11,20.69,0.0,87.59,1.64
2018-11-12,21.53,0.47,87.06,1.35
2018-11-13,19.68,0.31,86.18,3.77
2018-11-14,18.79,0.01,84.81,3.57
2018-11-15,19.37,2.59,86.73,2.46
2018-11-16,20.76,4.27,88.76,1.7
2018-11-17,19.32,4.28,89.73,3.52
2018-11-18,20.5,6.95,87.7,1.73
2018-11-19,18.6,1.92,83.55,3.39
2018-11-20,18.33,0.63,84.84,3.0
2018-11-21,20.28,0.58,84.35,1.78
2018-11-22,17.54,2.17,80.26,4.7
2018-11-23,16.4,0.01,79.16,3.71
2018-11-24,17.26,0.03,84.65,2.84
2018-11-25,18.64,16.42,87.16,1.78
2018-11-26,17.8,18.71,90.22,2.15
2018-11-27,17.9,1.81,86.11,2.98
2018-11-28,18.05,1.53,83.82,2.55
2018-11-29,16.53,0.01,77.98,3.18
2018-11-30,16.75,0.0,83.27,2.44
2018-12-01,18.38,0.0,82.86,1.93
2018-12-02,18.7,0.01,86.43,1.47
2018-12-03,20.51,0.0,85.82,1.27
2018-12-04,22.37,0.0,79.99,1.0
2018-12-05,19.31,0.03,85.42,4.27
2018-12-06,20.67,0.18,86.49,1.31
2018-12-07,16.54,0.23,82.58,5.36
2018-12-08,14.27,1.31,79.78,5.65
2018-12-09,13.03,2.8,88.18,4.97
2018-12-10,16.41,0.32,84.64,3.38
2018-12-11,17.76,0.05,80.33,2.62
2018-12-12,13.53,0.06,77.47,4.59
2018-12-13,13.41,0.29,80.72,4.05
2018-12-14,14.26,0.08,81.46,4.73
2018-12-15,15.71,0.03,82.27,3.75
2018-12-16,17.55,0.01,82.1,1.59
2018-12-17,13.43,0.0,64.57,3.81
2018-12-18,12.7,0.0,71.68,3.38
2018-12-19,15.41,0.0,77.83,1.52
2018-12-20,18.44,0.01,87.57,1.1
2018-12-21,18.06,0.02,90.39,2.31
2018-12-22,19.15,0.1,85.91,1.59
2018-12-23,17.5,9.63,90.61,3.66
2018-12-24,13.63,6.34,87.85,5.71
2018-12-25,15.87,2.79,89.12,2.96
2018-12-26,18.4,0.52,85.57,1.51
2018-12-27,15.37,0.06,84.18,4.74
2018-12-28,12.39,0.0,73.34,6.98
2018-12-29,10.35,0.01,68.11,6.57
2018-12-30,10.63,0.08,72.35,5.87
2018-12-31,12.08,0.08,77.78,5.26
2019-01-01,13.34,0.26,76.53,5.64
2019-01-02,12.77,2.47,86.65,5.14
2019-01-03,13.29,2.96,88.29,4.77
2019-01-04,16.71,0.71,89.48,1.78
2019-01-05,18.14,1.07,91.51,0.97
2019-01-06,15.49,0.38,83.01,3.75
2019-01-07,15.76,0.07,82.45,1.92
2019-01-08,15.96,0.06,82.62,3.51
2019-01-09,14.96,0.03,81.56,4.06
2019-01-10,16.4,0.07,85.54,1.56
2019-01-11,18.23,0.32,87.9,1.14
2019-01-12,17.12,0.01,85.24,2.13
2019-01-13,15.54,0.05,82.65,3.22
2019-01-14,14.82,0.43,82.01,3.18
2019-01-15,15.81,1.77,87.84,2.59
2019-01-16,13.2,0.89,85.71,4.64
2019-01-17,13.21,0.01,78.35,3.95
2019-01-18,12.59,0.0,76.54,3.67
2019-01-19,14.92,0.03,77.6,1.49
2019-01-20,15.79,0.38,79.51,3.11
2019-01-21,13.47,0.04,74.98,4.31
2019-01-22,13.16,0.0,74.33,2.63
2019-01-23,11.37,0.0,68.62,2.82
2019-01-24,12.06,0.0,73.43,3.04
2019-01-25,14.16,0.0,72.11,1.91
2019-01-26,12.27,0.0,73.45,5.13
2019-01-27,10.78,0.0,70.24,4.15
2019-01-28,13.15,0.0,71.34,1.96
2019-01-29,13.69,0.0,82.14,2.52
2019-01-30,15.71,0.0,82.91,1.56
2019-01-31,19.18,0.0,75.51,2.09
2019-02-01,13.59,0.01,75.11,4.23
2019-02-02,14.31,0.01,80.92,1.92
2019-02-03,20.19,0.03,81.59,1.61
2019-02-04,16.06,0.02,84.9,3.5
2019-02-05,16.15,0.0,80.0,2.17
2019-02-06,18.08,0.0,81.88,1.66
2019-02-07,19.52,0.04,81.21,1.78
2019-02-08,15.43,0.28,82.61,3.92
2019-02-09,14.72,0.2,81.19,3.67
2019-02-10,13.98,0.1,80.55,3.33
2019-02-11,14.92,0.0,81.04,3.72
2019-02-12,15.35,0.0,78.6,2.78
2019-02-13,16.91,0.0,83.01,2.6
2019-02-14,15.84,0.0,82.76,3.02
2019-02-15,17.84,0.37,81.16,1.93
2019-02-16,16.69,0.43,87.24,2.75
2019-02-17,13.91,0.24,78.82,4.54
2019-02-18,14.33,10.1,86.14,3.0
2019-02-19,18.36,0.99,86.94,1.5
2019-02-20,18.95,0.9,88.29,1.71
2019-02-21,18.41,3.33,88.13,2.01
2019-02-22,17.65,1.94,81.05,2.46
2019-02-23,13.74,12.62,82.36,4.59
2019-02-24,12.36,15.0,87.78,3.79
2019-02-25,14.99,1.04,83.25,2.33
2019-02-26,15.12,0.21,83.52,3.17
2019-02-27,17.27,0.03,83.83,1.63
2019-02-28,17.57,0.16,86.4,2.27
2019-03-01,16.26,0.07,83.54,2.86
2019-03-02,17.87,4.2,84.96,2.06
2019-03-03,18.96,7.91,85.18,1.41
2019-03-04,15.79,0.11,80.6,2.97
2019-03-05,16.17,11.64,89.35,2.66
2019-03-06,17.48,38.22,89.16,2.01
2019-03-07,13.04,41.24,87.59,6.16
2019-03-08,11.32,36.37,89.51,4.98
2019-03-09,14.57,52.78,91.42,2.3
2019-03-10,17.21,6.38,85.57,1.25
2019-03-11,16.01,2.98,84.03,2.22
2019-03-12,16.14,0.0,76.22,2.06
2019-03-13,16.37,0.02,77.29,2.89
2019-03-14,17.42,3.42,86.6,1.79
2019-03-15,15.37,8.43,82.69,4.04
2019-03-16,16.06,0.03,70.07,3.06
2019-03-17,16.78,0.75,80.07,2.58
2019-03-18,17.96,0.91,84.47,1.74
2019-03-19,19.08,0.01,87.78,1.88
2019-03-20,19.4,0.1,90.01,2.15
2019-03-21,21.65,0.06,88.42,2.43
2019-03-22,19.4,6.99,90.3,3.03
2019-03-23,14.14,12.01,85.7,5.25
2019-03-24,13.06,11.78,87.93,4.1
2019-03-25,16.93,8.03,86.8,1.52
2019-03-26,16.69,0.04,86.71,2.77
2019-03-27,18.85,0.04,86.13,1.92
2019-03-28,21.69,0.03,87.57,2.38
2019-03-29,22.28,10.2,89.24,2.05
2019-03-30,19.8,4.53,83.96,2.78
2019-03-31,17.5,1.66,82.73,5.15
2019-04-01,15.11,4.6,82.23,5.23
2019-04-02,16.69,0.03,80.04,2.5
2019-04-03,18.19,0.21,86.16,2.88
2019-04-04,19.07,0.05,83.65,2.2
2019-04-05,21.49,0.01,81.07,1.28
2019-04-06,21.15,0.09,86.12,1.62
2019-04-07,22.94,3.81,86.15,2.1
2019-04-08,23.03,0.42,88.07,1.8
2019-04-09,23.38,0.13,87.02,2.66
2019-04-10,24.17,0.74,85.71,2.5
2019-04-11,20.68,8.57,86.75,2.6
2019-04-12,18.23,10.68,84.92,4.3
2019-04-13,18.29,16.56,87.52,2.53
2019-04-14,21.01,4.77,87.39,1.87
2019-04-15,18.74,10.13,80.87,4.9
2019-04-16,17.66,21.5,89.56,1.7
2019-04-17,20.45,0.22,84.12,1.55
2019-04-18,20.66,16.45,82.13,1.45
2019-04-19,22.14,25.79,94.9,1.69
2019-04-20,23.39,8.63,91.15,1.72
2019-04-21,24.08,12.87,92.41,2.71
2019-04-22,24.92,8.08,91.43,1.94
2019-04-23,25.55,0.7,84.74,2.47
2019-04-24,25.42,0.08,88.35,2.6
2019-04-25,25.73,0.12,85.63,2.64
2019-04-26,23.35,8.38,93.13,2.61
2019-04-27,21.32,1.01,90.01,3.99
2019-04-28,21.85,0.44,87.8,1.98
2019-04-29,24.2,0.1,85.66,1.55
2019-04-30,24.76,4.94,89.24,2.73
2019-05-01,21.74,4.57,85.79,3.0
2019-05-02,19.48,4.71,85.2,4.72
2019-05-03,19.99,1.71,75.55,4.22
2019-05-04,20.54,1.24,75.58,3.18
2019-05-05,19.84,19.8,87.54,3.35
2019-05-06,19.33,33.05,87.8,5.77
2019-05-07,18.72,2.19,78.69,5.7
2019-05-08,18.59,10.58,85.15,3.26
2019-05-09,20.22,23.67,90.64,2.78
2019-05-10,21.84,0.75,84.57,2.74
2019-05-11,22.6,0.0,81.48,2.02
2019-05-12,22.64,0.02,78.16,1.82
2019-05-13,23.36,0.01,86.71,1.64
2019-05-14,25.28,0.02,87.49,1.94
2019-05-15,25.67,2.04,88.74,1.23
2019-05-16,25.99,6.9,90.91,1.72
2019-05-17,26.49,6.81,91.25,2.76
2019-05-18,26.96,6.76,90.85,2.59
2019-05-19,27.59,2.6,88.43,2.65
2019-05-20,25.29,9.52,90.14,3.35
2019-05-21,21.84,1.24,82.08,3.09
2019-05-22,22.46,7.46,83.01,1.54
2019-05-23,22.4,3.51,86.9,1.98
2019-05-24,23.1,0.07,85.58,2.13
2019-05-25,24.44,2.61,88.98,2.36
2019-05-26,24.57,28.54,94.46,3.21
2019-05-27,25.03,17.1,91.27,1.71
2019-05-28,24.76,22.91,92.26,2.5
2019-05-29,20.69,16.87,89.89,3.72
2019-05-30,22.3,2.8,85.28,1.99
2019-05-31,24.36,3.24,87.4,1.4
2019-06-01,25.25,18.18,92.96,3.3
2019-06-02,26.31,10.17,90.69,3.2
2019-06-03,25.78,20.01,92.98,2.97
2019-06-04,26.62,4.24,90.65,2.19
2019-06-05,26.8,4.0,89.21,1.99
2019-06-06,27.0,2.73,87.81,2.03
2019-06-07,27.13,2.44,85.91,1.83
2019-06-08,27.24,1.85,88.26,2.39
2019-06-09,26.67,14.97,88.53,2.97
2019-06-10,26.71,11.51,93.38,2.82
2019-06-11,26.58,19.04,93.33,2.98
2019-06-12,24.82,17.72,93.51,2.84
2019-06-13,25.22,17.91,94.05,3.43
2019-06-14,25.08,4.83,84.99,2.45
2019-06-15,24.58,0.11,83.29,2.78
2019-06-16,24.31,0.01,79.86,2.48
2019-06-17,25.78,2.81,90.82,2.35
2019-06-18,27.13,3.81,90.29,2.09
2019-06-19,27.75,1.82,90.15,2.75
2019-06-20,27.96,0.7,89.61,2.72
2019-06-21,28.28,0.86,89.0,3.19
2019-06-22,28.19,4.84,89.97,3.02
2019-06-23,27.51,9.81,92.83,2.78
2019-06-24,26.01,22.86,94.02,2.36
2019-06-25,25.27,23.04,92.84,3.83
2019-06-26,26.17,2.73,89.08,2.7
2019-06-27,27.58,1.68,90.59,2.27
2019-06-28,27.74,0.69,91.6,2.03
2019-06-29,28.33,0.35,89.85,2.33
2019-06-30,28.03,0.41,89.34,1.66
2019-07-01,28.38,1.17,86.35,1.22
2019-07-02,27.04,4.54,91.27,2.33
2019-07-03,27.2,28.54,92.14,3.17
2019-07-04,27.2,11.26,92.02,2.93
2019-07-05,27.68,3.14,89.19,3.69
2019-07-06,27.89,11.52,88.75,3.19
2019-07-07,27.78,8.36,89.58,3.21
2019-07-08,27.59,1.98,90.67,3.28
2019-07-09,27.33,8.33,91.96,3.73
2019-07-10,27.3,12.91,93.65,3.35
2019-07-11,26.87,14.54,94.05,2.36
2019-07-12,27.49,2.9,91.39,2.97
2019-07-13,27.63,1.39,90.27,3.82
2019-07-14,27.69,2.29,89.72,3.31
2019-07-15,27.91,0.66,89.24,1.98
2019-07-16,28.23,0.08,87.9,1.15
2019-07-17,28.34,0.02,82.68,3.02
2019-07-18,28.35,0.02,81.75,2.52
2019-07-19,28.83,1.62,87.11,2.2
2019-07-20,27.86,3.65,91.39,2.85
2019-07-21,27.33,13.48,93.47,2.67
2019-07-22,26.92,5.17,90.21,2.75
2019-07-23,26.86,3.13,89.87,2.09
2019-07-24,27.4,0.2,87.34,1.85
2019-07-25,27.85,0.31,87.15,2.01
2019-07-26,27.8,0.66,89.75,1.68
2019-07-27,27.86,2.43,85.2,1.37
2019-07-28,27.12,4.27,91.45,1.59
2019-07-29,27.53,0.59,84.36,1.24
2019-07-30,27.23,0.63,86.87,1.93
2019-07-31,26.74,8.55,91.75,2.24
2019-08-01,26.59,19.09,92.64,2.99
2019-08-02,26.48,13.2,90.34,2.17
2019-08-03,26.67,1.69,87.61,2.54
2019-08-04,27.27,0.12,84.07,1.58
2019-08-05,28.03,1.32,84.57,2.36
2019-08-06,27.67,2.74,86.97,2.69
2019-08-07,27.77,1.57,81.45,2.64
2019-08-08,29.05,0.83,81.6,2.37
2019-08-09,29.92,0.86,82.28,2.63
2019-08-10,29.2,1.41,88.32,4.34
2019-08-11,28.62,7.39,93.15,3.71
2019-08-12,28.84,14.36,85.46,1.89
2019-08-13,28.17,1.64,88.57,1.56
2019-08-14,28.29,2.87,88.43,2.19
2019-08-15,28.31,5.51,89.78,2.74
2019-08-16,27.71,23.32,92.01,2.91
2019-08-17,27.75,17.83,89.05,2.35
2019-08-18,27.49,12.25,87.72,2.69
2019-08-19,26.43,11.09,90.89,2.42
2019-08-20,26.9,1.51,88.35,3.17
2019-08-21,27.27,2.0,86.49,1.7
2019-08-22,27.24,6.3,86.97,1.77
2019-08-23,28.09,1.71,84.94,2.11
2019-08-24,28.27,1.24,79.98,5.48
2019-08-25,27.01,46.3,93.05,5.32
2019-08-26,27.43,6.31,91.52,3.82
2019-08-27,28.13,0.16,85.58,1.31
2019-08-28,28.15,0.06,87.19,2.31
2019-08-29,27.8,0.68,89.46,1.83
2019-08-30,27.52,9.93,87.39,1.3
2019-08-31,26.82,9.37,88.88,2.5
2019-09-01,27.28,3.8,87.08,2.17
2019-09-02,27.28,11.84,87.38,1.39
2019-09-03,26.79,7.08,87.81,2.33
2019-09-04,26.33,4.75,88.46,3.06
2019-09-05,26.42,4.08,86.91,2.2
2019-09-06,27.6,0.84,83.88,1.22
2019-09-07,27.44,0.45,87.31,1.23
2019-09-08,28.02,0.17,81.89,1.16
2019-09-09,27.7,0.46,78.34,1.1
2019-09-10,27.15,0.16,83.8,1.39
2019-09-11,27.82,0.06,83.2,1.57
2019-09-12,27.72,0.03,84.56,3.14
2019-09-13,27.44,0.06,83.83,2.62
2019-09-14,27.44,0.74,85.44,2.09
2019-09-15,26.65,2.74,85.13,2.98
2019-09-16,26.75,0.05,82.52,3.22
2019-09-17,25.96,0.0,77.19,3.72
2019-09-18,25.6,0.0,78.62,4.51
2019-09-19,24.29,0.0,73.81,4.15
2019-09-20,24.0,0.0,67.28,2.44
2019-09-21,24.11,0.0,68.45,2.15
2019-09-22,24.16,0.0,68.12,1.92
2019-09-23,24.49,0.0,75.62,2.25
2019-09-24,23.47,0.0,78.56,2.92
2019-09-25,23.28,0.0,75.98,3.01
2019-09-26,23.22,0.0,78.86,3.04
2019-09-27,24.17,0.0,82.63,2.71
2019-09-28,25.22,0.01,84.02,2.48
2019-09-29,26.16,0.0,81.89,2.81
2019-09-30,26.81,0.06,76.9,3.45
2019-10-01,27.49,0.01,74.56,2.01
2019-10-02,27.39,0.02,79.14,1.69
2019-10-03,26.72,0.05,82.77,1.59
2019-10-04,26.49,2.28,75.88,1.27
2019-10-05,25.83,2.85,82.17,2.01
2019-10-06,25.32,1.34,85.95,3.99
2019-10-07,25.04,0.14,84.93,2.99
2019-10-08,25.26,0.01,82.1,3.17
2019-10-09,24.73,0.12,84.36,3.68
2019-10-10,25.11,0.0,81.4,1.59
2019-10-11,25.88,0.17,81.28,1.06
2019-10-12,25.7,1.13,83.76,1.59
2019-10-13,25.2,3.24,83.91,3.45
2019-10-14,23.85,0.66,77.21,5.2
2019-10-15,22.39,0.01,74.47,6.54
2019-10-16,21.34,0.01,73.65,4.58
2019-10-17,22.04,0.02,76.98,4.13
2019-10-18,22.66,0.0,78.7,3.21
2019-10-19,22.26,0.0,75.7,3.95
2019-10-20,20.74,0.0,70.02,3.63
2019-10-21,19.97,0.0,67.72,2.97
2019-10-22,20.16,0.0,76.17,2.46
2019-10-23,21.35,0.04,77.52,2.72
2019-10-24,21.87,0.64,77.88,2.79
2019-10-25,22.53,0.85,77.59,3.08
2019-10-26,22.29,0.04,77.32,3.1
2019-10-27,22.31,0.08,78.97,2.29
2019-10-28,23.2,2.48,79.05,1.45
2019-10-29,20.79,0.67,75.36,3.85
2019-10-30,20.73,0.17,69.62,4.21
2019-10-31,21.66,0.0,70.76,4.37
2019-11-01,21.55,0.03,73.48,4.06
2019-11-02,21.59,0.0,74.23,3.7
2019-11-03,22.45,0.0,73.51,3.52
2019-11-04,21.34,0.0,69.11,5.09
2019-11-05,19.77,0.0,69.16,6.0
2019-11-06,19.35,0.0,73.02,4.12
2019-11-07,20.24,0.0,71.85,3.85
2019-11-08,19.88,0.0,72.38,4.86
2019-11-09,18.14,0.0,71.45,4.72
2019-11-10,17.86,0.0,63.96,2.63
2019-11-11,18.85,0.0,69.54,2.67
2019-11-12,19.52,0.0,76.46,2.33
2019-11-13,20.74,0.0,76.69,2.2
2019-11-14,18.92,0.0,64.22,4.98
2019-11-15,17.44,0.0,70.15,3.54
2019-11-16,18.44,0.0,80.38,2.17
2019-11-17,20.61,0.0,77.58,1.27
2019-11-18,20.96,0.0,76.74,3.79
2019-11-19,17.12,0.0,62.02,6.41
2019-11-20,16.6,0.01,69.02,6.47
2019-11-21,18.26,0.0,74.0,4.15
2019-11-22,19.45,0.0,77.55,2.85
2019-11-23,20.87,0.03,81.38,2.17
2019-11-24,20.92,0.01,81.33,2.42
2019-11-25,20.12,0.01,75.05,5.65
2019-11-26,18.05,0.02,71.27,5.41
2019-11-27,19.21,0.01,75.7,3.4
2019-11-28,17.44,0.02,70.02,5.21
2019-11-29,15.59,0.01,68.05,4.94
2019-11-30,17.58,0.03,76.81,2.63
2019-12-01,19.89,0.0,70.16,1.78
2019-12-02,15.88,0.0,59.32,5.01
2019-12-03,12.64,0.0,56.47,5.65
2019-12-04,13.63,0.01,51.32,6.07
2019-12-05,11.74,9.88,76.4,6.29
2019-12-06,11.65,4.06,77.4,6.25
2019-12-07,11.54,0.0,63.18,5.25
2019-12-08,11.31,0.0,63.05,4.66
2019-12-09,13.85,0.0,69.34,3.38
2019-12-10,15.55,0.0,75.83,1.63
2019-12-11,15.32,0.0,67.63,2.57
2019-12-12,14.5,0.0,70.73,4.38
2019-12-13,14.83,0.0,77.41,2.96
2019-12-14,15.64,0.0,78.37,2.67
2019-12-15,16.86,0.02,80.37,2.48
2019-12-16,18.24,0.01,79.55,1.61
2019-12-17,20.64,0.02,75.39,1.3
2019-12-18,18.71,0.0,80.46,2.86
2019-12-19,17.45,0.17,78.48,3.26
2019-12-20,15.4,0.87,77.62,4.6
2019-12-21,16.61,3.1,83.85,2.46
2019-12-22,18.94,0.19,77.24,1.31
2019-12-23,17.22,0.07,81.57,2.59
2019-12-24,17.75,0.01,80.46,1.6
2019-12-25,17.95,1.22,80.95,2.15
2019-12-26,19.44,0.99,74.1,2.21
2019-12-27,14.02,0.01,65.93,4.97
2019-12-28,13.74,0.13,68.94,3.93
2019-12-29,14.96,40.53,88.17,2.39
2019-12-30,17.37,8.6,93.37,2.16
2019-12-31,14.38,0.34,80.06,6.05
2020-01-01,12.76,0.0,75.83,3.82
2020-01-02,14.6,0.0,79.2,2.05
2020-01-03,16.02,0.0,81.95,1.86
2020-01-04,17.2,0.0,83.09,2.02
2020-01-05,17.12,0.0,85.42,2.45
2020-01-06,17.77,0.0,83.5,1.56
2020-01-07,19.45,0.0,79.86,1.61
2020-01-08,16.22,0.0,65.62,3.76
2020-01-09,14.41,0.0,77.41,3.1
2020-01-10,16.04,0.0,81.08,1.84
2020-01-11,17.47,0.33,80.33,1.42
2020-01-12,14.05,0.12,71.8,3.58
2020-01-13,13.24,0.02,75.38,3.27
2020-01-14,14.16,0.0,78.92,2.91
2020-01-15,14.47,0.14,80.64,3.38
2020-01-16,16.24,0.13,79.23,1.58
2020-01-17,14.69,0.09,73.53,2.91
2020-01-18,13.38,0.02,75.45,2.9
2020-01-19,14.17,0.04,76.65,1.5
2020-01-20,14.37,0.01,76.33,2.23
2020-01-21,14.38,0.01,74.27,3.14
2020-01-22,16.76,0.22,80.19,1.25
2020-01-23,19.85,0.49,84.0,1.49
2020-01-24,18.22,1.61,86.72,2.71
2020-01-25,16.18,16.5,84.35,4.13
2020-01-26,14.58,32.37,87.39,2.89
2020-01-27,12.19,0.0,74.73,2.45
2020-01-28,12.1,0.3,78.28,2.48
2020-01-29,11.3,0.0,69.42,2.78
2020-01-30,9.83,0.0,61.03,3.43
2020-01-31,9.78,0.0,64.81,3.18
2020-02-01,10.61,0.0,74.38,3.27
2020-02-02,12.41,0.1,74.89,2.06
2020-02-03,13.29,1.41,82.03,3.05
2020-02-04,13.13,6.06,87.52,2.9
2020-02-05,13.41,0.23,81.86,4.66
2020-02-06,13.76,0.8,81.3,3.1
2020-02-07,14.47,2.33,87.48,2.9
2020-02-08,13.54,0.01,78.26,4.41
2020-02-09,12.66,0.02,73.0,3.8
2020-02-10,12.84,0.06,73.39,2.92
2020-02-11,15.66,0.07,82.1,1.95
2020-02-12,18.47,4.87,87.83,1.57
2020-02-13,18.85,4.13,89.67,1.26
2020-02-14,18.48,10.61,91.68,1.24
2020-02-15,19.35,7.36,89.6,2.04
2020-02-16,12.12,24.09,79.04,4.5
2020-02-17,9.71,0.02,61.46,4.59
2020-02-18,9.91,0.0,64.85,4.47
2020-02-19,11.31,0.0,70.55,2.29
2020-02-20,13.68,0.0,78.08,3.18
2020-02-21,15.61,0.0,77.16,2.25
2020-02-22,16.46,0.0,80.8,3.27
2020-02-23,15.43,0.0,73.15,4.05
2020-02-24,16.8,0.0,78.94,1.92
2020-02-25,20.02,0.01,79.54,1.16
2020-02-26,21.19,0.02,79.0,1.79
2020-02-27,16.67,0.06,79.64,5.28
2020-02-28,17.34,0.03,81.23,2.2
2020-02-29,19.93,0.09,82.21,1.52
2020-03-01,21.0,1.08,81.38,1.93
2020-03-02,16.37,0.54,78.65,5.09
2020-03-03,15.83,0.78,77.87,3.13
2020-03-04,15.62,6.37,85.38,4.09
2020-03-05,13.28,6.33,80.58,5.32
2020-03-06,14.43,1.17,79.57,2.25
2020-03-07,18.9,0.28,80.8,1.76
2020-03-08,18.81,0.45,87.56,1.95
2020-03-09,20.82,5.38,85.24,3.16
2020-03-10,19.46,10.03,76.7,2.84
2020-03-11,16.1,4.35,78.04,3.89
2020-03-12,15.8,12.26,89.45,2.65
2020-03-13,19.56,6.65,86.93,1.43
2020-03-14,17.12,16.12,86.15,3.54
2020-03-15,15.58,0.07,76.46,2.89
2020-03-16,15.84,0.01,75.59,2.76
2020-03-17,17.59,2.84,77.25,1.17
2020-03-18,18.52,2.49,85.02,1.28
2020-03-19,20.03,4.47,84.54,0.89
2020-03-20,18.48,0.92,85.9,2.19
2020-03-21,19.73,0.01,85.14,2.09
2020-03-22,22.6,0.04,83.32,2.12
2020-03-23,20.18,5.83,88.16,3.13
2020-03-24,18.2,0.18,79.8,3.14
2020-03-25,19.66,0.04,82.44,1.83
2020-03-26,21.5,1.67,88.9,1.62
2020-03-27,23.0,5.03,84.57,1.21
2020-03-28,20.71,15.91,83.81,2.54
2020-03-29,15.28,0.83,82.59,3.62
2020-03-30,17.26,4.66,88.11,2.25
2020-03-31,17.99,1.6,86.98,2.2
2020-04-01,16.87,7.05,84.22,3.42
2020-04-02,16.15,4.29,83.6,3.98
2020-04-03,16.81,11.08,87.36,3.56
2020-04-04,17.17,2.79,84.43,3.56
2020-04-05,14.72,5.58,78.51,4.94
2020-04-06,14.97,15.65,83.04,3.75
2020-04-07,16.51,0.44,80.0,3.22
2020-04-08,17.03,0.01,67.44,2.69
2020-04-09,17.25,0.0,68.87,2.58
2020-04-10,17.69,0.0,75.4,2.79
2020-04-11,19.09,4.19,87.76,1.86
2020-04-12,16.97,0.41,68.32,3.18
2020-04-13,15.42,0.0,63.85,2.59
2020-04-14,16.87,0.0,70.07,1.74
2020-04-15,19.06,0.0,69.07,1.71
2020-04-16,19.58,0.0,76.08,1.51
2020-04-17,20.95,0.01,77.56,1.67
2020-04-18,22.36,0.02,82.21,1.46
2020-04-19,24.47,0.06,79.99,1.9
2020-04-20,22.66,0.15,84.93,2.68
2020-04-21,20.72,4.22,88.08,2.04
2020-04-22,17.91,17.75,82.08,5.16
2020-04-23,16.23,6.6,83.58,4.7
2020-04-24,16.77,0.68,79.21,3.76
2020-04-25,18.99,0.05,67.61,2.09
2020-04-26,20.57,0.5,73.88,1.65
2020-04-27,21.23,0.0,67.98,2.33
2020-04-28,20.57,0.0,72.11,3.9
2020-04-29,21.14,0.02,75.86,2.1
2020-04-30,22.65,0.01,69.61,1.46
2020-05-01,23.5,0.04,74.49,1.52
2020-05-02,25.07,0.06,78.85,2.27
2020-05-03,26.5,0.02,77.05,2.59
2020-05-04,26.7,0.05,79.22,2.27
2020-05-05,26.94,0.38,79.12,3.13
2020-05-06,27.21,3.1,80.45,2.85
2020-05-07,27.03,1.33,81.97,2.76
2020-05-08,27.23,0.52,81.66,3.52
2020-05-09,28.48,0.1,77.87,3.1
2020-05-10,28.51,2.37,78.77,2.06
2020-05-11,24.8,5.29,86.43,1.99
2020-05-12,23.76,6.85,87.42,1.78
2020-05-13,24.24,0.19,70.49,3.79
2020-05-14,24.84,0.0,70.34,2.32
2020-05-15,26.07,0.14,82.57,2.04
2020-05-16,27.25,1.04,81.72,2.05
2020-05-17,27.54,1.81,76.12,2.23
2020-05-18,26.25,27.72,84.88,3.02
2020-05-19,25.22,2.42,82.6,2.87
2020-05-20,24.01,17.73,90.49,2.96
2020-05-21,25.71,20.08,92.27,3.9
2020-05-22,24.05,40.54,93.67,2.48
2020-05-23,23.52,0.95,85.81,2.93
2020-05-24,24.91,0.19,82.86,1.7
2020-05-25,25.69,4.13,81.18,1.6
2020-05-26,25.56,22.91,94.21,2.83
2020-05-27,25.29,12.94,87.83,2.06
2020-05-28,23.93,10.56,90.42,2.39
2020-05-29,24.6,3.77,92.13,2.05
2020-05-30,25.71,9.42,91.38,2.5
2020-05-31,26.26,5.92,90.5,2.14
2020-06-01,26.47,7.89,91.09,2.34
2020-06-02,26.86,1.82,87.42,2.53
2020-06-03,26.74,1.15,88.94,2.88
2020-06-04,26.69,3.14,89.97,2.81
2020-06-05,26.9,3.92,90.84,2.59
2020-06-06,26.33,12.85,92.85,2.89
2020-06-07,25.71,25.99,93.71,2.37
2020-06-08,25.57,18.98,93.44,2.63
2020-06-09,25.66,15.99,91.21,2.57
2020-06-10,26.31,7.17,93.43,2.15
2020-06-11,27.09,2.34,88.69,1.92
2020-06-12,27.16,0.49,87.59,1.6
2020-06-13,27.33,3.53,89.61,2.92
2020-06-14,27.18,5.62,89.34,2.66
2020-06-15,27.14,5.89,89.0,2.8
2020-06-16,27.49,0.53,86.78,2.93
2020-06-17,27.46,0.03,85.9,3.11
2020-06-18,27.82,0.27,86.43,3.39
2020-06-19,28.31,1.21,83.88,2.88
2020-06-20,28.21,1.0,83.18,2.81
2020-06-21,28.05,0.08,85.24,3.28
2020-06-22,28.19,0.4,85.64,3.09
2020-06-23,27.65,0.31,89.1,2.82
2020-06-24,28.21,0.48,85.68,3.06
2020-06-25,27.28,3.61,86.76,3.07
2020-06-26,27.15,2.75,90.54,3.06
2020-06-27,27.44,0.66,88.05,2.33
2020-06-28,27.78,0.06,85.99,2.04
2020-06-29,28.06,0.22,84.55,2.93
2020-06-30,27.9,1.79,86.54,2.98
2020-07-01,27.45,13.87,90.65,1.99
2020-07-02,27.11,5.24,92.22,2.3
2020-07-03,27.35,5.56,91.09,2.67
2020-07-04,27.46,2.7,88.35,2.12
2020-07-05,27.82,0.11,84.71,2.94
2020-07-06,28.08,0.65,84.39,3.52
2020-07-07,28.11,0.29,84.96,3.05
2020-07-08,27.77,1.75,85.72,3.02
2020-07-09,27.11,2.52,90.35,3.76
2020-07-10,27.7,0.25,84.04,3.47
2020-07-11,27.77,0.93,84.1,2.77
2020-07-12,28.35,0.2,82.63,2.33
2020-07-13,29.42,0.65,76.67,2.25
2020-07-14,29.81,6.61,78.61,1.7
2020-07-15,28.1,4.3,89.1,1.67
2020-07-16,28.39,1.15,82.95,3.07
2020-07-17,28.71,0.74,81.0,3.37
2020-07-18,28.88,0.44,80.1,3.36
2020-07-19,28.6,0.64,82.11,2.75
2020-07-20,28.36,0.43,81.65,2.09
2020-07-21,28.49,0.27,78.18,1.97
2020-07-22,28.34,0.72,81.57,1.64
2020-07-23,29.35,0.04,78.31,2.08
2020-07-24,30.07,0.04,75.42,2.08
2020-07-25,28.6,0.61,82.35,1.67
2020-07-26,29.64,0.79,76.32,2.44
2020-07-27,29.06,1.83,79.63,2.66
2020-07-28,28.89,0.52,80.18,1.93
2020-07-29,28.0,2.21,82.61,1.73
2020-07-30,28.39,2.14,78.41,2.03
2020-07-31,27.95,8.37,83.18,3.17
2020-08-01,27.32,26.46,90.6,2.53
2020-08-02,27.06,5.08,86.97,2.29
2020-08-03,27.23,1.47,85.23,2.09
2020-08-04,27.1,4.88,86.28,2.47
2020-08-05,26.94,7.15,89.16,2.63
2020-08-06,27.42,0.53,85.67,1.57
2020-08-07,28.2,0.24,80.55,1.73
2020-08-08,28.64,0.28,78.72,2.12
2020-08-09,28.75,0.4,77.44,2.81
2020-08-10,28.38,1.17,80.17,1.85
2020-08-11,26.87,23.94,91.5,3.28
2020-08-12,26.9,5.22,89.33,2.8
2020-08-13,27.26,1.83,84.12,1.51
2020-08-14,27.69,0.87,80.75,2.07
2020-08-15,27.55,4.0,82.62,1.7
2020-08-16,26.85,2.3,83.58,1.32
2020-08-17,27.97,3.85,77.78,1.51
2020-08-18,27.41,10.52,86.0,2.09
2020-08-19,27.43,6.32,86.93,1.57
2020-08-20,27.76,1.67,81.49,1.82
2020-08-21,28.02,0.84,81.53,1.41
2020-08-22,28.51,0.51,78.92,1.75
2020-08-23,28.67,1.33,79.8,2.55
2020-08-24,28.59,3.09,82.54,1.73
2020-08-25,28.6,5.35,86.27,2.59
2020-08-26,28.32,4.59,86.16,3.24
2020-08-27,27.04,22.29,91.4,3.65
2020-08-28,27.29,0.5,83.92,2.52
2020-08-29,27.83,1.3,81.66,1.33
2020-08-30,27.45,2.01,85.15,1.98
2020-08-31,28.56,0.17,77.45,2.18
2020-09-01,29.26,0.98,77.46,1.77
2020-09-02,29.32,0.92,79.33,1.86
2020-09-03,29.29,1.42,74.59,2.24
2020-09-04,27.67,5.91,81.38,2.76
2020-09-05,26.38,3.63,79.55,2.07
2020-09-06,26.78,5.79,73.99,1.75
2020-09-07,26.41,33.57,86.03,1.7
2020-09-08,26.6,9.03,87.58,1.88
2020-09-09,26.77,2.56,86.91,1.61
2020-09-10,27.12,4.91,84.28,1.74
2020-09-11,27.56,3.65,85.3,2.07
2020-09-12,26.77,9.12,91.56,2.01
2020-09-13,26.4,8.0,88.27,3.58
2020-09-14,26.09,0.49,85.13,2.83
2020-09-15,26.94,0.14,83.5,1.94
2020-09-16,27.63,0.18,84.25,1.56
2020-09-17,27.99,1.05,82.19,1.61
2020-09-18,27.76,31.77,84.98,2.23
2020-09-19,26.92,23.91,89.75,2.06
2020-09-20,26.62,14.25,87.24,2.52
2020-09-21,24.9,1.88,84.78,3.36
2020-09-22,24.66,1.22,82.64,2.4
2020-09-23,25.9,1.0,83.8,1.35
2020-09-24,24.85,11.77,87.52,1.52
2020-09-25,23.81,1.92,84.77,2.92
2020-09-26,23.86,0.62,81.83,3.76
2020-09-27,21.9,2.95,88.14,3.3
2020-09-28,23.63,0.36,84.45,2.17
2020-09-29,24.72,0.65,84.24,1.9
2020-09-30,23.39,6.2,86.44,3.71
2020-10-01,23.37,0.01,78.33,3.53
2020-10-02,24.03,0.0,79.7,2.7
2020-10-03,24.92,0.01,79.89,2.01
2020-10-04,26.07,0.07,80.37,1.44
2020-10-05,24.4,0.64,81.78,4.65
2020-10-06,23.02,0.01,74.86,5.28
2020-10-07,22.84,0.0,73.96,4.97
2020-10-08,22.66,0.0,69.94,5.1
2020-10-09,22.53,0.0,71.68,4.55
2020-10-10,22.33,0.0,73.11,4.01
2020-10-11,22.86,0.0,76.92,3.52
2020-10-12,23.73,0.2,81.32,4.62
2020-10-13,23.29,0.29,78.56,5.72
2020-10-14,23.54,0.02,77.64,5.39
2020-10-15,22.65,0.11,77.8,5.46
2020-10-16,23.44,0.02,77.72,4.4
2020-10-17,22.5,0.06,74.67,5.37
2020-10-18,22.53,0.0,70.59,5.07
2020-10-19,22.52,0.0,72.43,5.37
2020-10-20,22.43,0.0,72.55,5.26
2020-10-21,24.03,0.02,71.82,4.05
2020-10-22,22.4,0.1,75.43,4.83
2020-10-23,20.43,0.0,55.91,6.77
2020-10-24,19.36,0.0,65.94,6.27
2020-10-25,20.72,0.0,71.89,4.86
2020-10-26,21.59,0.0,74.17,4.32
2020-10-27,22.18,0.0,74.69,4.57
2020-10-28,22.79,0.17,74.67,4.39
2020-10-29,21.98,3.8,75.96,4.24
2020-10-30,21.32,1.74,73.68,5.27
2020-10-31,20.21,0.0,69.78,4.75
2020-11-01,21.43,0.0,73.41,3.2
2020-11-02,22.71,0.0,74.27,3.87
2020-11-03,20.98,0.0,63.18,5.82
2020-11-04,18.96,0.0,66.93,5.47
2020-11-05,19.98,0.0,71.45,4.13
2020-11-06,22.76,0.01,72.46,2.96
2020-11-07,23.62,0.27,72.76,4.04
2020-11-08,20.37,0.8,74.25,5.24
2020-11-09,19.34,0.0,62.84,6.92
2020-11-10,18.49,0.01,66.83,6.3
2020-11-11,18.17,0.0,68.4,6.71
2020-11-12,19.22,0.0,68.93,6.18
2020-11-13,19.42,0.11,68.52,5.66
2020-11-14,19.47,1.97,80.39,6.25
2020-11-15,20.08,0.6,78.48,3.19
2020-11-16,21.77,0.01,80.36,3.31
2020-11-17,22.6,0.01,78.08,2.58
2020-11-18,22.98,0.03,79.86,1.68
2020-11-19,23.85,2.27,84.8,1.35
2020-11-20,24.22,0.86,81.44,1.84
2020-11-21,21.66,0.37,82.4,3.71
2020-11-22,22.99,0.06,80.03,2.44
2020-11-23,20.57,0.02,73.96,5.28
2020-11-24,20.14,0.0,75.37,4.13
2020-11-25,20.36,0.0,78.36,3.4
2020-11-26,22.1,0.0,75.41,2.57
2020-11-27,21.26,0.01,70.88,4.38
2020-11-28,18.94,0.03,69.68,5.31
2020-11-29,17.92,0.01,68.17,5.13
2020-11-30,16.86,0.05,71.32,6.1
2020-12-01,17.14,0.02,70.01,5.88
2020-12-02,17.4,0.01,66.98,5.56
2020-12-03,16.44,0.02,63.81,6.39
2020-12-04,14.92,0.02,65.43,6.05
2020-12-05,15.19,0.01,67.63,5.37
2020-12-06,16.22,0.01,74.69,4.68
2020-12-07,17.89,0.03,73.09,4.32
2020-12-08,16.14,1.96,80.14,4.98
2020-12-09,15.91,2.5,80.94,4.46
2020-12-10,18.07,0.06,76.51,3.22
2020-12-11,18.54,0.29,80.12,2.44
2020-12-12,17.73,0.13,82.31,2.81
2020-12-13,17.52,0.6,78.11,2.24
2020-12-14,14.19,4.83,85.25,4.63
2020-12-15,13.01,0.65,74.33,5.01
2020-12-16,12.23,0.62,75.4,5.01
2020-12-17,12.31,0.58,75.84,4.85
2020-12-18,15.17,0.13,76.46,2.97
2020-12-19,14.35,0.0,67.78,5.45
2020-12-20,13.8,0.03,66.52,5.74
2020-12-21,14.06,0.1,65.79,5.85
2020-12-22,14.71,0.17,71.29,4.78
2020-12-23,15.6,14.21,87.75,3.09
2020-12-24,16.82,1.13,81.79,2.76
2020-12-25,14.97,0.02,70.85,4.5
2020-12-26,14.68,0.0,78.61,2.77
2020-12-27,16.84,0.01,77.99,1.77
2020-12-28,16.65,0.04,81.32,4.39
2020-12-29,18.52,0.0,72.74,1.85
2020-12-30,12.38,0.0,49.76,5.88
2020-12-31,7.05,0.0,51.62,4.57
2021-01-01,7.52,0.0,60.77,3.36
2021-01-02,9.44,0.0,67.2,3.86
2021-01-03,12.03,0.0,75.01,3.56
2021-01-04,13.86,0.0,74.82,3.22
2021-01-05,14.32,0.0,78.38,3.49
2021-01-06,13.53,0.0,71.11,4.2
2021-01-07,11.97,0.08,68.7,5.02
2021-01-08,8.59,0.07,56.91,4.65
2021-01-09,6.46,0.0,50.32,4.54
2021-01-10,8.49,0.01,60.46,4.56
2021-01-11,10.14,0.23,59.61,2.95
2021-01-12,8.22,0.0,46.75,3.24
2021-01-13,8.7,0.1,57.12,2.12
2021-01-14,11.14,0.0,67.47,2.02
2021-01-15,13.55,0.0,71.29,1.61
2021-01-16,13.79,0.0,72.33,4.63
2021-01-17,11.51,0.0,55.25,6.24
2021-01-18,10.03,0.0,64.51,3.5
2021-01-19,11.49,0.0,68.45,4.19
2021-01-20,15.22,0.0,75.51,2.91
2021-01-21,18.58,0.0,73.1,1.98
2021-01-22,18.86,0.0,76.2,1.34
2021-01-23,18.36,0.01,77.29,1.43
2021-01-24,15.75,0.09,77.05,3.7
2021-01-25,15.1,0.0,72.73,2.61
2021-01-26,16.54,0.0,72.31,1.9
2021-01-27,15.33,0.0,77.38,3.02
2021-01-28,15.07,0.0,71.16,2.59
2021-01-29,11.87,0.0,65.46,4.85
2021-01-30,12.01,0.0,70.01,3.37
2021-01-31,15.1,0.0,69.74,1.84
2021-02-01,17.27,0.0,65.92,1.87
2021-02-02,16.3,0.0,71.16,4.24
2021-02-03,14.81,0.0,67.55,3.88
2021-02-04,16.01,0.0,72.26,2.97
2021-02-05,16.75,0.0,71.38,2.21
2021-02-06,18.39,0.0,65.89,1.63
2021-02-07,17.33,0.02,78.35,2.54
2021-02-08,17.32,0.13,73.78,4.98
2021-02-09,14.88,0.73,67.55,6.35
2021-02-10,14.41,30.02,83.93,4.81
2021-02-11,16.48,10.88,77.45,3.03
2021-02-12,15.88,0.18,75.08,3.31
2021-02-13,15.73,0.15,80.97,3.03
2021-02-14,17.61,0.0,73.77,1.52
2021-02-15,16.72,0.0,71.4,2.64
2021-02-16,16.51,0.0,76.87,2.01
2021-02-17,15.48,0.11,75.09,4.0
2021-02-18,12.9,0.0,68.52,4.6
2021-02-19,13.07,0.0,66.58,2.33
2021-02-20,14.88,0.0,64.89,1.54
2021-02-21,16.51,0.0,59.41,1.69
2021-02-22,18.76,0.0,64.95,1.4
2021-02-23,18.15,0.0,70.16,4.21
2021-02-24,17.23,0.0,75.19,3.81
2021-02-25,19.29,0.33,78.05,1.83
2021-02-26,19.95,1.31,79.85,1.9
2021-02-27,17.39,1.13,78.18,3.26
2021-02-28,17.44,0.01,75.55,2.69
2021-03-01,19.83,0.23,75.82,2.11
2021-03-02,16.72,0.33,69.66,5.49
2021-03-03,14.87,0.38,69.13,4.0
2021-03-04,16.98,4.89,81.09,1.27
2021-03-05,17.5,2.43,87.65,2.18
2021-03-06,17.97,10.85,88.88,2.18
2021-03-07,16.78,7.9,77.49,4.06
2021-03-08,16.18,0.06,76.83,3.86
2021-03-09,16.86,0.47,77.85,2.83
2021-03-10,16.82,0.53,77.27,4.56
2021-03-11,18.48,0.87,76.44,2.2
2021-03-12,20.12,0.04,76.06,2.08
2021-03-13,18.14,0.0,72.36,3.63
2021-03-14,17.52,0.0,74.19,3.15
2021-03-15,18.84,0.0,72.31,2.0
2021-03-16,21.1,0.0,71.94,1.78
2021-03-17,21.31,0.04,77.74,1.82
2021-03-18,20.98,0.03,78.91,2.22
2021-03-19,21.45,0.03,77.65,2.09
2021-03-20,22.69,0.05,76.82,1.83
2021-03-21,17.98,0.67,78.12,5.31
2021-03-22,14.72,0.63,65.42,5.57
2021-03-23,14.6,0.85,68.33,3.01
2021-03-24,17.64,3.3,72.34,1.7
2021-03-25,17.11,0.07,72.79,3.81
2021-03-26,18.48,0.01,71.95,2.55
2021-03-27,21.11,0.01,76.11,2.28
2021-03-28,24.51,0.05,71.79,2.25
2021-03-29,23.25,0.26,81.18,2.14
2021-03-30,24.38,0.28,79.66,3.0
2021-03-31,24.37,0.95,79.07,2.46
2021-04-01,24.99,0.2,76.73,2.85
2021-04-02,25.77,0.12,74.22,2.53
2021-04-03,25.09,0.46,78.33,1.48
2021-04-04,21.94,0.59,77.17,4.37
2021-04-05,19.84,0.01,64.29,4.56
2021-04-06,19.91,0.0,63.13,3.42
2021-04-07,19.7,0.01,64.55,3.47
2021-04-08,19.88,0.52,66.27,3.39
2021-04-09,17.88,0.52,66.39,4.95
2021-04-10,18.8,0.04,52.57,4.63
2021-04-11,20.75,0.07,66.01,2.62
2021-04-12,23.31,0.04,71.85,2.57
2021-04-13,24.45,0.67,72.78,2.75
2021-04-14,20.99,0.28,71.02,4.24
2021-04-15,20.2,1.45,72.67,3.31
2021-04-16,21.13,3.53,74.85,2.5
2021-04-17,21.15,1.2,73.86,3.53
2021-04-18,20.56,0.0,61.45,5.88
2021-04-19,19.63,0.47,56.95,4.59
2021-04-20,21.13,0.03,62.23,3.72
2021-04-21,23.21,0.0,62.25,3.47
2021-04-22,25.01,0.78,64.49,1.92
2021-04-23,25.01,0.32,71.24,2.28
2021-04-24,23.74,0.32,69.82,3.04
2021-04-25,21.55,6.2,80.61,3.8
2021-04-26,21.54,0.37,74.28,3.77
2021-04-27,21.76,9.92,81.36,1.86
2021-04-28,22.2,11.58,85.03,1.68
2021-04-29,21.83,13.84,81.5,2.2
2021-04-30,22.38,0.2,71.69,1.76
2021-05-01,23.36,0.01,72.14,1.85
2021-05-02,23.35,0.06,74.66,2.08
2021-05-03,21.5,7.05,87.41,3.05
2021-05-04,25.12,5.97,84.2,3.05
2021-05-05,23.03,7.48,83.47,3.08
2021-05-06,22.27,0.01,68.0,2.58
2021-05-07,25.43,0.47,72.57,2.03
2021-05-08,26.29,5.95,80.45,2.7
2021-05-09,24.93,9.11,89.57,1.59
2021-05-10,25.98,1.59,78.42,2.48
2021-05-11,27.13,0.32,76.88,3.79
2021-05-12,27.09,0.2,81.88,2.62
2021-05-13,27.6,1.21,79.09,2.4
2021-05-14,27.46,0.72,80.5,2.32
2021-05-15,27.99,0.45,77.44,2.8
2021-05-16,28.83,0.12,72.93,3.62
2021-05-17,29.39,0.73,73.64,3.1
2021-05-18,27.81,5.49,81.07,2.35
2021-05-19,28.05,1.1,77.46,3.18
2021-05-20,29.0,1.24,76.36,3.93
2021-05-21,29.43,2.29,76.09,4.11
2021-05-22,29.41,0.9,75.67,3.88
2021-05-23,29.59,0.11,74.68,3.01
2021-05-24,29.71,2.54,74.64,2.71
2021-05-25,26.37,3.65,81.68,3.0
2021-05-26,28.46,0.26,73.39,3.3
2021-05-27,30.02,0.79,71.22,3.41
2021-05-28,30.62,2.49,69.97,2.89
2021-05-29,28.13,12.63,79.98,2.73
2021-05-30,28.09,25.04,84.94,2.49
2021-05-31,25.22,38.11,93.36,2.8
2021-06-01,25.79,7.01,87.93,1.83
2021-06-02,27.31,9.72,84.93,2.41
2021-06-03,27.8,0.43,78.74,2.02
2021-06-04,27.91,2.13,80.21,2.01
2021-06-05,26.81,9.5,86.55,2.51
2021-06-06,25.82,6.4,82.26,2.91
2021-06-07,25.76,1.79,83.43,3.16
2021-06-08,26.72,16.6,86.16,2.43
2021-06-09,26.03,4.86,88.4,1.95
2021-06-10,27.08,1.92,85.4,1.9
2021-06-11,27.33,1.84,86.78,2.59
2021-06-12,27.39,2.52,86.39,2.5
2021-06-13,27.68,1.9,84.99,2.26
2021-06-14,28.37,0.88,81.21,2.83
2021-06-15,28.88,0.1,78.95,3.58
2021-06-16,28.74,0.41,81.12,3.8
2021-06-17,29.15,0.49,79.07,3.58
2021-06-18,29.87,0.1,75.58,3.52
2021-06-19,29.92,0.07,75.5,3.85
2021-06-20,30.08,0.5,74.27,3.24
2021-06-21,29.25,4.91,79.77,3.24
2021-06-22,26.84,42.58,91.22,3.39
2021-06-23,25.78,14.51,89.0,1.9
2021-06-24,25.22,4.76,86.81,2.34
2021-06-25,26.58,2.9,85.01,2.17
2021-06-26,27.77,6.24,84.39,3.28
2021-06-27,28.02,8.15,86.31,3.34
2021-06-28,27.7,19.84,89.22,3.83
2021-06-29,27.48,15.34,89.27,3.56
2021-06-30,27.35,2.57,89.35,3.59
2021-07-01,27.79,1.36,88.43,3.56
2021-07-02,28.13,0.32,85.46,3.22
2021-07-03,28.4,0.07,84.36,2.64
2021-07-04,28.24,0.02,81.73,1.97
2021-07-05,27.99,0.21,81.81,1.62
2021-07-06,28.19,7.76,80.75,1.93
2021-07-07,27.39,2.88,85.89,2.06
2021-07-08,28.14,0.66,81.35,1.92
2021-07-09,28.55,0.0,77.29,2.19
2021-07-10,27.9,0.01,77.38,1.84
2021-07-11,27.99,0.04,82.06,1.91
2021-07-12,28.28,0.16,81.83,2.19
2021-07-13,28.43,0.32,80.77,2.13
2021-07-14,28.09,0.48,82.16,1.52
2021-07-15,28.54,1.18,74.72,1.34
2021-07-16,27.27,11.0,79.98,1.36
2021-07-17,27.85,5.68,79.43,1.5
2021-07-18,27.23,5.38,84.77,1.61
2021-07-19,27.17,2.7,86.28,2.8
2021-07-20,26.62,5.53,87.42,2.93
2021-07-21,27.84,1.26,80.17,2.85
2021-07-22,28.77,1.39,73.64,1.94
2021-07-23,29.08,12.5,74.86,1.63
2021-07-24,28.92,7.36,79.27,2.2
2021-07-25,30.21,1.19,74.71,2.78
2021-07-26,30.7,0.11,68.69,2.83
2021-07-27,31.06,0.35,70.15,2.51
2021-07-28,30.42,2.18,76.7,2.91
2021-07-29,28.47,5.82,89.2,2.83
2021-07-30,28.27,11.85,84.11,2.96
2021-07-31,27.43,18.41,91.19,2.96
2021-08-01,27.71,22.0,89.68,3.49
2021-08-02,27.88,52.94,85.39,1.92
2021-08-03,27.59,18.68,86.67,1.63
2021-08-04,27.23,8.92,91.27,3.28
2021-08-05,27.19,41.08,93.77,4.98
2021-08-06,27.72,49.28,91.02,5.49
2021-08-07,28.73,11.44,82.93,1.81
2021-08-08,28.07,1.28,90.29,2.18
2021-08-09,27.98,4.57,86.9,2.63
2021-08-10,27.6,15.54,89.39,2.27
2021-08-11,27.18,7.27,90.9,2.11
2021-08-12,27.44,14.08,88.71,2.56
2021-08-13,27.01,2.0,90.85,2.18
2021-08-14,27.11,10.88,90.37,2.99
2021-08-15,27.05,1.8,87.97,2.52
2021-08-16,27.37,0.24,87.24,2.01
2021-08-17,27.63,0.56,85.85,1.77
2021-08-18,26.67,9.07,90.24,1.35
2021-08-19,27.23,0.39,82.13,1.68
2021-08-20,26.98,0.64,84.28,1.57
2021-08-21,27.26,0.91,86.83,1.65
2021-08-22,27.49,0.29,87.24,1.84
2021-08-23,27.71,0.1,86.91,2.89
2021-08-24,27.44,0.21,87.93,2.43
2021-08-25,27.26,0.38,86.51,1.86
2021-08-26,27.12,0.22,85.04,1.28
2021-08-27,26.53,2.61,83.84,1.13
2021-08-28,26.83,0.54,83.33,1.28
2021-08-29,27.58,0.49,84.4,1.27
2021-08-30,26.97,0.78,85.89,1.74
2021-08-31,26.73,0.85,88.17,1.88
2021-09-01,27.44,3.16,85.01,1.24
2021-09-02,27.83,2.54,79.78,1.17
2021-09-03,27.62,4.93,83.62,1.56
2021-09-04,27.66,0.15,81.65,1.33
2021-09-05,27.88,0.06,79.94,1.27
2021-09-06,27.45,0.91,83.18,1.53
2021-09-07,27.64,1.42,80.96,1.38
2021-09-08,27.83,2.39,79.31,1.29
2021-09-09,27.21,1.94,83.28,2.19
2021-09-10,27.81,0.52,82.59,2.17
2021-09-11,28.89,0.41,76.09,2.89
2021-09-12,29.5,1.98,73.22,2.0
2021-09-13,28.85,3.48,82.4,2.14
2021-09-14,28.81,1.99,83.44,1.38
2021-09-15,28.32,10.98,83.2,1.38
2021-09-16,27.69,2.08,82.24,1.71
2021-09-17,27.51,1.53,81.3,1.65
2021-09-18,27.43,0.37,82.35,1.84
2021-09-19,27.59,0.09,82.64,1.51
2021-09-20,27.78,0.38,79.26,1.4
2021-09-21,28.1,5.05,81.8,1.69
2021-09-22,27.98,2.79,80.98,1.31
2021-09-23,27.57,0.91,82.81,1.56
2021-09-24,27.52,0.11,81.25,3.37
2021-09-25,26.93,0.06,76.88,4.02
2021-09-26,26.34,0.0,75.09,2.98
2021-09-27,26.6,0.0,74.55,2.47
2021-09-28,27.05,0.02,75.17,2.16
2021-09-29,27.48,0.01,72.98,1.66
2021-09-30,28.31,5.16,74.68,1.4
2021-10-01,27.41,13.14,86.14,1.25
2021-10-02,26.61,5.09,84.73,1.73
2021-10-03,26.71,0.06,77.57,2.61
2021-10-04,26.8,0.09,79.72,3.59
2021-10-05,26.63,0.03,75.75,4.74
2021-10-06,27.22,0.23,78.92,4.42
2021-10-07,26.92,15.76,84.81,3.32
2021-10-08,26.2,7.14,88.49,3.32
2021-10-09,26.47,6.41,86.69,4.03
2021-10-10,26.86,0.12,81.48,4.6
2021-10-11,27.32,0.04,71.71,7.32
2021-10-12,27.1,2.42,76.23,9.75
2021-10-13,25.79,5.68,88.89,4.33
2021-10-14,25.86,29.2,87.57,2.25
2021-10-15,25.32,1.92,86.69,3.39
2021-10-16,25.54,1.1,79.98,4.5
2021-10-17,21.47,0.68,72.83,6.75
2021-10-18,21.01,0.07,77.38,3.77
2021-10-19,22.46,0.0,79.31,2.65
2021-10-20,23.7,0.26,81.1,2.38
2021-10-21,23.28,5.41,84.13,2.05
2021-10-22,18.7,1.51,80.07,4.73
2021-10-23,19.62,0.87,81.17,4.93
2021-10-24,20.23,0.67,81.64,4.21
2021-10-25,20.62,0.03,78.34,4.51
2021-10-26,22.49,0.0,77.97,3.71
2021-10-27,22.49,0.0,80.08,3.67
2021-10-28,21.96,0.01,78.42,3.94
2021-10-29,21.64,0.19,77.92,3.35
2021-10-30,21.47,0.6,81.16,2.86
2021-10-31,21.46,0.08,75.69,3.83
2021-11-01,21.56,0.16,77.76,4.4
2021-11-02,21.09,0.2,76.08,3.87
2021-11-03,21.31,0.36,81.56,3.17
2021-11-04,22.05,0.25,82.23,2.4
2021-11-05,23.5,0.02,80.96,1.86
2021-11-06,24.96,0.05,81.83,1.28
2021-11-07,23.75,3.94,82.8,2.71
2021-11-08,17.44,3.81,69.2,4.8
2021-11-09,16.47,0.56,63.67,3.63
2021-11-10,17.33,0.0,54.84,3.18
2021-11-11,16.67,0.01,62.33,2.94
2021-11-12,18.89,1.2,70.05,3.9
2021-11-13,18.55,0.51,73.67,3.29
2021-11-14,16.84,0.0,67.17,3.83
2021-11-15,18.19,0.0,72.8,3.73
2021-11-16,19.55,0.48,78.67,2.99
2021-11-17,19.67,0.2,83.79,2.91
2021-11-18,19.92,0.03,81.33,2.27
2021-11-19,19.88,0.01,81.04,3.48
2021-11-20,20.19,0.0,81.52,3.85
2021-11-21,21.39,0.07,76.99,1.67
2021-11-22,18.24,1.82,77.13,4.05
2021-11-23,14.88,0.97,75.36,3.86
2021-11-24,15.16,0.0,64.19,3.64
2021-11-25,16.94,0.0,67.57,3.07
2021-11-26,18.05,0.0,66.43,4.62
2021-11-27,17.69,0.05,69.55,6.68
2021-11-28,19.29,0.0,74.55,5.07
2021-11-29,20.22,0.03,75.34,3.78
2021-11-30,18.87,0.0,68.51,3.88
2021-12-01,13.82,0.0,62.08,4.98
2021-12-02,12.94,0.0,60.61,3.4
2021-12-03,13.3,0.0,59.36,3.54
2021-12-04,13.38,0.0,64.92,4.52
2021-12-05,15.11,0.0,72.29,3.83
2021-12-06,15.69,0.0,75.95,3.86
2021-12-07,15.89,0.0,68.31,5.31
2021-12-08,15.35,0.0,76.24,5.08
2021-12-09,16.37,0.0,77.19,3.03
2021-12-10,17.32,0.0,79.24,3.86
2021-12-11,17.49,0.0,79.4,3.73
2021-12-12,17.93,0.01,79.0,4.0
2021-12-13,15.78,0.01,75.61,5.18
2021-12-14,16.52,0.0,73.48,3.51
2021-12-15,18.67,0.14,81.62,2.34
2021-12-16,20.73,0.08,76.71,1.6
2021-12-17,18.33,0.41,78.56,4.85
2021-12-18,13.56,0.02,60.94,5.88
2021-12-19,13.19,0.0,62.28,4.64
2021-12-20,12.86,12.07,79.89,3.04
2021-12-21,15.08,5.49,91.07,4.0
2021-12-22,16.28,0.3,80.06,3.28
2021-12-23,16.26,0.09,74.28,3.14
2021-12-24,17.94,0.32,80.5,1.27
2021-12-25,15.21,0.09,75.72,5.79
2021-12-26,11.78,1.05,68.42,7.02
2021-12-27,10.87,2.88,74.08,5.28
2021-12-28,12.22,0.02,76.6,3.07
2021-12-29,16.17,0.02,80.53,1.5
2021-12-30,15.17,0.02,74.4,3.77
2021-12-31,13.72,0.0,69.38,4.64
