annual_source_row,year,end_year,size,end_size,growth,relative_gain,size_ratio,start_X,start_Y,X,Y,first_pair_in_row,in_model_table
19,2014,2015,1419,2885,1466,1.0331219168428472,2.033121916842847,4844,2131,4884,2067,True,True
28,2014,2015,1767,2560,793,0.4487832484436899,1.4487832484436898,4382,2303,4418,2249,True,True
42,2014,2015,940,2219,1279,1.3606382978723404,2.3606382978723404,3942,2466,3978,2409,True,True
70,2014,2015,2904,6148,3244,1.1170798898071626,2.1170798898071626,3904,2843,3934,2761,True,True
82,2014,2015,2682,5812,3130,1.1670395227442207,2.1670395227442207,3460,3027,3466,2955,True,True
88,2014,2015,5682,14192,8510,1.497712073213657,2.4977120732136573,4026,3083,4040,3009,True,True
95,2014,2015,4431,8064,3633,0.8199052132701422,1.819905213270142,4252,3173,4290,3117,True,True
95,2015,2016,8064,12892,4828,0.5987103174603174,1.5987103174603174,4290,3117,4234,3074,False,True
97,2014,2015,2858,6476,3618,1.2659202239328202,2.26592022393282,3486,3229,3494,3169,True,True
97,2015,2016,6476,13577,7101,1.0965101914762199,2.09651019147622,3494,3169,3450,3089,False,True
97,2016,2017,13577,22194,8617,0.6346762907858879,1.6346762907858878,3450,3089,3550,3093,False,True
103,2014,2015,311,4852,4541,14.60128617363344,15.60128617363344,11152,3407,11126,3411,True,False
103,2015,2016,4852,8624,3772,0.7774113767518549,1.777411376751855,11126,3411,11134,3349,False,True
104,2014,2015,839,5974,5135,6.120381406436233,7.120381406436233,7246,3435,7218,3439,True,True
105,2014,2015,157,2056,1899,12.095541401273886,13.095541401273886,8392,3449,8386,3373,True,False
108,2014,2015,10417,12701,2284,0.21925698377651914,1.2192569837765193,3662,3483,3682,3429,True,True
110,2014,2015,4919,10406,5487,1.1154706241105916,2.1154706241105914,4554,3522,4594,3459,True,True
110,2015,2016,10406,19076,8670,0.8331731693253892,1.8331731693253892,4594,3459,4522,3397,False,True
111,2014,2015,2272,6138,3866,1.7015845070422535,2.7015845070422535,4734,3523,4770,3469,True,True
113,2014,2015,4022,3885,-137,-0.03406265539532571,0.9659373446046743,1837,3543,1865,3477,True,False
115,2014,2015,3428,6604,3176,0.926487747957993,1.926487747957993,2128,3597,2126,3509,True,True
116,2014,2015,2324,7681,5357,2.305077452667814,3.305077452667814,6410,3627,6412,3625,True,True
118,2014,2015,7217,14543,7326,1.0151032284882915,2.0151032284882917,3235,3653,3222,3570,True,True
123,2014,2015,1522,3704,2182,1.433639947437582,2.433639947437582,12480,3721,12477,3718,True,True
124,2014,2015,11336,18906,7570,0.6677840508115738,1.6677840508115738,12907,3725,12890,3717,True,True
124,2015,2016,18906,34988,16082,0.8506294298106422,1.850629429810642,12890,3717,12890,3641,False,True
125,2014,2015,14376,30538,16162,1.124234835837507,2.124234835837507,11849,3733,11842,3733,True,True
127,2014,2015,472,1000,528,1.11864406779661,2.1186440677966103,1594,3805,1588,3723,True,True
128,2014,2015,4521,9286,4765,1.0539703605397035,2.0539703605397035,2605,3809,2614,3749,True,True
131,2014,2015,282,4456,4174,14.801418439716311,15.801418439716311,7414,3823,7404,3825,True,False
133,2014,2015,2102,4306,2204,1.0485252140818269,2.0485252140818266,2412,3879,2421,3829,True,True
135,2014,2015,3019,7650,4631,1.5339516396157669,2.5339516396157666,2784,3893,2778,3829,True,True
138,2014,2015,329,4350,4021,12.221884498480243,13.221884498480243,8493,3931,8480,3957,True,False
141,2014,2015,2252,5567,3315,1.47202486678508,2.47202486678508,3291,4005,3278,3941,True,True
141,2015,2016,5567,11661,6094,1.094664990120352,2.0946649901203522,3278,3941,3229,3881,False,True
144,2014,2015,3053,8113,5060,1.657386177530298,2.6573861775302983,3001,4045,2979,3983,True,True
144,2015,2016,8113,18310,10197,1.2568716874152595,2.2568716874152597,2979,3983,2922,3917,False,True
146,2014,2015,2770,5272,2502,0.9032490974729241,1.9032490974729241,4790,4067,4842,4025,True,True
149,2014,2015,3148,6714,3566,1.1327827191867852,2.1327827191867854,2501,4105,2514,4035,True,True
149,2015,2016,6714,10505,3791,0.5646410485552577,1.5646410485552578,2514,4035,2475,3985,False,True
149,2016,2017,10505,7460,-3045,-0.28986197049024276,0.7101380295097572,2475,3985,2449,4023,False,False
150,2014,2015,1520,1928,408,0.26842105263157895,1.268421052631579,3950,4109,3990,4055,True,True
150,2015,2016,1928,4856,2928,1.5186721991701244,2.5186721991701244,3990,4055,3934,3993,False,True
151,2014,2015,392,5655,5263,13.426020408163266,14.426020408163266,6744,4119,6742,4105,True,False
152,2014,2015,1326,2675,1349,1.0173453996983408,2.017345399698341,8548,4125,8574,4025,True,True
153,2014,2015,138,4964,4826,34.971014492753625,35.971014492753625,6624,4127,6620,4103,True,False
154,2014,2015,2673,3786,1113,0.4163860830527497,1.4163860830527497,2374,4129,2390,4065,True,True
154,2015,2016,3786,2637,-1149,-0.303486529318542,0.696513470681458,2390,4065,2361,4013,False,False
154,2016,2017,2637,7460,4823,1.8289723170269245,2.8289723170269245,2361,4013,2449,4023,False,True
158,2014,2015,249,5910,5661,22.734939759036145,23.734939759036145,7214,4241,7206,4242,True,False
158,2015,2016,5910,18849,12939,2.1893401015228426,3.1893401015228426,7206,4242,7142,4141,False,True
159,2014,2015,1174,2642,1468,1.2504258943781943,2.250425894378194,2612,4251,2614,4197,True,True
159,2015,2016,2642,5654,3012,1.1400454201362604,2.14004542013626,2614,4197,2561,4139,False,True
167,2014,2015,1838,8673,6835,3.7187159956474427,4.718715995647443,9330,4423,9312,4453,True,True
168,2014,2015,1145,1989,844,0.737117903930131,1.737117903930131,8312,4429,8266,4357,True,True
170,2014,2015,9060,16419,7359,0.812251655629139,1.812251655629139,4470,4445,4498,4393,True,True
170,2015,2016,16419,26051,9632,0.5866374322431329,1.586637432243133,4498,4393,4434,4331,False,True
170,2016,2017,26051,36446,10395,0.39902498944378334,1.3990249894437834,4434,4331,4530,4350,False,True
172,2014,2015,2811,5045,2234,0.7947349697616507,1.7947349697616506,3118,4467,3101,4434,True,True
175,2014,2015,11632,21088,9456,0.81292984869326,1.81292984869326,3443,4503,3402,4459,True,True
178,2014,2015,132,3766,3634,27.53030303030303,28.53030303030303,8756,4553,8732,4581,True,False
179,2014,2015,2045,6511,4466,2.1838630806845964,3.1838630806845964,3928,4565,3929,4539,True,True
180,2014,2015,3620,8675,5055,1.3964088397790055,2.3964088397790055,3782,4567,3766,4542,True,True
183,2014,2015,2370,6414,4044,1.7063291139240506,2.706329113924051,2550,4650,2549,4586,True,True
183,2015,2016,6414,13172,6758,1.0536326785157468,2.0536326785157466,2549,4586,2493,4530,False,True
183,2016,2017,13172,20194,7022,0.5331005162465836,1.5331005162465836,2493,4530,2585,4538,False,True
184,2014,2015,236,5181,4945,20.953389830508474,21.953389830508474,7726,4651,7722,4675,True,False
184,2015,2016,5181,12384,7203,1.3902721482339317,2.3902721482339317,7722,4675,7678,4581,False,True
184,2016,2017,12384,20702,8318,0.6716731266149871,1.6716731266149871,7678,4581,7758,4617,False,True
185,2014,2015,2434,9644,7210,2.962202136400986,3.962202136400986,4490,4681,4502,4625,True,True
185,2015,2016,9644,20219,10575,1.0965367067606802,2.09653670676068,4502,4625,4430,4563,False,True
186,2014,2015,2984,6737,3753,1.2577077747989276,2.2577077747989276,3434,4695,3406,4659,True,True
187,2014,2015,5174,11994,6820,1.3181291070738308,2.3181291070738306,4226,4697,4242,4638,True,True
187,2015,2016,11994,23086,11092,0.9247957311989328,1.9247957311989328,4242,4638,4174,4575,False,True
190,2014,2015,4572,9739,5167,1.1301399825021872,2.1301399825021874,4624,4781,4646,4742,True,True
191,2014,2015,1620,2443,823,0.5080246913580246,1.5080246913580246,6649,4783,6648,4681,True,True
196,2014,2015,2451,6876,4425,1.8053855569155446,2.8053855569155446,3785,4902,3766,4869,True,True
196,2015,2016,6876,13769,6893,1.0024723676556138,2.0024723676556135,3766,4869,3726,4806,False,True
202,2014,2015,195,3675,3480,17.846153846153847,18.846153846153847,10514,4999,10498,5014,True,False
202,2015,2016,3675,11169,7494,2.039183673469388,3.039183673469388,10498,5014,10450,4950,False,True
203,2014,2015,3826,10991,7165,1.8727130162049137,2.872713016204914,4307,5011,4310,4959,True,True
204,2014,2015,1783,8680,6897,3.8681996634885025,4.868199663488502,7326,5015,7310,5027,True,True
204,2015,2016,8680,18894,10214,1.1767281105990783,2.1767281105990786,7310,5027,7254,4943,False,True
205,2014,2015,2616,7734,5118,1.9564220183486238,2.956422018348624,3590,5022,3560,4987,True,True
210,2014,2015,3939,7954,4015,1.0192942371160192,2.019294237116019,3234,5147,3189,5110,True,True
211,2014,2015,3804,8312,4508,1.185068349106204,2.185068349106204,4574,5153,4598,5111,True,True
212,2014,2015,3750,11320,7570,2.018666666666667,3.018666666666667,3968,5170,3946,5158,True,True
212,2015,2016,11320,22050,10730,0.9478798586572438,1.947879858657244,3946,5158,3890,5078,False,True
216,2014,2015,4225,11352,7127,1.6868639053254437,2.6868639053254437,4508,5283,4506,5238,True,True
217,2014,2015,2259,5784,3525,1.5604249667994687,2.5604249667994687,3366,5287,3322,5265,True,True
218,2014,2015,5224,14838,9614,1.8403522205206737,2.840352220520674,4974,5309,4994,5277,True,True
221,2014,2015,2684,4791,2107,0.7850223546944859,1.785022354694486,3768,5393,3748,5373,True,True
225,2014,2015,5505,18207,12702,2.307356948228883,3.307356948228883,3690,5489,3642,5442,True,True
234,2014,2015,5355,14202,8847,1.6521008403361344,2.6521008403361344,3546,5695,3494,5666,True,True
235,2014,2015,4365,2965,-1400,-0.3207331042382589,0.6792668957617412,5502,5699,5458,5594,True,False
238,2014,2015,3062,9434,6372,2.0809928151534947,3.0809928151534947,3710,5742,3662,5718,True,True
238,2015,2016,9434,15333,5899,0.6252914988340047,1.6252914988340046,3662,5718,3646,5641,False,True
243,2014,2015,246,5237,4991,20.288617886178862,21.288617886178862,7749,5821,7710,5834,True,False
243,2015,2016,5237,14095,8858,1.691426389154096,2.691426389154096,7710,5834,7666,5743,False,True
253,2014,2015,12906,19261,6355,0.4924066325739966,1.4924066325739966,3659,6029,3618,6011,True,True
259,2014,2015,805,7321,6516,8.094409937888198,9.094409937888198,8537,6181,8510,6182,True,True
267,2014,2015,2004,6354,4350,2.1706586826347305,3.1706586826347305,3834,6331,3788,6305,True,True
268,2014,2015,2953,9564,6611,2.2387402641381646,3.2387402641381646,3978,6337,3924,6312,True,True
268,2015,2016,9564,17877,8313,0.8691969887076537,1.8691969887076536,3924,6312,3894,6237,False,True
269,2014,2015,4668,13223,8555,1.8326906598114825,2.8326906598114823,4826,6377,4802,6357,True,True
270,2014,2015,5459,11123,5664,1.0375526653233194,2.0375526653233194,7162,6425,7138,6442,True,True
271,2014,2015,261,7189,6928,26.544061302681992,27.544061302681992,3862,6451,3789,6414,True,False
273,2014,2015,198,3974,3776,19.07070707070707,20.07070707070707,9590,6671,9546,6686,True,False
274,2014,2015,184,1088,904,4.913043478260869,5.913043478260869,5606,6693,5540,6619,True,True
276,2014,2015,6796,17865,11069,1.6287522071806946,2.6287522071806944,7592,6801,7566,6791,True,True
277,2014,2015,2407,15553,13146,5.4615704196094725,6.4615704196094725,5806,6855,5802,6822,True,True
278,2014,2015,10488,20554,10066,0.9597635392829901,1.9597635392829902,6946,6863,6902,6841,True,True
278,2015,2016,20554,36327,15773,0.7673932081346696,1.7673932081346697,6902,6841,6886,6778,False,True
278,2016,2017,36327,50518,14191,0.3906460759214909,1.390646075921491,6886,6778,6962,6798,False,True
281,2014,2015,124,1684,1560,12.580645161290322,13.580645161290322,3788,6961,3830,6915,True,False
282,2014,2015,5131,13073,7942,1.547846423699084,2.547846423699084,3496,7029,3437,6993,True,True
282,2015,2016,13073,23614,10541,0.8063183660980647,1.8063183660980646,3437,6993,3418,6918,False,True
283,2014,2015,5659,13701,8042,1.4210991341226364,2.4210991341226364,7748,7102,7716,7105,True,True
283,2015,2016,13701,20894,7193,0.5249981753156704,1.5249981753156703,7716,7105,7678,7049,False,True
283,2016,2017,20894,32290,11396,0.5454197377237484,1.5454197377237484,7678,7049,7746,7070,False,True
285,2014,2015,5111,17803,12692,2.483271375464684,3.483271375464684,5980,7141,5982,7121,True,True
290,2014,2015,1811,4360,2549,1.4075096631695196,2.4075096631695194,3687,7311,3642,7285,True,True
297,2014,2015,1380,5224,3844,2.785507246376812,3.785507246376812,8147,7513,8104,7494,True,True
297,2015,2016,5224,10895,5671,1.0855666156202144,2.0855666156202144,8104,7494,8079,7447,False,True
297,2016,2017,10895,17846,6951,0.6379990821477742,1.6379990821477741,8079,7447,8148,7469,False,True
297,2017,2018,17846,28736,10890,0.6102207777653256,1.6102207777653255,8148,7469,8074,7502,False,True
302,2014,2015,701,2997,2296,3.275320970042796,4.275320970042796,6642,7679,6654,7675,True,True
302,2015,2016,2997,5898,2901,0.9679679679679679,1.967967967967968,6654,7675,6606,7623,False,True
318,2014,2015,1288,3664,2376,1.84472049689441,2.8447204968944098,7102,8327,7114,8305,True,True
318,2015,2016,3664,6436,2772,0.7565502183406113,1.7565502183406114,7114,8305,7070,8258,False,True
320,2014,2015,2684,9785,7101,2.645678092399404,3.645678092399404,9286,8349,9266,8342,True,True
329,2014,2015,354,2872,2518,7.112994350282486,8.112994350282486,7812,8531,7770,8530,True,True
333,2014,2015,350,6466,6116,17.474285714285713,18.474285714285713,7738,8643,7680,8622,True,False
335,2014,2015,298,6161,5863,19.674496644295303,20.674496644295303,7222,8685,7219,8641,True,False
337,2014,2015,136,718,582,4.279411764705882,5.279411764705882,9808,8723,9730,8685,True,True
358,2014,2015,145,3042,2897,19.979310344827585,20.979310344827585,6418,9169,6409,9147,True,False
358,2015,2016,3042,7067,4025,1.3231426692965154,2.3231426692965154,6409,9147,6358,9088,False,True
358,2016,2017,7067,11790,4723,0.6683175321918777,1.6683175321918777,6358,9088,6440,9107,False,True
363,2014,2015,124,3211,3087,24.89516129032258,25.89516129032258,7662,9275,7615,9253,True,False
364,2014,2015,1545,3944,2399,1.5527508090614888,2.5527508090614885,2601,9286,2542,9235,True,True
369,2014,2015,785,5689,4904,6.247133757961784,7.247133757961784,9471,9389,9453,9386,True,True
369,2015,2016,5689,12610,6921,1.2165582703462823,2.2165582703462823,9453,9386,9391,9318,False,True
376,2014,2015,271,2184,1913,7.059040590405904,8.059040590405903,8292,9487,8260,9489,True,True
377,2014,2015,1862,3689,1827,0.981203007518797,1.981203007518797,2757,9499,2712,9457,True,True
384,2014,2015,362,6743,6381,17.62707182320442,18.62707182320442,9375,9593,9342,9597,True,False
384,2015,2016,6743,18353,11610,1.7217855553907757,2.7217855553907757,9342,9597,9280,9523,False,True
393,2014,2015,1065,3987,2922,2.743661971830986,3.743661971830986,9885,9769,9852,9815,True,True
393,2015,2016,3987,7971,3984,0.999247554552295,1.999247554552295,9852,9815,9814,9746,False,True
393,2016,2017,7971,11269,3298,0.4137498431815331,1.413749843181533,9814,9746,9878,9737,False,True
393,2017,2018,11269,20122,8853,0.785606531191765,1.785606531191765,9878,9737,9822,9779,False,True
397,2014,2015,2424,3980,1556,0.641914191419142,1.641914191419142,2766,9803,2717,9778,True,True
400,2014,2015,239,3614,3375,14.121338912133892,15.121338912133892,7230,9893,7206,9865,True,False
432,2014,2015,2899,5940,3041,1.0489824077268024,2.048982407726802,2849,10542,2825,10502,True,True
442,2014,2015,120,6776,6656,55.46666666666667,56.46666666666667,5196,10801,5165,10753,True,False
446,2014,2015,2341,1810,-531,-0.22682614267407092,0.7731738573259291,7542,10871,7510,10775,True,False
454,2014,2015,465,8377,7912,17.01505376344086,18.01505376344086,4652,11169,4612,11142,True,False
454,2015,2016,8377,23696,15319,1.828697624447893,2.828697624447893,4612,11142,4574,11038,False,True
461,2014,2015,1423,7521,6098,4.285312719606465,5.285312719606465,4810,11425,4782,11401,True,True
461,2015,2016,7521,17298,9777,1.2999601116872757,2.2999601116872754,4782,11401,4742,11310,False,True
464,2014,2015,483,8113,7630,15.797101449275363,16.797101449275363,3772,11489,3734,11446,True,False
466,2014,2015,828,4041,3213,3.880434782608696,4.880434782608695,6271,11543,6263,11527,True,True
467,2014,2015,120,2799,2679,22.325,23.325,6728,11675,6732,11637,True,False
467,2015,2016,2799,7908,5109,1.82529474812433,2.82529474812433,6732,11637,6654,11566,False,True
470,2014,2015,2647,5643,2996,1.1318473743860975,2.1318473743860973,2798,11950,2792,11953,True,True
472,2014,2015,388,1658,1270,3.2731958762886597,4.27319587628866,2872,12039,2880,12033,True,True
473,2014,2015,212,6033,5821,27.45754716981132,28.45754716981132,2668,12067,2636,12052,True,False
474,2014,2015,11852,21555,9703,0.8186803914951063,1.8186803914951064,6784,12335,6786,12285,True,True
476,2014,2015,10267,21164,10897,1.0613616441024643,2.061361644102464,7844,12403,7810,12373,True,True
476,2015,2016,21164,33608,12444,0.5879795879795879,1.587979587979588,7810,12373,7762,12286,False,True
477,2014,2015,7325,20401,13076,1.7851194539249147,2.785119453924915,6411,12415,6406,12349,True,True
477,2015,2016,20401,35418,15017,0.7360913680701926,1.7360913680701926,6406,12349,6338,12274,False,True
477,2016,2017,35418,47496,12078,0.34101304421480605,1.341013044214806,6338,12274,6446,12286,False,True
478,2014,2015,312,4724,4412,14.14102564102564,15.14102564102564,3702,12515,3688,12477,True,False
480,2014,2015,2368,8990,6622,2.7964527027027026,3.7964527027027026,7618,12590,7580,12553,True,True
480,2015,2016,8990,16612,7622,0.8478309232480534,1.8478309232480534,7580,12553,7538,12483,False,True
483,2014,2015,3727,11677,7950,2.1330829085055005,3.1330829085055005,7618,12772,7575,12731,True,True
483,2015,2016,11677,21094,9417,0.806457137963518,1.806457137963518,7575,12731,7542,12653,False,True
484,2014,2015,6551,14815,8264,1.2614867959090215,2.2614867959090215,6618,12957,6630,12907,True,True
484,2015,2016,14815,24163,9348,0.630982112723591,1.630982112723591,6630,12907,6542,12831,False,True
485,2014,2015,175,2515,2340,13.371428571428572,14.371428571428572,8486,12979,8456,12963,True,False
486,2014,2015,6926,18227,11301,1.6316777360669938,2.631677736066994,6369,13013,6362,12951,True,True
486,2015,2016,18227,31056,12829,0.7038459428320624,1.7038459428320623,6362,12951,6290,12875,False,True
487,2014,2015,4590,11556,6966,1.5176470588235293,2.5176470588235293,7518,13097,7494,13055,True,True
488,2014,2015,6039,16847,10808,1.78970028150356,2.7897002815035603,6854,13161,6828,13119,True,True
488,2015,2016,16847,32716,15869,0.9419481213272393,1.9419481213272394,6828,13119,6770,13019,False,True
492,2014,2015,219,6329,6110,27.899543378995435,28.899543378995435,5836,13523,5862,13491,True,False
497,2014,2015,909,5761,4852,5.337733773377337,6.337733773377337,8700,13767,8666,13739,True,True
498,2014,2015,2910,10145,7235,2.486254295532646,3.486254295532646,6303,13783,6322,13737,True,True
498,2015,2016,10145,17390,7245,0.7141448989650074,1.7141448989650074,6322,13737,6238,13647,False,True
502,2014,2015,353,2305,1952,5.529745042492918,6.529745042492918,6872,13959,6800,13961,True,True
503,2014,2015,402,3780,3378,8.402985074626866,9.402985074626866,4826,13971,4844,13943,True,True
505,2014,2015,180,3431,3251,18.06111111111111,19.06111111111111,7822,14009,7796,13953,True,False
508,2014,2015,408,4373,3965,9.718137254901961,10.718137254901961,4674,14163,4690,14127,True,True
509,2014,2015,4472,14598,10126,2.2643112701252237,3.2643112701252237,5242,14211,5234,14179,True,True
511,2014,2015,3541,15344,11803,3.3332391979666762,4.333239197966676,6102,14243,6122,14205,True,True
512,2014,2015,445,1839,1394,3.1325842696629214,4.132584269662921,6460,14373,6458,14347,True,True
517,2014,2015,213,6484,6271,29.441314553990612,30.441314553990612,7906,14653,7870,14625,True,False
517,2015,2016,6484,14572,8088,1.2473781616286244,2.247378161628624,7870,14625,7824,14507,False,True
520,2014,2015,234,2387,2153,9.2008547008547,10.2008547008547,7706,14935,7710,14899,True,True
520,2015,2016,2387,6952,4565,1.912442396313364,2.912442396313364,7710,14899,7658,14791,False,True
521,2014,2015,284,3354,3070,10.809859154929578,11.809859154929578,6856,14965,6842,14933,True,False
522,2014,2015,508,5161,4653,9.159448818897637,10.159448818897637,6804,15047,6791,15008,True,True
524,2014,2015,288,7940,7652,26.569444444444443,27.569444444444443,7916,15179,7898,15141,True,False
524,2015,2016,7940,16602,8662,1.0909319899244332,2.0909319899244334,7898,15141,7840,15031,False,True
538,2014,2015,1013,7918,6905,6.816386969397828,7.816386969397828,7034,15868,7036,15807,True,True
540,2014,2015,6463,16455,9992,1.5460312548352158,2.5460312548352158,8924,15880,8906,15797,True,True
544,2014,2015,2506,6106,3600,1.4365522745411015,2.4365522745411012,8860,16003,8854,15927,True,True
547,2014,2015,8736,12892,4156,0.4757326007326007,1.4757326007326008,8614,16079,8612,16035,True,True
548,2014,2015,2797,3700,903,0.3228459063282088,1.3228459063282088,8380,16150,8402,16117,True,True
553,2014,2015,135,3988,3853,28.54074074074074,29.54074074074074,7886,16419,7830,16403,True,False
557,2014,2015,3098,11220,8122,2.621691413815365,3.621691413815365,9466,16585,9468,16511,True,True
582,2015,2016,289,5436,5147,17.80968858131488,18.80968858131488,6584,2601,6610,2599,True,False
585,2015,2016,1676,5436,3760,2.243436754176611,3.243436754176611,6646,2699,6610,2599,True,True
586,2015,2016,1017,5688,4671,4.592920353982301,5.592920353982301,6798,2739,6762,2631,True,True
588,2015,2016,1837,6247,4410,2.4006532389765924,3.4006532389765924,6538,2771,6506,2671,True,True
589,2015,2016,1572,6869,5297,3.369592875318066,4.369592875318066,7202,2889,7200,2789,True,True
592,2015,2016,2778,7282,4504,1.6213102951763858,2.621310295176386,8938,2994,8916,2893,True,True
608,2015,2016,2396,6796,4400,1.8363939899833055,2.8363939899833057,9226,3225,9198,3133,True,True
611,2015,2016,2378,8437,6059,2.5479394449116906,3.5479394449116906,6620,3245,6564,3149,True,True
615,2015,2016,3481,10502,7021,2.016949152542373,3.016949152542373,8075,3271,8029,3161,True,True
619,2015,2016,1270,5652,4382,3.4503937007874015,4.4503937007874015,7934,3319,7893,3219,True,True
619,2016,2017,5652,9242,3590,0.63517338995046,1.63517338995046,7893,3219,7988,3263,False,True
621,2015,2016,2457,9158,6701,2.727309727309727,3.727309727309727,7602,3337,7552,3237,True,True
623,2015,2016,1926,7604,5678,2.948078920041537,3.948078920041537,7410,3375,7366,3271,True,True
628,2015,2016,685,7609,6924,10.108029197080292,11.108029197080292,8044,3475,8042,3465,True,False
629,2015,2016,568,3200,2632,4.633802816901408,5.633802816901408,6996,3505,7031,3499,True,True
630,2015,2016,1228,6218,4990,4.063517915309446,5.063517915309446,7526,3507,7481,3407,True,True
630,2016,2017,6218,12510,6292,1.0119009327758122,2.011900932775812,7481,3407,7568,3445,False,True
632,2015,2016,1400,6156,4756,3.3971428571428572,4.397142857142857,7673,3523,7628,3425,True,True
636,2015,2016,2145,7609,5464,2.5473193473193474,3.5473193473193474,8086,3571,8042,3465,True,True
638,2015,2016,1148,588,-560,-0.4878048780487805,0.5121951219512195,6534,3579,6494,3513,True,False
639,2015,2016,325,3200,2875,8.846153846153847,9.846153846153847,7064,3587,7031,3499,True,True
643,2015,2016,3339,12032,8693,2.603474094040132,3.603474094040132,7392,3663,7346,3561,True,True
647,2015,2016,3659,15198,11539,3.1535938781087727,4.153593878108773,6983,3705,6912,3601,True,True
649,2015,2016,1592,5314,3722,2.3379396984924625,3.3379396984924625,12626,3711,12642,3645,True,True
649,2016,2017,5314,4039,-1275,-0.23993225442228078,0.7600677455777193,12642,3645,12726,3657,False,False
663,2015,2016,1144,4396,3252,2.8426573426573425,3.8426573426573425,10208,3971,10167,3889,True,True
666,2015,2016,1065,3312,2247,2.1098591549295773,3.1098591549295773,11354,3987,11342,3921,True,True
666,2016,2017,3312,6019,2707,0.8173309178743962,1.8173309178743962,11342,3921,11390,3985,False,True
666,2017,2018,6019,7960,1941,0.322478817079249,1.322478817079249,11390,3985,11333,3989,False,True
677,2015,2016,2320,8626,6306,2.718103448275862,3.718103448275862,10864,4093,10840,4015,True,True
677,2016,2017,8626,13748,5122,0.5937862276837468,1.593786227683747,10840,4015,10894,4075,False,True
678,2015,2016,4639,14202,9563,2.0614356542358268,3.0614356542358268,10574,4109,10526,4027,True,True
680,2015,2016,1917,6603,4686,2.4444444444444446,3.4444444444444446,8682,4114,8642,4019,True,True
681,2015,2016,4780,14883,10103,2.1135983263598326,3.1135983263598326,7313,4117,7265,4029,True,True
682,2015,2016,1960,7973,6013,3.067857142857143,4.067857142857143,2726,4133,2664,4067,True,True
684,2015,2016,1364,6741,5377,3.94208211143695,4.94208211143695,8090,4211,8038,4107,True,True
684,2016,2017,6741,14045,7304,1.0835187657617564,2.0835187657617564,8038,4107,8113,4143,False,True
686,2015,2016,786,5320,4534,5.768447837150127,6.768447837150127,10054,4253,10011,4165,True,True
686,2016,2017,5320,11812,6492,1.2203007518796993,2.2203007518796993,10011,4165,10062,4211,False,True
687,2015,2016,1364,4745,3381,2.478739002932551,3.478739002932551,9758,4266,9723,4185,True,True
688,2015,2016,4027,13415,9388,2.331263968214552,3.331263968214552,10360,4278,10312,4197,True,True
693,2015,2016,2314,7887,5573,2.4083837510803803,3.4083837510803803,8376,4335,8320,4231,True,True
695,2015,2016,2728,9050,6322,2.317448680351906,3.317448680351906,10618,4364,10574,4287,True,True
695,2016,2017,9050,16905,7855,0.8679558011049724,1.8679558011049724,10574,4287,10618,4337,False,True
695,2017,2018,16905,27981,11076,0.6551907719609583,1.6551907719609582,10618,4337,10538,4345,False,True
697,2015,2016,2715,7601,4886,1.7996316758747697,2.7996316758747697,8116,4393,8070,4292,True,True
698,2015,2016,6830,16192,9362,1.3707174231332357,2.3707174231332355,6118,4417,6056,4333,True,True
702,2015,2016,2151,6569,4418,2.0539284053928406,3.0539284053928406,11834,4434,11824,4365,True,True
703,2015,2016,2552,7730,5178,2.0289968652037618,3.0289968652037618,10208,4443,10166,4366,True,True
705,2015,2016,745,5592,4847,6.506040268456376,7.506040268456376,8950,4471,8982,4415,True,True
706,2015,2016,2870,10510,7640,2.662020905923345,3.662020905923345,10344,4502,10290,4426,True,True
707,2015,2016,3324,8353,5029,1.512936221419976,2.512936221419976,8102,4506,8054,4403,True,True
708,2015,2016,1761,5592,3831,2.1754684838160134,3.1754684838160134,9006,4507,8982,4415,True,True
716,2015,2016,1199,3436,2237,1.865721434528774,2.865721434528774,5320,4655,5266,4585,True,True
716,2016,2017,3436,4579,1143,0.33265424912689173,1.3326542491268918,5266,4585,5374,4622,False,True
717,2015,2016,2932,9584,6652,2.2687585266030013,3.2687585266030013,10193,4665,10142,4588,True,True
717,2016,2017,9584,17476,7892,0.8234557595993323,1.8234557595993321,10142,4588,10194,4628,False,True
717,2017,2018,17476,29992,12516,0.7161821927214466,1.7161821927214465,10194,4628,10118,4634,False,True
719,2015,2016,2997,9771,6774,2.26026026026026,3.26026026026026,6302,4757,6236,4665,True,True
719,2016,2017,9771,18813,9042,0.9253914645379183,1.9253914645379184,6236,4665,6318,4690,False,True
723,2015,2016,4307,11541,7234,1.6795913628976085,2.6795913628976087,5777,4821,5719,4750,True,True
723,2016,2017,11541,18772,7231,0.6265488259249632,1.6265488259249632,5719,4750,5810,4774,False,True
724,2015,2016,2289,6136,3847,1.6806465705548275,2.6806465705548272,12778,4821,12764,4762,True,True
724,2016,2017,6136,9202,3066,0.4996740547588005,1.4996740547588006,12764,4762,12778,4821,False,True
725,2015,2016,2919,8247,5328,1.8252826310380268,2.825282631038027,10978,4823,10945,4763,True,True
725,2016,2017,8247,14203,5956,0.7222020128531588,1.7222020128531588,10945,4763,10990,4803,False,True
727,2015,2016,2869,9392,6523,2.2736144998257233,3.2736144998257233,8242,4865,8186,4766,True,True
727,2016,2017,9392,11782,2390,0.25447189097103917,1.2544718909710393,8186,4766,8278,4814,False,True
729,2015,2016,1909,5177,3268,1.711891042430592,2.711891042430592,10934,4981,10914,4929,True,True
729,2016,2017,5177,9070,3893,0.751979911145451,1.751979911145451,10914,4929,10963,4973,False,True
731,2015,2016,2976,9526,6550,2.200940860215054,3.200940860215054,8152,4991,8098,4895,True,True
731,2016,2017,9526,17148,7622,0.8001259710266638,1.800125971026664,8098,4895,8170,4929,False,True
732,2015,2016,3046,11152,8106,2.6611950098489823,3.6611950098489823,10250,5017,10198,4943,True,True
732,2016,2017,11152,21634,10482,0.9399210903873745,1.9399210903873745,10198,4943,10238,4974,False,True
734,2015,2016,1469,4466,2997,2.040163376446562,3.040163376446562,9070,5037,9044,4957,True,True
738,2015,2016,2717,7960,5243,1.929701877070298,2.9297018770702983,9762,5111,9718,5029,True,True
739,2015,2016,3208,9763,6555,2.0433291770573567,3.0433291770573567,9528,5117,9486,5034,True,True
741,2015,2016,1829,6204,4375,2.3920174958993985,3.3920174958993985,12350,5197,12324,5135,True,True
741,2016,2017,6204,11608,5404,0.8710509348807222,1.871050934880722,12324,5135,12338,5181,False,True
741,2017,2018,11608,21218,9610,0.8278773259820813,1.8278773259820813,12338,5181,12282,5178,False,True
741,2018,2019,21218,36412,15194,0.7160901121689132,1.7160901121689132,12282,5178,12276,5130,False,True
741,2019,2020,36412,43791,7379,0.20265297154784137,1.2026529715478413,12276,5130,12251,5094,False,True
741,2020,2021,43791,48042,4251,0.09707474138521614,1.0970747413852162,12251,5094,12242,5082,False,True
746,2015,2016,2094,7092,4998,2.3868194842406876,3.3868194842406876,8758,5237,8722,5156,True,True
746,2016,2017,7092,13026,5934,0.8367174280879864,1.8367174280879865,8722,5156,8790,5193,False,True
749,2015,2016,2349,8538,6189,2.6347381864623243,3.6347381864623243,9616,5254,9576,5173,True,True
756,2015,2016,852,3288,2436,2.859154929577465,3.859154929577465,6534,5319,6480,5239,True,True
760,2015,2016,905,2350,1445,1.5966850828729282,2.596685082872928,7272,5361,7244,5279,True,True
760,2016,2017,2350,4568,2218,0.9438297872340425,1.9438297872340426,7244,5279,7330,5313,False,True
761,2015,2016,901,3366,2465,2.7358490566037736,3.7358490566037736,9580,5369,9546,5298,True,True
765,2015,2016,1659,5117,3458,2.0843881856540083,3.0843881856540083,9278,5469,9250,5394,True,True
766,2015,2016,2408,6684,4276,1.7757475083056478,2.7757475083056478,12434,5529,12410,5483,True,True
766,2016,2017,6684,12294,5610,0.8393177737881508,1.8393177737881508,12410,5483,12418,5525,False,True
766,2017,2018,12294,17951,5657,0.46014315926468197,1.4601431592646819,12418,5525,12364,5529,False,True
766,2018,2019,17951,23855,5904,0.32889532616567324,1.3288953261656733,12364,5529,12358,5502,False,True
766,2019,2020,23855,27349,3494,0.14646824565080696,1.1464682456508068,12358,5502,12330,5474,False,True
767,2015,2016,3262,9854,6592,2.0208461066830163,3.0208461066830163,6111,5548,6058,5463,True,True
767,2016,2017,9854,18172,8318,0.8441242135173533,1.8441242135173534,6058,5463,6134,5486,False,True
768,2015,2016,2648,9890,7242,2.734894259818731,3.734894259818731,5963,5567,5888,5494,True,True
769,2015,2016,3535,11771,8236,2.32984441301273,3.32984441301273,8954,5586,8919,5491,True,True
769,2016,2017,11771,20801,9030,0.7671395803245263,1.7671395803245264,8919,5491,8978,5523,False,True
770,2015,2016,1624,5161,3537,2.1779556650246303,3.1779556650246303,10265,5639,10210,5577,True,True
770,2016,2017,5161,8918,3757,0.7279596977329975,1.7279596977329974,10210,5577,10258,5619,False,True
770,2017,2018,8918,13239,4321,0.4845256784032294,1.4845256784032295,10258,5619,10210,5650,False,True
774,2015,2016,2131,5264,3133,1.4702017832003753,2.4702017832003755,7602,5703,7571,5630,True,True
776,2015,2016,3920,12546,8626,2.2005102040816324,3.2005102040816324,10612,5730,10546,5650,True,True
776,2016,2017,12546,22996,10450,0.8329347999362346,1.8329347999362346,10546,5650,10582,5682,False,True
776,2017,2018,22996,36714,13718,0.5965385284397287,1.5965385284397287,10582,5682,10518,5691,False,True
782,2015,2016,1783,5128,3345,1.876051598429613,2.876051598429613,11606,5799,11566,5747,True,True
782,2016,2017,5128,10681,5553,1.0828783151326054,2.0828783151326054,11566,5747,11590,5773,False,True
782,2017,2018,10681,15858,5177,0.48469244452766597,1.484692444527666,11590,5773,11538,5778,False,True
782,2018,2019,15858,18767,2909,0.1834405347458696,1.1834405347458696,11538,5778,11550,5727,False,True
782,2019,2020,18767,23705,4938,0.2631214365641818,1.2631214365641819,11550,5727,11530,5690,False,True
782,2020,2021,23705,25317,1612,0.06800253111157983,1.06800253111158,11530,5690,11522,5675,False,True
783,2015,2016,2283,9290,7007,3.0692071835304424,4.069207183530442,9058,5808,9024,5721,True,True
783,2016,2017,9290,17722,8432,0.9076426264800861,1.907642626480086,9024,5721,9080,5749,False,True
783,2017,2018,17722,28211,10489,0.591863220855434,1.591863220855434,9080,5749,9006,5773,False,True
785,2015,2016,1365,5689,4324,3.1677655677655676,4.167765567765568,10168,5851,10104,5778,True,True
785,2016,2017,5689,12562,6873,1.2081209351379856,2.208120935137986,10104,5778,10148,5805,False,True
785,2017,2018,12562,22432,9870,0.785702913548798,1.785702913548798,10148,5805,10082,5830,False,True
786,2015,2016,1901,5531,3630,1.9095213045765387,2.9095213045765385,11400,5866,11362,5811,True,True
788,2015,2016,4693,10834,6141,1.3085446409546133,2.3085446409546133,13278,5911,13240,5862,True,True
789,2015,2016,3401,10157,6756,1.9864745663040282,2.9864745663040284,9272,5933,9234,5845,True,True
789,2016,2017,10157,17545,7388,0.7273801319287191,1.7273801319287192,9234,5845,9289,5879,False,True
789,2017,2018,17545,29450,11905,0.6785408948418353,1.6785408948418352,9289,5879,9208,5898,False,True
791,2015,2016,1749,4226,2477,1.4162378502001143,2.4162378502001145,10720,5967,10700,5903,True,True
791,2016,2017,4226,7608,3382,0.8002839564600095,1.8002839564600095,10700,5903,10748,5939,False,True
791,2017,2018,7608,11780,4172,0.5483701366982124,1.5483701366982123,10748,5939,10690,5963,False,True
792,2015,2016,2547,7614,5067,1.989399293286219,2.989399293286219,10980,5974,10947,5910,True,True
792,2016,2017,7614,14905,7291,0.957578145521408,1.9575781455214079,10947,5910,10982,5942,False,True
794,2015,2016,1060,2703,1643,1.55,2.55,6624,5985,6578,5903,True,True
799,2015,2016,5421,14998,9577,1.76664821988563,2.76664821988563,9524,6065,9488,5974,True,True
800,2015,2016,2575,7633,5058,1.964271844660194,2.9642718446601943,12286,6103,12243,6060,True,True
800,2016,2017,7633,15286,7653,1.0026202017555352,2.0026202017555352,12243,6060,12258,6086,False,True
800,2017,2018,15286,26747,11461,0.7497710323171529,1.749771032317153,12258,6086,12208,6091,False,True
802,2015,2016,2431,10026,7595,3.1242287124640065,4.1242287124640065,8848,6142,8808,6061,True,True
802,2016,2017,10026,18772,8746,0.8723319369638939,1.8723319369638938,8808,6061,8866,6082,False,True
802,2017,2018,18772,35365,16593,0.8839228638397614,1.8839228638397614,8866,6082,8780,6102,False,True
803,2015,2016,3146,9163,6017,1.9125874125874125,2.9125874125874125,11136,6157,11099,6086,True,True
806,2015,2016,1845,6761,4916,2.66449864498645,3.66449864498645,10336,6197,10270,6114,True,True
806,2016,2017,6761,14402,7641,1.1301582606123355,2.1301582606123355,10270,6114,10312,6138,False,True
806,2017,2018,14402,24586,10184,0.7071240105540897,1.7071240105540897,10312,6138,10252,6150,False,True
810,2015,2016,1586,6125,4539,2.8619167717528375,3.8619167717528375,8034,6470,7985,6397,True,True
810,2016,2017,6125,11271,5146,0.8401632653061224,1.8401632653061224,7985,6397,8058,6421,False,True
811,2015,2016,4373,7760,3387,0.7745254973702264,1.7745254973702265,3948,6485,3934,6418,True,True
814,2015,2016,2263,7738,5475,2.4193548387096775,3.4193548387096775,8572,6515,8530,6446,True,True
814,2016,2017,7738,12651,4913,0.6349185836133368,1.6349185836133369,8530,6446,8594,6478,False,True
816,2015,2016,1359,4095,2736,2.013245033112583,3.013245033112583,10862,6549,10828,6489,True,True
816,2016,2017,4095,7194,3099,0.7567765567765568,1.7567765567765568,10828,6489,10870,6515,False,True
816,2017,2018,7194,12459,5265,0.73185988323603,1.7318598832360301,10870,6515,10814,6538,False,True
817,2015,2016,2863,9511,6648,2.3220398183723368,3.3220398183723368,9550,6555,9520,6467,True,True
820,2015,2016,2801,8766,5965,2.1295965726526243,3.1295965726526243,10628,6603,10580,6531,True,True
820,2016,2017,8766,18718,9952,1.135295459730778,2.135295459730778,10580,6531,10614,6529,False,True
820,2017,2018,18718,25231,6513,0.3479538412223528,1.3479538412223528,10614,6529,10568,6549,False,True
827,2015,2016,1869,8386,6517,3.48689138576779,4.48689138576779,9146,6698,9108,6630,True,True
828,2015,2016,1468,6069,4601,3.1341961852861036,4.134196185286103,10158,6709,10110,6621,True,True
828,2016,2017,6069,10957,4888,0.8054045147470753,1.8054045147470752,10110,6621,10158,6646,False,True
829,2015,2016,1841,9647,7806,4.24008690928843,5.24008690928843,11760,6715,11704,6655,True,True
829,2016,2017,9647,20351,10704,1.109567741266715,2.109567741266715,11704,6655,11714,6667,False,True
829,2017,2018,20351,36162,15811,0.7769151393051938,1.7769151393051938,11714,6667,11662,6682,False,True
834,2015,2016,2295,6506,4211,1.8348583877995643,2.834858387799564,11176,6774,11134,6713,True,True
836,2015,2016,1182,3510,2328,1.9695431472081217,2.969543147208122,9472,6781,9448,6729,True,True
836,2016,2017,3510,5083,1573,0.44814814814814813,1.4481481481481482,9448,6729,9512,6763,False,True
839,2015,2016,2135,6145,4010,1.8782201405152226,2.8782201405152223,11346,6799,11306,6733,True,True
839,2016,2017,6145,10436,4291,0.6982912937347437,1.6982912937347436,11306,6733,11342,6759,False,True
840,2015,2016,3308,12343,9035,2.7312575574365177,3.7312575574365177,9286,6812,9246,6742,True,True
842,2015,2016,3434,9799,6365,1.8535235876528828,2.853523587652883,9935,6823,9882,6742,True,True
845,2015,2016,1144,4888,3744,3.272727272727273,4.2727272727272725,3597,6857,3576,6783,True,True
845,2016,2017,4888,4459,-429,-0.08776595744680851,0.9122340425531915,3576,6783,3582,6806,False,False
846,2015,2016,3215,8624,5409,1.682426127527216,2.6824261275272163,7428,6862,7397,6786,True,True
847,2015,2016,3392,11565,8173,2.409492924528302,3.409492924528302,10362,6885,10290,6797,True,True
852,2015,2016,471,3119,2648,5.62208067940552,6.62208067940552,10778,7033,10726,6956,True,True
852,2016,2017,3119,10099,6980,2.2378967617826224,3.2378967617826224,10726,6956,10758,6969,False,True
853,2015,2016,4702,16497,11795,2.5085070182900893,3.5085070182900893,5708,7037,5634,6942,True,True
853,2016,2017,16497,27594,11097,0.6726677577741408,1.6726677577741407,5634,6942,5718,6961,False,True
854,2015,2016,1815,4931,3116,1.7168044077134985,2.7168044077134987,3834,7058,3816,6981,True,True
859,2015,2016,1511,6782,5271,3.488418266048974,4.488418266048974,8396,7201,8345,7141,True,True
863,2015,2016,6663,16180,9517,1.4283355845715144,2.4283355845715144,8546,7239,8494,7194,True,True
865,2015,2016,3350,12828,9478,2.8292537313432837,3.8292537313432837,10298,7347,10238,7262,True,True
865,2016,2017,12828,24201,11373,0.8865762394761459,1.8865762394761458,10238,7262,10274,7269,False,True
867,2015,2016,3529,12082,8553,2.4236327571550014,3.4236327571550014,9658,7410,9598,7323,True,True
867,2016,2017,12082,20242,8160,0.6753848700546267,1.6753848700546268,9598,7323,9646,7338,False,True
867,2017,2018,20242,33331,13089,0.6466258274874024,1.6466258274874024,9646,7338,9580,7358,False,True
868,2015,2016,3158,10561,7403,2.344205193160228,3.344205193160228,8786,7422,8740,7369,True,True
868,2016,2017,10561,17356,6795,0.6434049805889593,1.6434049805889595,8740,7369,8798,7395,False,True
869,2015,2016,4613,15050,10437,2.2625189681335356,3.2625189681335356,4356,7465,4304,7385,True,True
870,2015,2016,1330,4400,3070,2.308270676691729,3.308270676691729,11298,7470,11260,7417,True,True
870,2016,2017,4400,8385,3985,0.9056818181818181,1.9056818181818183,11260,7417,11292,7430,False,True
870,2017,2018,8385,13889,5504,0.6564102564102564,1.6564102564102565,11292,7430,11250,7454,False,True
872,2015,2016,1722,5686,3964,2.301974448315912,3.301974448315912,7223,7506,7186,7438,True,True
873,2015,2016,1910,6281,4371,2.2884816753926702,3.2884816753926702,9892,7511,9846,7434,True,True
874,2015,2016,2051,7143,5092,2.482691370063384,3.482691370063384,6688,7521,6634,7458,True,True
874,2016,2017,7143,13545,6402,0.8962620747585048,1.8962620747585048,6634,7458,6710,7478,False,True
876,2015,2016,1908,6299,4391,2.301362683438155,3.301362683438155,4472,7534,4434,7465,True,True
880,2015,2016,1331,10815,9484,7.125469571750563,8.125469571750564,6444,7581,6492,7535,True,True
881,2015,2016,3401,10815,7414,2.179947074389885,3.179947074389885,6554,7599,6492,7535,True,True
882,2015,2016,2114,7597,5483,2.5936613055818354,3.5936613055818354,7174,7606,7122,7539,True,True
883,2015,2016,3375,11353,7978,2.3638518518518516,3.3638518518518516,5510,7611,5452,7531,True,True
883,2016,2017,11353,21932,10579,0.9318241874394433,1.9318241874394433,5452,7531,5526,7546,False,True
884,2015,2016,376,2373,1997,5.3111702127659575,6.3111702127659575,3508,7615,3494,7541,True,True
884,2016,2017,2373,2246,-127,-0.05351875263379688,0.9464812473662031,3494,7541,3594,7586,False,False
885,2015,2016,1412,5315,3903,2.7641643059490084,3.7641643059490084,7260,7706,7220,7643,True,True
889,2015,2016,2665,6810,4145,1.5553470919324577,2.555347091932458,8068,7735,8042,7689,True,True
889,2016,2017,6810,11723,4913,0.72143906020558,1.72143906020558,8042,7689,8114,7706,False,True
890,2015,2016,3321,11022,7701,2.3188798554652212,3.3188798554652212,7607,7758,7574,7689,True,True
890,2016,2017,11022,21170,10148,0.9207040464525494,1.9207040464525496,7574,7689,7644,7702,False,True
893,2015,2016,1500,7255,5755,3.8366666666666664,4.836666666666667,11386,7783,11340,7719,True,True
893,2016,2017,7255,13838,6583,0.9073742246726395,1.9073742246726395,11340,7719,11372,7726,False,True
895,2015,2016,1846,7908,6062,3.28385698808234,4.2838569880823405,4864,7798,4824,7729,True,True
896,2015,2016,2449,7649,5200,2.1233156390363415,3.1233156390363415,6840,7821,6778,7761,True,True
896,2016,2017,7649,12634,4985,0.6517191789776441,1.6517191789776442,6778,7761,6856,7783,False,True
899,2015,2016,4350,11101,6751,1.5519540229885058,2.5519540229885056,8522,7866,8484,7818,True,True
899,2016,2017,11101,21555,10454,0.9417169624358166,1.9417169624358166,8484,7818,8538,7822,False,True
899,2017,2018,21555,35730,14175,0.6576200417536534,1.6576200417536535,8538,7822,8458,7846,False,True
901,2015,2016,2288,8447,6159,2.691870629370629,3.691870629370629,4798,7889,4754,7825,True,True
902,2015,2016,2002,8645,6643,3.3181818181818183,4.318181818181818,11236,7889,11188,7825,True,True
903,2015,2016,2277,8674,6397,2.8093983311374617,3.8093983311374617,5031,7893,5002,7826,True,True
903,2016,2017,8674,15123,6449,0.7434862808392898,1.74348628083929,5002,7826,5090,7851,False,True
908,2015,2016,2243,6241,3998,1.7824342398573338,2.782434239857334,6669,7929,6612,7874,True,True
908,2016,2017,6241,11997,5756,0.9222880948565935,1.9222880948565935,6612,7874,6688,7894,False,True
910,2015,2016,1983,5842,3859,1.946041351487645,2.946041351487645,10090,7949,10042,7882,True,True
912,2015,2016,5642,15471,9829,1.7421127259836937,2.7421127259836937,7792,7961,7748,7891,True,True
912,2016,2017,15471,23287,7816,0.5052032835627949,1.5052032835627949,7748,7891,7824,7902,False,True
913,2015,2016,3839,8123,4284,1.1159156030216202,2.1159156030216204,4874,7974,4839,7915,True,True
914,2015,2016,2407,9302,6895,2.8645616950560866,3.8645616950560866,11186,7990,11140,7926,True,True
917,2015,2016,164,2629,2465,15.03048780487805,16.03048780487805,3710,8029,3716,8052,True,False
919,2015,2016,2987,7680,4693,1.5711416136591898,2.57114161365919,11465,8061,11426,8007,True,True
919,2016,2017,7680,13016,5336,0.6947916666666667,1.6947916666666667,11426,8007,11454,8014,False,True
920,2015,2016,3950,11110,7160,1.8126582278481012,2.812658227848101,6536,8075,6482,8006,True,True
921,2015,2016,8338,16913,8575,1.0284240825137922,2.0284240825137925,9002,8085,8970,8038,True,True
921,2016,2017,16913,24996,8083,0.4779163956719683,1.4779163956719683,8970,8038,9026,8058,False,True
922,2015,2016,2221,5198,2977,1.340387212967132,2.3403872129671317,6138,8098,6098,8038,True,True
923,2015,2016,2385,7349,4964,2.0813417190775683,3.0813417190775683,5274,8110,5245,8041,True,True
924,2015,2016,3244,7923,4679,1.442355117139334,2.4423551171393343,5410,8118,5374,8050,True,True
925,2015,2016,550,3443,2893,5.26,6.26,7204,8139,7161,8082,True,True
926,2015,2016,1876,10183,8307,4.428038379530917,5.428038379530917,7904,8154,7869,8095,True,True
930,2015,2016,1072,6683,5611,5.2341417910447765,6.2341417910447765,9198,8225,9147,8169,True,True
930,2016,2017,6683,8138,1455,0.21771659434385754,1.2177165943438575,9147,8169,9210,8186,False,True
931,2015,2016,373,2028,1655,4.436997319034853,5.436997319034853,3772,8237,3754,8178,True,True
932,2015,2016,1169,3806,2637,2.255774165953807,3.255774165953807,9306,8245,9264,8197,True,True
933,2015,2016,1154,3258,2104,1.8232235701906412,2.8232235701906414,4529,8253,4494,8202,True,True
934,2015,2016,2246,7479,5233,2.329919857524488,3.329919857524488,6136,8266,6090,8198,True,True
935,2015,2016,2734,10075,7341,2.685076810534016,3.685076810534016,4696,8273,4654,8202,True,True
937,2015,2016,1029,4053,3024,2.938775510204082,3.938775510204082,10826,8329,10790,8266,True,True
937,2016,2017,4053,7572,3519,0.8682457438934122,1.8682457438934124,10790,8266,10831,8273,False,True
938,2015,2016,1279,3690,2411,1.8850664581704457,2.8850664581704457,8874,8335,8842,8287,True,True
938,2016,2017,3690,6091,2401,0.6506775067750677,1.6506775067750679,8842,8287,8910,8307,False,True
940,2015,2016,2602,9244,6642,2.552651806302844,3.552651806302844,7270,8387,7218,8334,True,True
940,2016,2017,9244,17844,8600,0.9303331890956296,1.9303331890956297,7218,8334,7286,8343,False,True
943,2015,2016,837,5196,4359,5.207885304659499,6.207885304659499,9678,8439,9620,8382,True,True
946,2015,2016,2531,8910,6379,2.5203476886606087,3.5203476886606087,11506,8480,11464,8434,True,True
946,2016,2017,8910,19705,10795,1.2115600448933783,2.2115600448933783,11464,8434,11482,8406,False,True
947,2015,2016,1176,4186,3010,2.5595238095238093,3.5595238095238093,10660,8483,10618,8425,True,True
947,2016,2017,4186,8488,4302,1.0277114190157668,2.027711419015767,10618,8425,10662,8426,False,True
947,2017,2018,8488,12292,3804,0.4481621112158341,1.448162111215834,10662,8426,10616,8470,False,True
947,2018,2019,12292,19608,7316,0.5951838594207615,1.5951838594207615,10616,8470,10622,8434,False,True
947,2019,2020,19608,22950,3342,0.1704406364749082,1.1704406364749083,10622,8434,10598,8413,False,True
949,2015,2016,2264,6201,3937,1.7389575971731448,2.738957597173145,10896,8514,10862,8457,True,True
949,2016,2017,6201,12411,6210,1.0014513788098693,2.0014513788098696,10862,8457,10896,8450,False,True
950,2015,2016,2092,5873,3781,1.80736137667304,2.80736137667304,5614,8534,5582,8458,True,True
950,2016,2017,5873,11854,5981,1.0183892388898348,2.018389238889835,5582,8458,5662,8481,False,True
955,2015,2016,2892,9277,6385,2.2078146611341634,3.2078146611341634,5728,8622,5683,8541,True,True
956,2015,2016,2093,5686,3593,1.716674629718108,2.716674629718108,5052,8630,5030,8570,True,True
956,2016,2017,5686,10550,4864,0.855434400281393,1.855434400281393,5030,8570,5110,8598,False,True
958,2015,2016,1845,6750,4905,2.658536585365854,3.658536585365854,10922,8669,10878,8610,True,True
963,2015,2016,2514,8016,5502,2.18854415274463,3.18854415274463,5808,8729,5762,8649,True,True
964,2015,2016,1991,5770,3779,1.8980411853340031,2.898041185334003,8226,8736,8190,8690,True,True
966,2015,2016,2209,7154,4945,2.238569488456315,3.238569488456315,5638,8745,5596,8667,True,True
969,2015,2016,3455,9923,6468,1.872069464544139,2.872069464544139,6984,8813,6914,8751,True,True
970,2015,2016,2758,8039,5281,1.9147933284989123,2.914793328498912,9334,8822,9284,8759,True,True
970,2016,2017,8039,15271,7232,0.8996143798979973,1.8996143798979972,9284,8759,9339,8761,False,True
970,2017,2018,15271,25445,10174,0.666230109357606,1.666230109357606,9339,8761,9274,8798,False,True
971,2015,2016,5740,17514,11774,2.051219512195122,3.051219512195122,8567,8842,8506,8774,True,True
971,2016,2017,17514,31546,14032,0.8011876213315062,1.8011876213315061,8506,8774,8562,8771,False,True
973,2015,2016,4839,15121,10282,2.1248191775160157,3.1248191775160157,5741,8858,5689,8767,True,True
974,2015,2016,2283,9636,7353,3.2207621550591328,4.220762155059132,8146,8890,8106,8822,True,True
975,2015,2016,4516,11602,7086,1.5690876882196634,2.5690876882196636,7328,8898,7298,8839,True,True
976,2015,2016,2753,10794,8041,2.920813657827824,3.920813657827824,7678,8901,7642,8830,True,True
977,2015,2016,4685,15832,11147,2.3792956243329777,3.3792956243329777,9098,8909,9031,8841,True,True
977,2016,2017,15832,28058,12226,0.772233451237999,1.772233451237999,9031,8841,9082,8839,False,True
977,2017,2018,28058,44542,16484,0.5874973269655713,1.5874973269655712,9082,8839,9008,8874,False,True
979,2015,2016,484,1342,858,1.7727272727272727,2.772727272727273,9900,8955,9858,8906,True,True
981,2015,2016,3094,8451,5357,1.7314156431803491,2.731415643180349,7486,8977,7462,8914,True,True
982,2015,2016,1896,5443,3547,1.8707805907172996,2.8707805907172994,6423,9005,6374,8943,True,True
982,2016,2017,5443,10657,5214,0.9579276134484659,1.957927613448466,6374,8943,6458,8955,False,True
983,2015,2016,3345,9983,6638,1.984454409566517,2.984454409566517,7648,9041,7616,8973,True,True
987,2015,2016,1481,3719,2238,1.5111411208642809,2.511141120864281,5682,9106,5650,9034,True,True
987,2016,2017,3719,2030,-1689,-0.4541543425652057,0.5458456574347943,5650,9034,5665,9011,False,False
990,2015,2016,2169,6703,4534,2.0903642231443063,3.0903642231443063,6782,9194,6714,9134,True,True
990,2016,2017,6703,11505,4802,0.7163956437416082,1.7163956437416081,6714,9134,6794,9153,False,True
991,2015,2016,1822,4842,3020,1.6575192096597147,2.6575192096597147,5634,9198,5598,9119,True,True
993,2015,2016,1875,8224,6349,3.3861333333333334,4.386133333333333,10158,9211,10104,9145,True,True
993,2016,2017,8224,15474,7250,0.8815661478599222,1.8815661478599222,10104,9145,10154,9139,False,True
993,2017,2018,15474,27291,11817,0.763668088406359,1.7636680884063591,10154,9139,10096,9175,False,True
994,2015,2016,1853,8111,6258,3.3772261198057203,4.37722611980572,8064,9225,8030,9162,True,True
999,2015,2016,2507,5189,2682,1.0698045472676505,2.0698045472676507,5638,9323,5606,9254,True,True
1000,2015,2016,1254,7649,6395,5.0996810207336525,6.0996810207336525,8960,9351,8902,9281,True,True
1000,2016,2017,7649,16830,9181,1.20028761929664,2.20028761929664,8902,9281,8962,9274,False,True
1000,2017,2018,16830,29877,13047,0.775222816399287,1.775222816399287,8962,9274,8888,9311,False,True
1000,2018,2019,29877,46742,16865,0.5644810389262643,1.5644810389262644,8888,9311,8874,9262,False,True
1001,2015,2016,4430,12097,7667,1.7306997742663657,2.7306997742663657,6816,9361,6744,9294,True,True
1001,2016,2017,12097,21150,9053,0.7483673638092089,1.748367363809209,6744,9294,6822,9306,False,True
1002,2015,2016,1868,6823,4955,2.6525695931477515,3.6525695931477515,7990,9361,7965,9289,True,True
1003,2015,2016,304,3084,2780,9.144736842105264,10.144736842105264,8684,9361,8628,9297,True,True
1003,2016,2017,3084,5333,2249,0.7292477302204928,1.729247730220493,8628,9297,8704,9308,False,True
1005,2015,2016,3160,10177,7017,2.2205696202531646,3.2205696202531646,5938,9383,5886,9298,True,True
1007,2015,2016,1526,5644,4118,2.6985583224115333,3.6985583224115333,5788,9455,5742,9373,True,True
1008,2015,2016,240,9803,9563,39.84583333333333,40.84583333333333,7562,9457,7508,9402,True,False
1010,2015,2016,1619,9803,8184,5.054972205064855,6.054972205064855,7544,9489,7508,9402,True,True
1012,2015,2016,3468,10473,7005,2.0198961937716264,3.0198961937716264,6746,9549,6672,9481,True,True
1012,2016,2017,10473,12853,2380,0.227251026448964,1.227251026448964,6672,9481,6754,9514,False,True
1014,2015,2016,939,4554,3615,3.8498402555910545,4.8498402555910545,8872,9563,8826,9494,True,True
1017,2015,2016,616,1336,720,1.1688311688311688,2.168831168831169,6608,9629,6554,9582,True,True
1023,2015,2016,1760,8020,6260,3.5568181818181817,4.556818181818182,7852,9697,7810,9626,True,True
1023,2016,2017,8020,15644,7624,0.9506234413965087,1.9506234413965087,7810,9626,7888,9626,False,True
1025,2015,2016,2068,8442,6374,3.0822050290135397,4.082205029013539,7564,9777,7521,9703,True,True
1025,2016,2017,8442,15848,7406,0.8772802653399668,1.8772802653399667,7521,9703,7600,9709,False,True
1028,2015,2016,2421,8841,6420,2.65179677819083,3.65179677819083,6430,9818,6379,9749,True,True
1028,2016,2017,8841,16639,7798,0.8820269200316706,1.8820269200316706,6379,9749,6460,9766,False,True
1029,2015,2016,3898,10890,6992,1.793740379681888,2.7937403796818883,8028,9831,7994,9758,True,True
1029,2016,2017,10890,18795,7905,0.7258953168044077,1.7258953168044078,7994,9758,8066,9762,False,True
1033,2015,2016,3618,14028,10410,2.8772802653399667,3.8772802653399667,6611,9897,6538,9819,True,True
1033,2016,2017,14028,26825,12797,0.9122469347020246,1.9122469347020246,6538,9819,6616,9827,False,True
1034,2015,2016,314,5314,5000,15.92356687898089,16.923566878980893,8580,9903,8554,9915,True,False
1035,2015,2016,1326,6042,4716,3.5565610859728505,4.5565610859728505,9308,9913,9254,9842,True,True
1035,2016,2017,6042,9717,3675,0.6082423038728898,1.6082423038728897,9254,9842,9330,9842,False,True
1037,2015,2016,887,5314,4427,4.99098083427283,5.99098083427283,8598,9997,8554,9915,True,True
1039,2015,2016,2142,11233,9091,4.2441643323996265,5.2441643323996265,7084,10077,7035,9990,True,True
1039,2016,2017,11233,23146,11913,1.0605359209472092,2.060535920947209,7035,9990,7110,9993,False,True
1040,2015,2016,1293,6019,4726,3.6550657385924206,4.655065738592421,9308,10093,9254,10022,True,True
1046,2015,2016,767,5598,4831,6.298565840938722,7.298565840938722,5706,10151,5666,10074,True,True
1046,2016,2017,5598,13662,8064,1.4405144694533762,2.440514469453376,5666,10074,5750,10087,False,True
1047,2015,2016,2848,12998,10150,3.5639044943820224,4.563904494382022,9160,10154,9100,10066,True,True
1048,2015,2016,647,3726,3079,4.758887171561051,5.758887171561051,7565,10169,7532,10101,True,True
1048,2016,2017,3726,5838,2112,0.5668276972624798,1.56682769726248,7532,10101,7623,10115,False,True
1049,2015,2016,117,5598,5481,46.84615384615385,47.84615384615385,5742,10185,5666,10074,True,False
1049,2016,2017,5598,13662,8064,1.4405144694533762,2.440514469453376,5666,10074,5750,10087,False,True
1050,2015,2016,642,10666,10024,15.613707165109034,16.613707165109034,6231,10191,6222,10201,True,False
1051,2015,2016,756,4764,4008,5.301587301587301,6.301587301587301,7221,10219,7185,10145,True,True
1051,2016,2017,4764,10258,5494,1.153232577665827,2.153232577665827,7185,10145,7269,10153,False,True
1054,2015,2016,2356,8635,6279,2.6651103565365024,3.6651103565365024,7382,10269,7342,10190,True,True
1055,2015,2016,2826,10666,7840,2.7742392073602264,3.7742392073602264,6272,10286,6222,10201,True,True
1058,2015,2016,1742,8359,6617,3.798507462686567,4.798507462686567,7464,10401,7398,10317,True,True
1060,2015,2016,539,3038,2499,4.636363636363637,5.636363636363637,8256,10419,8222,10341,True,True
1060,2016,2017,3038,5510,2472,0.8136932192231732,1.8136932192231732,8222,10341,8306,10347,False,True
1060,2017,2018,5510,10429,4919,0.8927404718693285,1.8927404718693286,8306,10347,8236,10397,False,True
1062,2015,2016,3967,11736,7769,1.958406856566675,2.958406856566675,8476,10441,8418,10362,True,True
1062,2016,2017,11736,21365,9629,0.82046693933197,1.82046693933197,8418,10362,8490,10351,False,True
1064,2015,2016,960,6264,5304,5.525,6.525,6351,10505,6298,10423,True,True
1066,2015,2016,861,16459,15598,18.116144018583043,19.116144018583043,4684,10597,4658,10613,True,False
1067,2015,2016,133,2527,2394,18.0,19.0,6386,10597,6338,10518,True,False
1069,2015,2016,406,2994,2588,6.374384236453202,7.374384236453202,9058,10629,9018,10560,True,True
1072,2015,2016,1404,10628,9224,6.56980056980057,7.56980056980057,7208,10662,7208,10669,True,True
1075,2015,2016,4852,16459,11607,2.392209398186315,3.392209398186315,4706,10715,4658,10613,True,True
1077,2015,2016,474,2483,2009,4.238396624472574,5.238396624472574,9145,10731,9108,10659,True,True
1080,2015,2016,2741,10628,7887,2.877417001094491,3.877417001094491,7268,10758,7208,10669,True,True
1084,2015,2016,282,1786,1504,5.333333333333333,6.333333333333333,10846,10867,10820,10821,True,True
1085,2015,2016,230,3221,2991,13.004347826086956,14.004347826086956,8558,10873,8510,10790,True,False
1088,2015,2016,796,1786,990,1.243718592964824,2.2437185929648242,10804,10941,10820,10821,True,True
1089,2015,2016,644,5293,4649,7.218944099378882,8.218944099378882,7686,10995,7650,10904,True,True
1090,2015,2016,245,1773,1528,6.236734693877551,7.236734693877551,7842,11017,7812,10942,True,True
1091,2015,2016,814,4306,3492,4.2899262899262895,5.2899262899262895,7520,11037,7484,10953,True,True
1096,2015,2016,2223,10255,8032,3.6131354026090867,4.613135402609087,5620,11141,5570,11050,True,True
1096,2016,2017,10255,20361,10106,0.9854705021940516,1.9854705021940517,5570,11050,5660,11070,False,True
1105,2015,2016,3160,9983,6823,2.1591772151898736,3.1591772151898736,7090,11582,7002,11507,True,True
1105,2016,2017,9983,19051,9068,0.908344185114695,1.908344185114695,7002,11507,7094,11505,False,True
1108,2015,2016,3776,10203,6427,1.7020656779661016,2.7020656779661016,4910,11597,4866,11514,True,True
1109,2015,2016,2435,8050,5615,2.3059548254620124,3.3059548254620124,6602,11606,6530,11533,True,True
1112,2015,2016,1594,3163,1569,0.9843161856963614,1.9843161856963614,4484,11719,4464,11639,True,True
1116,2015,2016,2223,7506,5283,2.376518218623482,3.376518218623482,4512,11806,4480,11705,True,True
1124,2015,2016,1813,6584,4771,2.631549917264203,3.631549917264203,5138,12003,5094,11913,True,True
1124,2016,2017,6584,12388,5804,0.8815309842041312,1.8815309842041312,5094,11913,5203,11939,False,True
1125,2015,2016,1229,5547,4318,3.513425549227014,4.513425549227014,3097,12039,3052,11936,True,True
1126,2015,2016,2271,7693,5422,2.3874944958168207,3.3874944958168207,4634,12053,4588,11959,True,True
1126,2016,2017,7693,14498,6805,0.8845703886650201,1.8845703886650202,4588,11959,4695,11995,False,True
1126,2017,2018,14498,20423,5925,0.4086770589046765,1.4086770589046764,4695,11995,4594,12034,False,True
1127,2015,2016,4880,13630,8750,1.7930327868852458,2.793032786885246,6698,12090,6616,12019,True,True
1128,2015,2016,1466,5679,4213,2.873806275579809,3.873806275579809,4296,12098,4252,11999,True,True
1129,2015,2016,3910,12681,8771,2.243222506393862,3.243222506393862,3974,12117,3936,12031,True,True
1130,2015,2016,5590,18741,13151,2.352593917710197,3.352593917710197,7092,12133,7008,12059,True,True
1130,2016,2017,18741,28620,9879,0.5271330238514487,1.5271330238514487,7008,12059,7112,12058,False,True
1132,2015,2016,3608,10298,6690,1.8542128603104213,2.854212860310421,3190,12157,3136,12067,True,True
1134,2015,2016,2734,9336,6602,2.4147768836869057,3.4147768836869057,2975,12189,2930,12082,True,True
1134,2016,2017,9336,17253,7917,0.8480077120822622,1.8480077120822622,2930,12082,3025,12139,False,True
1135,2015,2016,1014,5412,4398,4.337278106508876,5.337278106508876,5460,12209,5417,12139,True,True
1139,2015,2016,1270,5812,4542,3.5763779527559056,4.576377952755905,8268,12289,8224,12209,True,True
1141,2015,2016,2796,8664,5868,2.0987124463519313,3.0987124463519313,5480,12321,5438,12239,True,True
1142,2015,2016,2494,7384,4890,1.9607056936647955,2.9607056936647953,5230,12327,5186,12246,True,True
1146,2015,2016,1482,7807,6325,4.267881241565452,5.267881241565452,5368,12423,5316,12333,True,True
1151,2015,2016,2521,7124,4603,1.8258627528758429,2.825862752875843,4266,12490,4218,12395,True,True
1155,2015,2016,1654,4383,2729,1.6499395405078596,2.6499395405078596,5500,12615,5454,12542,True,True
1156,2015,2016,900,4401,3501,3.89,4.89,6694,12623,6618,12554,True,True
1156,2016,2017,4401,8924,4523,1.0277209725062486,2.0277209725062484,6618,12554,6730,12563,False,True
1156,2017,2018,8924,15222,6298,0.7057373375168086,1.7057373375168086,6730,12563,6634,12615,False,True
1161,2015,2016,3009,7315,4306,1.4310402126952475,2.4310402126952475,9722,12753,9696,12703,True,True
1161,2016,2017,7315,13735,6420,0.8776486671223513,1.8776486671223513,9696,12703,9780,12663,False,True
1162,2015,2016,1163,3992,2829,2.4325021496130694,3.4325021496130694,5096,12777,5058,12700,True,True
1164,2015,2016,2392,4874,2482,1.0376254180602007,2.0376254180602005,8303,12804,8282,12739,True,True
1165,2015,2016,3790,9870,6080,1.604221635883905,2.604221635883905,5523,12829,5478,12741,True,True
1165,2016,2017,9870,17530,7660,0.7760891590678825,1.7760891590678825,5478,12741,5588,12763,False,True
1168,2015,2016,3627,10536,6909,1.9048800661703889,2.9048800661703886,7988,12905,7948,12827,True,True
1169,2015,2016,5098,10973,5875,1.1524127108670066,2.1524127108670066,7654,12925,7614,12851,True,True
1171,2015,2016,1480,5645,4165,2.814189189189189,3.814189189189189,4991,12969,4946,12879,True,True
1172,2015,2016,4310,10864,6554,1.5206496519721577,2.5206496519721577,9371,12999,9340,12941,True,True
1175,2015,2016,3593,10361,6768,1.883662677428333,2.8836626774283327,5928,13055,5861,12971,True,True
1175,2016,2017,10361,20733,10372,1.0010616735836309,2.001061673583631,5861,12971,5974,12983,False,True
1175,2017,2018,20733,36664,15931,0.7683885593015964,1.7683885593015964,5974,12983,5860,13015,False,True
1177,2015,2016,2161,8290,6129,2.836186950485886,3.836186950485886,5214,13093,5170,12995,True,True
1179,2015,2016,3540,6984,3444,0.9728813559322034,1.9728813559322034,9689,13116,9662,13055,True,True
1181,2015,2016,1389,1609,220,0.1583873290136789,1.1583873290136788,9970,13207,9952,13165,True,True
1181,2016,2017,1609,3357,1748,1.0863890615289,2.0863890615289,9952,13165,10046,13123,False,True
1182,2015,2016,2661,8013,5352,2.011273957158963,3.011273957158963,9778,13234,9746,13165,True,True
1183,2015,2016,932,3936,3004,3.223175965665236,4.223175965665236,7582,13254,7540,13173,True,True
1185,2015,2016,3797,11206,7409,1.9512773242033183,2.9512773242033186,7877,13341,7844,13251,True,True
1188,2015,2016,1531,3983,2452,1.6015676028739385,2.6015676028739385,9858,13391,9828,13326,True,True
1188,2016,2017,3983,8232,4249,1.0667838312829525,2.0667838312829527,9828,13326,9922,13283,False,True
1189,2015,2016,2541,7972,5431,2.1373475009838647,3.1373475009838647,5298,13403,5248,13305,True,True
1191,2015,2016,2919,5409,2490,0.8530318602261048,1.8530318602261049,8707,13432,8670,13357,True,True
1191,2016,2017,5409,11762,6353,1.17452394157885,2.17452394157885,8670,13357,8774,13331,False,True
1192,2015,2016,2323,9749,7426,3.1967283684890226,4.196728368489023,5607,13467,5650,13383,True,True
1193,2015,2016,3427,9749,6322,1.8447621826670557,2.844762182667056,5710,13475,5650,13383,True,True
1194,2015,2016,1399,6548,5149,3.68048606147248,4.680486061472481,7347,13503,7308,13403,True,True
1196,2015,2016,2415,6770,4355,1.803312629399586,2.803312629399586,8386,13543,8332,13463,True,True
1197,2015,2016,4443,13853,9410,2.1179383299572363,3.1179383299572363,4678,13565,4606,13455,True,True
1198,2015,2016,3584,6777,3193,0.8909040178571429,1.8909040178571428,9759,13613,9722,13541,True,True
1199,2015,2016,4409,14641,10232,2.3207076434565663,3.3207076434565663,6766,13619,6704,13507,True,True
1201,2015,2016,12098,20903,8805,0.7278062489667714,1.7278062489667714,8342,13699,8298,13618,True,True
1203,2015,2016,1182,4366,3184,2.6937394247038915,3.6937394247038915,7192,13717,7170,13619,True,True
1205,2015,2016,1007,3408,2401,2.384309831181728,3.384309831181728,5322,13763,5282,13667,True,True
1208,2015,2016,1209,1742,533,0.44086021505376344,1.4408602150537635,5152,13778,5122,13707,True,True
1208,2016,2017,1742,4488,2746,1.576349024110218,2.5763490241102183,5122,13707,5159,13721,False,True
1209,2015,2016,608,3010,2402,3.950657894736842,4.9506578947368425,8504,13849,8464,13763,True,True
1210,2015,2016,1851,6287,4436,2.396542409508374,3.396542409508374,7126,13863,7102,13751,True,True
1213,2015,2016,2741,7902,5161,1.8828894564027727,2.8828894564027725,5537,13927,5488,13835,True,True
1214,2015,2016,2264,4582,2318,1.023851590106007,2.0238515901060072,5846,13940,5790,13849,True,True
1216,2015,2016,4647,16256,11609,2.4981708629223154,3.4981708629223154,8872,13963,8814,13867,True,True
1217,2015,2016,2537,7021,4484,1.7674418604651163,2.7674418604651163,6114,13976,6044,13877,True,True
1218,2015,2016,2526,5502,2976,1.178147268408551,2.178147268408551,9160,13984,9126,13927,True,True
1225,2015,2016,570,2128,1558,2.7333333333333334,3.7333333333333334,8182,14119,8152,14027,True,True
1226,2015,2016,3068,9083,6015,1.9605606258148631,2.960560625814863,9256,14143,9206,14075,True,True
1227,2015,2016,2203,7584,5381,2.442578302315025,3.442578302315025,8442,14165,8402,14065,True,True
1228,2015,2016,1462,4016,2554,1.746922024623803,2.746922024623803,5884,14185,5822,14085,True,True
1229,2015,2016,2844,7729,4885,1.7176511954992968,2.717651195499297,9291,14325,9242,14256,True,True
1230,2015,2016,1387,4677,3290,2.372025955299207,3.372025955299207,7313,14417,7278,14303,True,True
1232,2015,2016,7381,15538,8157,1.1051348055818995,2.1051348055818995,6557,14599,6512,14491,True,True
1234,2015,2016,15952,31322,15370,0.9635155466399198,1.9635155466399197,9030,14667,8978,14571,True,True
1235,2015,2016,10220,19468,9248,0.9048923679060665,1.9048923679060665,7206,14693,7166,14563,True,True
1240,2015,2016,7423,13358,5935,0.7995419641654318,1.7995419641654318,7024,15027,6990,14923,True,True
1241,2015,2016,2286,7907,5621,2.458880139982502,3.458880139982502,7549,15047,7493,14919,True,True
1244,2015,2016,6013,16166,10153,1.6885082321636455,2.6885082321636453,8748,15335,8686,15219,True,True
1248,2015,2016,1279,3398,2119,1.656763096168882,2.656763096168882,7654,15495,7602,15383,True,True
1257,2015,2016,2197,11384,9187,4.1816112881201635,5.1816112881201635,7610,16274,7624,16219,True,True
1258,2015,2016,252,808,556,2.2063492063492065,3.2063492063492065,9784,16325,9750,16191,True,True
1271,2016,2017,11304,18740,7436,0.6578202406227884,1.6578202406227884,10622,4598,10674,4642,True,True
1273,2016,2017,204,3791,3587,17.583333333333332,18.583333333333332,9294,5245,9346,5269,True,False
1276,2016,2017,126,10236,10110,80.23809523809524,81.23809523809524,5896,5715,5918,5686,True,False
1277,2016,2017,2417,4767,2350,0.9722796855606123,1.9722796855606124,8225,5773,8298,5805,True,True
1281,2016,2017,5136,11995,6859,1.33547507788162,2.33547507788162,9658,6270,9702,6293,True,True
1281,2017,2018,11995,22688,10693,0.8914547728220091,1.8914547728220092,9702,6293,9630,6310,False,True
1281,2018,2019,22688,38120,15432,0.6801833568406206,1.6801833568406206,9630,6310,9618,6263,False,True
1282,2016,2017,11589,23694,12105,1.0445249805850376,2.0445249805850376,10886,6282,10916,6298,True,True
1282,2017,2018,23694,38016,14322,0.6044568245125348,1.6044568245125348,10916,6298,10854,6303,False,True
1284,2016,2017,9387,16947,7560,0.8053691275167785,1.8053691275167785,10974,6861,10998,6878,True,True
1287,2016,2017,266,3980,3714,13.962406015037594,14.962406015037594,10473,7481,10505,7485,True,False
1288,2016,2017,11429,21286,9857,0.8624551579315776,1.8624551579315776,10086,7557,10122,7558,True,True
1288,2017,2018,21286,33786,12500,0.5872404397256412,1.5872404397256412,10122,7558,10064,7581,False,True
1292,2016,2017,5036,8722,3686,0.7319301032565528,1.7319301032565528,14264,8222,14242,8210,True,True
1298,2016,2017,2429,3394,965,0.3972828324413339,1.3972828324413338,4740,9251,4834,9298,True,True
1300,2016,2017,2160,1798,-362,-0.1675925925925926,0.8324074074074074,8726,9330,8746,9403,True,False
1301,2016,2017,3701,5149,1448,0.3912456092947852,1.3912456092947851,8078,9378,8170,9394,True,True
1302,2016,2017,6585,13580,6995,1.0622627182991649,2.0622627182991646,8468,9433,8540,9432,True,True
1303,2016,2017,2707,1798,-909,-0.33579608422608054,0.6642039157739195,8766,9435,8746,9403,True,False
1304,2016,2017,5172,9851,4679,0.9046790409899459,1.904679040989946,5251,9541,5342,9569,True,True
1305,2016,2017,3475,9382,5907,1.6998561151079137,2.6998561151079135,8674,9546,8732,9543,True,True
1314,2016,2017,866,2152,1286,1.4849884526558892,2.484988452655889,6440,9991,6535,10014,True,True
1316,2016,2017,6817,12383,5566,0.8164881912864896,1.8164881912864896,6045,10057,6134,10075,True,True
1323,2016,2017,2937,5775,2838,0.9662921348314607,1.9662921348314606,9714,10209,9779,10201,True,True
1323,2017,2018,5775,8119,2344,0.4058874458874459,1.405887445887446,9779,10201,9729,10250,False,True
1324,2016,2017,921,2211,1290,1.4006514657980456,2.400651465798046,9880,10213,9942,10206,True,True
1324,2017,2018,2211,3874,1663,0.7521483491632746,1.7521483491632746,9942,10206,9888,10262,False,True
1330,2016,2017,2601,5554,2953,1.1353325643983083,2.1353325643983085,6918,10489,7010,10501,True,True
1331,2016,2017,139,4617,4478,32.21582733812949,33.21582733812949,2160,10509,2238,10541,True,False
1332,2016,2017,3153,6864,3711,1.1769743101807801,2.17697431018078,6518,10567,6612,10586,True,True
1338,2016,2017,1678,4861,3183,1.896901072705602,2.8969010727056017,6749,10715,6844,10726,True,True
1344,2016,2017,3007,6551,3544,1.1785833056202195,2.1785833056202195,8099,10849,8180,10849,True,True
1354,2016,2017,196,573,377,1.9234693877551021,2.923469387755102,140,12077,148,12067,True,True
1354,2017,2018,573,574,1,0.0017452006980802793,1.0017452006980803,148,12067,74,12075,False,True
1377,2017,2018,2903,8197,5294,1.8236307268343093,2.8236307268343093,7068,783,7042,747,True,True
1392,2017,2018,580,5072,4492,7.744827586206896,8.744827586206897,12854,4097,12786,4075,True,True
1396,2017,2018,3202,8327,5125,1.6005621486570893,2.6005621486570893,9466,5635,9392,5653,True,True
1396,2018,2019,8327,16916,8589,1.0314639125735559,2.031463912573556,9392,5653,9390,5618,False,True
1404,2017,2018,1825,4421,2596,1.4224657534246576,2.4224657534246576,9844,6853,9781,6883,True,True
1405,2017,2018,9966,14606,4640,0.4655829821392735,1.4655829821392736,9838,7134,9784,7171,True,True
1409,2017,2018,3483,10307,6824,1.9592305483778352,2.9592305483778354,10832,7691,10772,7710,True,True
1428,2017,2018,9568,14335,4767,0.4982232441471572,1.4982232441471572,10582,9045,10542,9090,True,True
1428,2018,2019,14335,17954,3619,0.25245901639344265,1.2524590163934426,10542,9090,10564,9078,False,True
1447,2017,2018,3747,11390,7643,2.0397651454496932,3.0397651454496932,8105,10361,8024,10398,True,True
1451,2017,2018,3032,6946,3914,1.2908970976253298,2.29089709762533,9832,10642,9772,10697,True,True
1464,2017,2018,1931,3078,1147,0.5939927498705334,1.5939927498705333,6866,11377,6752,11360,True,True
1474,2017,2018,10816,15870,5054,0.4672707100591716,1.4672707100591715,4366,12039,4270,12075,True,True
1477,2017,2018,446,516,70,0.15695067264573992,1.15695067264574,116,12101,40,12107,True,True
1479,2017,2018,429,477,48,0.11188811188811189,1.1118881118881119,245,12177,168,12183,True,True
1480,2017,2018,458,477,19,0.04148471615720524,1.0414847161572052,214,12207,168,12183,True,True
1481,2017,2018,951,3920,2969,3.121976866456362,4.121976866456362,7773,12267,7708,12229,True,True
1492,2017,2018,3899,12130,8231,2.111054116440113,3.111054116440113,8705,12941,8610,12998,True,True
1496,2017,2018,2658,1893,-765,-0.2878103837471783,0.7121896162528216,7868,13217,7840,13155,True,False
1499,2017,2018,15215,26534,11319,0.7439369043706868,1.7439369043706867,9814,13487,9734,13559,True,True
1500,2017,2018,2975,10319,7344,2.4685714285714284,3.4685714285714284,8170,13503,8068,13561,True,True
1511,2017,2018,3944,5016,1072,0.2718052738336714,1.2718052738336714,8282,14011,8196,14087,True,True
1527,2017,2018,395,2205,1810,4.582278481012659,5.582278481012659,11965,14725,11868,14783,True,True
1535,2017,2018,372,3875,3503,9.416666666666666,10.416666666666666,11916,15013,11870,14953,True,True
1535,2018,2019,3875,7879,4004,1.0332903225806451,2.0332903225806453,11870,14953,11870,14929,False,True
1549,2018,2019,2626,5977,3351,1.2760853008377762,2.276085300837776,5004,89,4996,73,True,True
1551,2018,2019,3512,4300,788,0.224373576309795,1.224373576309795,6990,561,6988,543,True,True
1567,2018,2019,1187,4226,3039,2.5602358887952823,3.5602358887952823,3724,3877,3718,3850,True,True
1567,2019,2020,4226,6004,1778,0.42072882158069097,1.420728821580691,3718,3850,3682,3825,False,True
1567,2020,2021,6004,12660,6656,1.1085942704863425,2.1085942704863423,3682,3825,3662,3807,False,True
1569,2018,2019,893,3318,2425,2.715565509518477,3.715565509518477,6053,3941,6056,3911,True,True
1574,2018,2019,666,1276,610,0.9159159159159159,1.9159159159159158,4972,4435,4982,4414,True,True
1575,2018,2019,17849,37158,19309,1.0817972995686034,2.081797299568603,11794,4449,11794,4362,True,True
1575,2019,2020,37158,45009,7851,0.21128693686420152,1.2112869368642014,11794,4362,11766,4330,False,True
1584,2018,2019,804,464,-340,-0.4228855721393035,0.5771144278606966,5048,4805,4973,4777,True,False
1584,2019,2020,464,320,-144,-0.3103448275862069,0.6896551724137931,4973,4777,4965,4683,False,False
1584,2020,2021,320,443,123,0.384375,1.384375,4965,4683,4966,4682,False,True
1588,2018,2019,1215,4265,3050,2.5102880658436213,3.5102880658436213,13194,5007,13196,4965,True,True
1590,2018,2019,751,3708,2957,3.937416777629827,4.937416777629827,12933,5025,12938,4981,True,True
1590,2019,2020,3708,6195,2487,0.6707119741100324,1.6707119741100325,12938,4981,12918,4953,False,True
1590,2020,2021,6195,10914,4719,0.7617433414043584,1.7617433414043584,12918,4953,12904,4942,False,True
1592,2018,2019,1043,1988,945,0.9060402684563759,1.9060402684563758,6132,5110,6146,5086,True,True
1592,2019,2020,1988,2179,191,0.0960764587525151,1.0960764587525151,6146,5086,6116,5065,False,True
1592,2020,2021,2179,1891,-288,-0.13217072051399725,0.8678292794860027,6116,5065,6121,5065,False,False
1595,2018,2019,1245,3641,2396,1.9244979919678715,2.9244979919678715,12718,5237,12722,5194,True,True
1595,2019,2020,3641,4437,796,0.21862125789618236,1.2186212578961824,12722,5194,12698,5170,False,True
1598,2018,2019,869,4325,3456,3.9769850402761797,4.97698504027618,13084,5285,13090,5239,True,True
1598,2019,2020,4325,8615,4290,0.991907514450867,1.9919075144508671,13090,5239,13056,5201,False,True
1600,2018,2019,126,2828,2702,21.444444444444443,22.444444444444443,10884,5538,10886,5507,True,False
1601,2018,2019,411,2338,1927,4.688564476885645,5.688564476885645,9753,5539,9762,5502,True,True
1601,2019,2020,2338,4256,1918,0.8203592814371258,1.8203592814371257,9762,5502,9730,5471,False,True
1604,2018,2019,20304,41432,21128,1.040583136327817,2.0405831363278173,9744,5705,9732,5630,True,True
1607,2018,2019,1161,5572,4411,3.7993109388458226,4.799310938845823,8058,5874,8051,5835,True,True
1610,2018,2019,1545,5191,3646,2.3598705501618125,3.3598705501618125,12498,6081,12501,6043,True,True
1610,2019,2020,5191,6343,1152,0.22192255827393567,1.2219225582739357,12501,6043,12486,6022,False,True
1610,2020,2021,6343,7069,726,0.11445688160176573,1.1144568816017657,12486,6022,12486,6026,False,True
1611,2018,2019,1079,3705,2626,2.433734939759036,3.433734939759036,5538,6168,5554,6138,True,True
1615,2018,2019,2150,9046,6896,3.2074418604651163,4.207441860465116,5766,6269,5760,6225,True,True
1617,2018,2019,2875,11432,8557,2.9763478260869567,3.9763478260869567,5796,6454,5782,6410,True,True
1617,2019,2020,11432,16447,5015,0.4386808957312806,1.4386808957312807,5782,6410,5750,6373,False,True
1634,2018,2019,3911,12601,8690,2.2219381232421376,3.2219381232421376,11860,7358,11850,7309,True,True
1635,2018,2019,1376,5837,4461,3.2420058139534884,4.242005813953488,10047,7491,10050,7446,True,True
1640,2018,2019,1751,5706,3955,2.258709308966305,3.258709308966305,11120,7633,11124,7593,True,True
1642,2018,2019,2327,8233,5906,2.538031800601633,3.538031800601633,11596,7719,11594,7670,True,True
1642,2019,2020,8233,14484,6251,0.7592615085630997,1.7592615085630998,11594,7670,11566,7643,False,True
1647,2018,2019,2761,11949,9188,3.3277797899311845,4.327779789931184,10712,8201,10706,8149,True,True
1652,2018,2019,306,2262,1956,6.392156862745098,7.392156862745098,11791,8477,11796,8443,True,True
1659,2018,2019,838,4262,3424,4.085918854415274,5.085918854415274,11789,9055,11788,9013,True,True
1660,2018,2019,2241,7214,4973,2.2190986166889783,3.2190986166889783,8703,9111,8710,9071,True,True
1662,2018,2019,322,2177,1855,5.760869565217392,6.760869565217392,13997,9219,13998,9193,True,True
1662,2019,2020,2177,1752,-425,-0.19522278364722095,0.8047772163527791,13998,9193,13998,9177,False,False
1663,2018,2019,406,1771,1365,3.3620689655172415,4.362068965517241,13904,9295,13918,9267,True,True
1673,2018,2019,2375,7234,4859,2.045894736842105,3.045894736842105,8946,10305,8944,10267,True,True
1675,2018,2019,1603,4790,3187,1.9881472239550841,2.9881472239550844,9748,10419,9748,10390,True,True
1698,2018,2019,945,1638,693,0.7333333333333333,1.7333333333333334,8670,12225,8686,12205,True,True
1708,2018,2019,2632,9755,7123,2.7063069908814588,3.7063069908814588,8454,12377,8450,12335,True,True
1730,2018,2019,191,1825,1634,8.55497382198953,9.55497382198953,9620,12845,9622,12811,True,True
1738,2018,2019,565,1564,999,1.7681415929203539,2.768141592920354,10016,12977,10066,12975,True,True
1743,2018,2019,1301,1181,-120,-0.09223674096848578,0.9077632590315142,9927,13091,9881,13073,True,False
1769,2018,2019,1418,7063,5645,3.980959097320169,4.980959097320169,7480,14077,7466,14035,True,True
1772,2018,2019,1750,5700,3950,2.257142857142857,3.257142857142857,8122,14201,8110,14163,True,True
1775,2018,2019,977,5210,4233,4.332650972364381,5.332650972364381,8230,14291,8222,14253,True,True
1779,2018,2019,1605,4544,2939,1.831152647975078,2.831152647975078,8492,14423,8490,14395,True,True
1781,2018,2019,432,5674,5242,12.13425925925926,13.13425925925926,9398,14521,9378,14475,True,False
1790,2018,2019,3881,11374,7493,1.9306879670188095,2.9306879670188097,11662,14803,11650,14767,True,True
1792,2018,2019,941,5225,4284,4.552603613177471,5.552603613177471,11706,14981,11694,14943,True,True
1792,2019,2020,5225,7796,2571,0.4920574162679426,1.4920574162679425,11694,14943,11686,14947,False,True
1795,2018,2019,172,1632,1460,8.488372093023257,9.488372093023257,9239,15119,9236,15091,True,True
1814,2019,2020,143,1341,1198,8.377622377622378,9.377622377622378,7756,1065,7714,1023,True,True
1821,2019,2020,6430,12305,5875,0.9136858475894246,1.9136858475894245,12086,4367,12054,4330,True,True
1821,2020,2021,12305,18921,6616,0.5376676147907354,1.5376676147907355,12054,4330,12041,4313,False,True
1823,2019,2020,200,344,144,0.72,1.72,5090,4411,5048,4379,True,True
1824,2019,2020,360,387,27,0.075,1.075,5938,4571,5906,4547,True,True
1826,2019,2020,1916,5096,3180,1.6597077244258873,2.6597077244258873,7176,4791,7134,4757,True,True
1828,2019,2020,253,3533,3280,12.964426877470355,13.964426877470355,7080,4859,7033,4807,True,False
1828,2020,2021,3533,8975,5442,1.5403339937729974,2.5403339937729976,7033,4807,7014,4790,False,True
1829,2019,2020,940,5419,4479,4.764893617021277,5.764893617021277,9199,4875,9145,4832,True,True
1832,2019,2020,475,586,111,0.2336842105263158,1.2336842105263157,4932,4993,4900,4971,True,True
1832,2020,2021,586,711,125,0.21331058020477817,1.213310580204778,4900,4971,4900,4969,False,True
1833,2019,2020,284,495,211,0.7429577464788732,1.7429577464788732,4982,5017,4950,4993,True,True
1833,2020,2021,495,741,246,0.49696969696969695,1.496969696969697,4950,4993,4950,4989,False,True
1836,2019,2020,726,440,-286,-0.3939393939393939,0.6060606060606061,11116,5326,11102,5311,True,False
1836,2020,2021,440,392,-48,-0.10909090909090909,0.8909090909090909,11102,5311,11104,5313,False,False
1843,2019,2020,636,696,60,0.09433962264150944,1.0943396226415094,6374,5835,6346,5817,True,True
1843,2020,2021,696,462,-234,-0.33620689655172414,0.6637931034482759,6346,5817,6310,5837,False,False
1844,2019,2020,336,696,360,1.0714285714285714,2.0714285714285716,6340,5859,6346,5817,True,True
1844,2020,2021,696,462,-234,-0.33620689655172414,0.6637931034482759,6346,5817,6310,5837,False,False
1846,2019,2020,154,197,43,0.2792207792207792,1.2792207792207793,6042,5895,6012,5877,True,True
1846,2020,2021,197,369,172,0.8730964467005076,1.8730964467005076,6012,5877,6078,5879,False,True
1847,2019,2020,325,401,76,0.23384615384615384,1.2338461538461538,6508,5991,6478,5973,True,True
1847,2020,2021,401,431,30,0.07481296758104738,1.0748129675810474,6478,5973,6480,5971,False,True
1849,2019,2020,192,401,209,1.0885416666666667,2.0885416666666665,6448,6055,6478,5973,True,True
1849,2020,2021,401,431,30,0.07481296758104738,1.0748129675810474,6478,5973,6480,5971,False,True
1851,2019,2020,1558,6522,4964,3.186136071887035,4.186136071887034,10020,6169,9976,6129,True,True
1854,2019,2020,166,247,81,0.4879518072289157,1.4879518072289157,6590,6251,6562,6231,True,True
1855,2019,2020,224,296,72,0.32142857142857145,1.3214285714285714,6776,6321,6748,6301,True,True
1858,2019,2020,1509,2821,1312,0.8694499668654738,1.8694499668654738,7883,6383,7848,6361,True,True
1859,2019,2020,168,3622,3454,20.55952380952381,21.55952380952381,6180,6421,6208,6437,True,False
1861,2019,2020,2732,8979,6247,2.2866032210834555,3.2866032210834555,11404,6457,11362,6413,True,True
1863,2019,2020,2838,7957,5119,1.8037350246652573,2.803735024665257,9053,6541,9010,6502,True,True
1866,2019,2020,204,328,124,0.6078431372549019,1.607843137254902,6794,6595,6766,6575,True,True
1866,2020,2021,328,428,100,0.3048780487804878,1.3048780487804879,6766,6575,6765,6573,False,True
1869,2019,2020,279,263,-16,-0.05734767025089606,0.942652329749104,6720,6607,6694,6589,True,False
1869,2020,2021,263,498,235,0.8935361216730038,1.8935361216730038,6694,6589,6690,6587,False,True
1870,2019,2020,253,321,68,0.26877470355731226,1.2687747035573123,6854,6655,6827,6637,True,True
1870,2020,2021,321,466,145,0.4517133956386293,1.4517133956386292,6827,6637,6826,6635,False,True
1872,2019,2020,244,357,113,0.46311475409836067,1.4631147540983607,7304,6825,7278,6805,True,True
1872,2020,2021,357,514,157,0.43977591036414565,1.4397759103641457,7278,6805,7276,6803,False,True
1873,2019,2020,1621,1317,-304,-0.1875385564466379,0.8124614435533621,11433,6991,11468,7029,True,False
1876,2019,2020,378,313,-65,-0.17195767195767195,0.828042328042328,6992,7187,6968,7175,True,False
1876,2020,2021,313,483,170,0.5431309904153354,1.5431309904153354,6968,7175,6965,7173,False,True
1879,2019,2020,203,112,-91,-0.4482758620689655,0.5517241379310345,6830,7241,6788,7261,True,False
1880,2019,2020,167,112,-55,-0.32934131736526945,0.6706586826347305,6812,7277,6788,7261,True,False
1883,2019,2020,652,3477,2825,4.33282208588957,5.33282208588957,10577,7351,10542,7315,True,True
1884,2019,2020,1777,1709,-68,-0.038266741699493526,0.9617332583005065,10832,7535,10814,7510,True,False
1886,2019,2020,289,3239,2950,10.207612456747405,11.207612456747405,12660,7779,12627,7741,True,False
1886,2020,2021,3239,8151,4912,1.5165174436554492,2.516517443655449,12627,7741,12606,7725,False,True
1889,2019,2020,619,2857,2238,3.615508885298869,4.615508885298869,11970,7895,11942,7861,True,True
1892,2019,2020,1423,3769,2346,1.6486296556570625,2.6486296556570625,12610,8151,12590,8119,True,True
1892,2020,2021,3769,7505,3736,0.9912443618997081,1.9912443618997082,12590,8119,12574,8105,False,True
1893,2019,2020,262,298,36,0.13740458015267176,1.1374045801526718,7090,8181,7062,8165,True,True
1893,2020,2021,298,538,240,0.8053691275167785,1.8053691275167785,7062,8165,7062,8161,False,True
1895,2019,2020,1303,3301,1998,1.533384497313891,2.533384497313891,12586,8298,12570,8263,True,True
1896,2019,2020,369,532,163,0.44173441734417346,1.4417344173441735,12666,8366,12656,8341,True,True
1898,2019,2020,3668,6782,3114,0.8489640130861504,1.8489640130861504,11102,8402,11072,8375,True,True
1900,2019,2020,2447,5531,3084,1.2603187576624437,2.2603187576624437,11198,8591,11174,8561,True,True
1902,2019,2020,281,694,413,1.4697508896797153,2.469750889679715,11658,8791,11644,8773,True,True
1904,2019,2020,1332,5403,4071,3.0563063063063063,4.056306306306307,12582,8893,12550,8858,True,True
1904,2020,2021,5403,9984,4581,0.8478622987229317,1.8478622987229316,12550,8858,12526,8839,False,True
1905,2019,2020,2989,5933,2944,0.9849447975911676,1.9849447975911676,11494,8941,11470,8920,True,True
1905,2020,2021,5933,8903,2970,0.5005899207820664,1.5005899207820663,11470,8920,11462,8911,False,True
1906,2019,2020,1364,3842,2478,1.816715542521994,2.8167155425219943,11148,9070,11118,9049,True,True
1907,2019,2020,1313,3055,1742,1.3267326732673268,2.3267326732673266,11592,9075,11570,9051,True,True
1907,2020,2021,3055,4821,1766,0.5780687397708675,1.5780687397708675,11570,9051,11567,9038,False,True
1909,2019,2020,839,2789,1950,2.32419547079857,3.32419547079857,11330,9251,11306,9226,True,True
1909,2020,2021,2789,5282,2493,0.8938687701685192,1.8938687701685193,11306,9226,11298,9213,False,True
1910,2019,2020,1354,1410,56,0.0413589364844904,1.0413589364844904,11980,9259,11896,9253,True,True
1911,2019,2020,485,1410,925,1.907216494845361,2.9072164948453607,11919,9275,11896,9253,True,True
1912,2019,2020,1765,4896,3131,1.7739376770538244,2.773937677053824,12244,9323,12215,9293,True,True
1913,2019,2020,311,1628,1317,4.234726688102894,5.234726688102894,11535,9451,11458,9379,True,True
1914,2019,2020,3101,5626,2525,0.8142534666236698,1.8142534666236698,10502,9467,10476,9453,True,True
1914,2020,2021,5626,7337,1711,0.30412371134020616,1.3041237113402062,10476,9453,10472,9446,False,True
1922,2019,2020,3288,7080,3792,1.1532846715328466,2.153284671532847,11148,10071,11122,10049,True,True
1925,2019,2020,2217,2161,-56,-0.02525935949481281,0.9747406405051872,10528,10105,10522,10094,True,False
1954,2019,2020,568,361,-207,-0.3644366197183099,0.6355633802816901,7922,11877,7863,11919,True,False
1955,2019,2020,276,361,85,0.3079710144927536,1.3079710144927537,7886,11927,7863,11919,True,True
1959,2019,2020,712,2694,1982,2.783707865168539,3.783707865168539,8544,12059,8522,12042,True,True
1960,2019,2020,472,1960,1488,3.152542372881356,4.1525423728813555,8814,12169,8784,12157,True,True
1963,2019,2020,706,1960,1254,1.7762039660056657,2.776203966005666,8776,12231,8784,12157,True,True
1968,2019,2020,1307,2550,1243,0.9510328997704667,1.9510328997704667,9756,12567,9733,12567,True,True
1980,2019,2020,1025,3028,2003,1.9541463414634146,2.9541463414634146,8950,12975,9000,12941,True,True
1989,2019,2020,1218,2760,1542,1.2660098522167487,2.2660098522167487,9418,13279,9392,13273,True,True
2005,2019,2020,487,643,156,0.3203285420944558,1.320328542094456,9389,13607,9376,13609,True,True
2005,2020,2021,643,819,176,0.2737169517884914,1.2737169517884914,9376,13609,9371,13607,False,True
2013,2019,2020,470,885,415,0.8829787234042553,1.8829787234042554,9392,13941,9372,13941,True,True
2022,2019,2020,4705,11196,6491,1.3795961742826781,2.379596174282678,11374,14551,11352,14533,True,True
2029,2019,2020,1979,2181,202,0.10207175341081354,1.1020717534108135,9468,14897,9489,14845,True,True
2039,2019,2020,218,1864,1646,7.5504587155963305,8.55045871559633,12274,15710,12264,15707,True,True
2041,2019,2020,2516,7432,4916,1.9538950715421304,2.95389507154213,12896,15895,12882,15881,True,True
2041,2020,2021,7432,19080,11648,1.5672766415500539,2.5672766415500536,12882,15881,12848,15852,False,True
2044,2019,2020,5022,15028,10006,1.9924332935085622,2.9924332935085625,9970,16539,9934,16529,True,True
2045,2019,2020,247,2040,1793,7.2591093117408905,8.259109311740891,13994,16553,13992,16547,True,True
2045,2020,2021,2040,5999,3959,1.940686274509804,2.940686274509804,13992,16547,13970,16529,False,True
2046,2019,2020,2191,5025,2834,1.2934732998630762,2.2934732998630762,10010,16675,9987,16689,True,True
2047,2019,2020,555,2920,2365,4.261261261261262,5.261261261261262,10120,16677,10094,16681,True,True
2049,2019,2020,216,696,480,2.2222222222222223,3.2222222222222223,10814,17097,10805,17113,True,True
2050,2019,2020,3060,2055,-1005,-0.3284313725490196,0.6715686274509803,8028,17495,8007,17519,True,False
2053,2020,2021,550,2188,1638,2.978181818181818,3.978181818181818,7808,961,7802,953,True,True
2066,2020,2021,312,397,85,0.2724358974358974,1.2724358974358974,6730,2667,6732,2665,True,True
2068,2020,2021,403,306,-97,-0.24069478908188585,0.7593052109181141,870,3007,842,3041,True,False
2069,2020,2021,317,306,-11,-0.03470031545741325,0.9652996845425867,830,3015,842,3041,True,False
2072,2020,2021,228,306,78,0.34210526315789475,1.3421052631578947,844,3041,842,3041,True,True
2074,2020,2021,1106,1100,-6,-0.0054249547920434,0.9945750452079566,776,3085,772,3089,True,False
2075,2020,2021,682,832,150,0.21994134897360704,1.219941348973607,846,3085,848,3083,True,True
2077,2020,2021,1503,1824,321,0.21357285429141717,1.2135728542914173,842,3189,842,3187,True,True
2079,2020,2021,1258,1592,334,0.2655007949125596,1.2655007949125596,881,3293,878,3291,True,True
2080,2020,2021,565,1592,1027,1.8176991150442479,2.8176991150442476,890,3373,878,3291,True,True
2083,2020,2021,130,189,59,0.45384615384615384,1.4538461538461538,5352,3479,5352,3479,True,True
2088,2020,2021,174,334,160,0.9195402298850575,1.9195402298850575,2336,4259,2330,4317,True,True
2092,2020,2021,344,335,-9,-0.02616279069767442,0.9738372093023255,4641,4917,4644,4921,True,False
2095,2020,2021,348,307,-41,-0.11781609195402298,0.882183908045977,4902,5043,4908,5043,True,False
2096,2020,2021,277,430,153,0.5523465703971119,1.552346570397112,4856,5102,4856,5101,True,True
2097,2020,2021,426,562,136,0.3192488262910798,1.3192488262910798,5833,5329,5834,5327,True,True
2100,2020,2021,457,236,-221,-0.48358862144420134,0.5164113785557987,6332,5949,6307,6011,True,False
2102,2020,2021,1791,5202,3411,1.9045226130653266,2.9045226130653266,13480,6165,13463,6150,True,True
2113,2020,2021,110,357,247,2.2454545454545456,3.2454545454545456,6940,6555,6938,6547,True,True
2114,2020,2021,297,222,-75,-0.25252525252525254,0.7474747474747475,6937,6635,6946,6637,True,False
2120,2020,2021,1456,4777,3321,2.2809065934065935,3.2809065934065935,11664,6985,11642,6965,True,True
2123,2020,2021,3378,4160,782,0.23149792776791,1.2314979277679101,13386,7063,13366,7063,True,True
2124,2020,2021,562,1188,626,1.113879003558719,2.113879003558719,11878,7075,11872,7071,True,True
2126,2020,2021,1317,1188,-129,-0.0979498861047836,0.9020501138952164,11883,7123,11872,7071,True,False
2136,2020,2021,2422,4657,2235,0.9227910817506193,1.9227910817506193,13222,7510,13214,7502,True,True
2137,2020,2021,1267,3150,1883,1.4861878453038675,2.4861878453038675,12890,7586,12886,7573,True,True
2139,2020,2021,294,648,354,1.2040816326530612,2.204081632653061,6536,7867,6534,7861,True,True
2140,2020,2021,1462,5646,4184,2.8618331053351573,3.8618331053351573,10296,7935,10282,7911,True,True
2141,2020,2021,136,333,197,1.4485294117647058,2.448529411764706,6980,7989,6979,7986,True,True
2144,2020,2021,923,1825,902,0.9772481040086674,1.9772481040086674,11804,8603,11837,8663,True,True
2145,2020,2021,771,1825,1054,1.3670557717250325,2.3670557717250325,11844,8671,11837,8663,True,True
2149,2020,2021,606,415,-191,-0.31518151815181517,0.6848184818481848,12639,8805,12642,8810,True,False
2156,2020,2021,1198,1977,779,0.6502504173622704,1.6502504173622705,12032,9343,12026,9342,True,True
2157,2020,2021,540,3261,2721,5.038888888888889,6.038888888888889,11592,9353,11576,9333,True,True
2162,2020,2021,672,2504,1832,2.7261904761904763,3.7261904761904763,11804,9525,11786,9505,True,True
2163,2020,2021,279,466,187,0.6702508960573477,1.6702508960573477,6988,9555,6988,9553,True,True
2164,2020,2021,1959,6996,5037,2.571209800918836,3.571209800918836,9943,9571,9920,9545,True,True
2165,2020,2021,1502,3251,1749,1.1644474034620507,2.1644474034620504,11954,9637,11948,9625,True,True
2167,2020,2021,294,331,37,0.12585034013605442,1.1258503401360545,14341,9663,14286,9671,True,True
2168,2020,2021,1119,4152,3033,2.710455764075067,3.710455764075067,9981,9683,9964,9665,True,True
2169,2020,2021,1359,4624,3265,2.4025018395879325,3.4025018395879325,11840,9687,11818,9673,True,True
2173,2020,2021,571,331,-240,-0.4203152364273205,0.5796847635726795,14296,9735,14286,9671,True,False
2176,2020,2021,627,500,-127,-0.2025518341307815,0.7974481658692185,8254,9889,8254,9887,True,False
2177,2020,2021,1782,6255,4473,2.51010101010101,3.51010101010101,9681,9911,9655,9888,True,True
2192,2020,2021,1205,940,-265,-0.21991701244813278,0.7800829875518672,9860,10461,9854,10465,True,False
2193,2020,2021,711,2826,2115,2.9746835443037973,3.9746835443037973,10938,10477,10922,10454,True,True
2198,2020,2021,857,2474,1617,1.8868144690781796,2.8868144690781796,10551,10775,10618,10770,True,True
2200,2020,2021,1325,5306,3981,3.0045283018867925,4.0045283018867925,10850,10890,10826,10869,True,True
2203,2020,2021,1054,1035,-19,-0.018026565464895637,0.9819734345351043,8295,11053,8312,11058,True,False
2207,2020,2021,676,669,-7,-0.010355029585798817,0.9896449704142012,44,12051,46,12050,True,False
2208,2020,2021,570,455,-115,-0.20175438596491227,0.7982456140350878,12,12081,16,12083,True,False
2210,2020,2021,571,525,-46,-0.08056042031523643,0.9194395796847635,140,12161,144,12159,True,False
2211,2020,2021,606,434,-172,-0.2838283828382838,0.7161716171617162,108,12189,114,12191,True,False
2214,2020,2021,1950,5259,3309,1.696923076923077,2.6969230769230768,6098,12691,6080,12671,True,True
2219,2020,2021,347,2858,2511,7.236311239193084,8.236311239193084,10321,13116,10328,13175,True,True
2224,2020,2021,387,2858,2471,6.385012919896641,7.385012919896641,10346,13197,10328,13175,True,True
2225,2020,2021,226,182,-44,-0.19469026548672566,0.8053097345132744,5526,13239,5530,13241,True,False
2228,2020,2021,805,4195,3390,4.211180124223603,5.211180124223603,10244,13387,10223,13363,True,True
2230,2020,2021,604,1895,1291,2.1374172185430464,3.1374172185430464,10173,13415,10162,13405,True,True
2232,2020,2021,710,4249,3539,4.984507042253521,5.984507042253521,10235,13551,10214,13525,True,True
2233,2020,2021,1133,4167,3034,2.677846425419241,3.677846425419241,10428,13573,10408,13551,True,True
2238,2020,2021,217,389,172,0.7926267281105991,1.792626728110599,7446,13859,7442,13857,True,True
2239,2020,2021,305,168,-137,-0.4491803278688525,0.5508196721311476,9820,13891,9820,13893,True,False
2240,2020,2021,963,3412,2449,2.543094496365524,3.543094496365524,10449,14232,10432,14215,True,True
2243,2020,2021,168,437,269,1.6011904761904763,2.6011904761904763,8458,14321,8452,14315,True,True
2247,2020,2021,976,2259,1283,1.3145491803278688,2.314549180327869,10294,14667,10286,14659,True,True
2248,2020,2021,330,1894,1564,4.739393939393939,5.739393939393939,11944,14699,11926,14683,True,True
2256,2020,2021,122,190,68,0.5573770491803278,1.5573770491803278,7282,15113,7282,15113,True,True
2258,2020,2021,176,8705,8529,48.46022727272727,49.46022727272727,12358,15369,12280,15346,True,False
2262,2020,2021,203,395,192,0.9458128078817734,1.9458128078817734,8704,15753,8700,15747,True,True
2267,2020,2021,159,310,151,0.949685534591195,1.949685534591195,8748,16097,8746,16089,True,True
2268,2020,2021,347,2100,1753,5.051873198847262,6.051873198847262,13172,16225,13154,16207,True,True
