source_image,target_image,min_overlap_fraction,source_components,target_components,edges,source_without_overlap,target_without_overlap,source_multiple_targets,target_multiple_sources
201408ddyw.tif,201508ddyw.tif,0.1,659,973,157,502,820,0,4
201408ddyw.tif,201508ddyw.tif,0.25,659,973,145,514,829,0,1
201408ddyw.tif,201508ddyw.tif,0.5,659,973,118,541,855,0,0
201508ddyw.tif,20151017sp.tif,0.1,973,474,225,750,254,2,5
201508ddyw.tif,20151017sp.tif,0.25,973,474,171,803,306,1,3
201508ddyw.tif,20151017sp.tif,0.5,973,474,96,877,379,0,1
20151017sp.tif,20160907.tif,0.1,474,402,185,289,220,0,3
20151017sp.tif,20160907.tif,0.25,474,402,181,293,224,0,3
20151017sp.tif,20160907.tif,0.5,474,402,168,306,237,0,3
20160907.tif,20161025.tif,0.1,402,552,264,149,296,11,8
20160907.tif,20161025.tif,0.25,402,552,204,203,350,5,2
20160907.tif,20161025.tif,0.5,402,552,99,304,454,1,1
20161025.tif,20170714.tif,0.1,552,411,139,421,278,8,6
20161025.tif,20170714.tif,0.25,552,411,97,457,317,2,3
20161025.tif,20170714.tif,0.5,552,411,44,508,367,0,0
20170714.tif,20170728.tif,0.1,411,410,221,196,198,4,8
20170714.tif,20170728.tif,0.25,411,410,196,216,220,1,5
20170714.tif,20170728.tif,0.5,411,410,143,269,270,1,3
20170728.tif,20171002.tif,0.1,410,262,162,254,103,4,3
20170728.tif,20171002.tif,0.25,410,262,142,274,123,4,3
20170728.tif,20171002.tif,0.5,410,262,100,315,164,3,2
20171002.tif,20180729.tif,0.1,262,378,42,222,339,2,3
20171002.tif,20180729.tif,0.25,262,378,30,233,350,1,2
20171002.tif,20180729.tif,0.5,262,378,11,252,368,1,1
20180729.tif,20180828.tif,0.1,378,488,239,142,252,3,3
20180729.tif,20180828.tif,0.25,378,488,191,188,298,1,1
20180729.tif,20180828.tif,0.5,378,488,117,262,372,1,1
20180828.tif,20180926.tif,0.1,488,383,94,397,293,3,4
20180828.tif,20180926.tif,0.25,488,383,77,413,310,2,4
20180828.tif,20180926.tif,0.5,488,383,45,443,339,0,1
20180926.tif,20190828.tif,0.1,383,374,39,346,337,2,2
20180926.tif,20190828.tif,0.25,383,374,31,354,344,2,1
20180926.tif,20190828.tif,0.5,383,374,19,365,355,1,0
20190828.tif,20190923.tif,0.1,374,364,183,193,183,1,2
20190828.tif,20190923.tif,0.25,374,364,151,225,215,1,2
20190828.tif,20190923.tif,0.5,374,364,82,294,284,1,2
20190923.tif,20200727.tif,0.1,364,378,50,314,328,0,0
20190923.tif,20200727.tif,0.25,364,378,42,322,336,0,0
20190923.tif,20200727.tif,0.5,364,378,26,338,352,0,0
20200727.tif,20210717.tif,0.1,378,358,124,255,235,1,1
20200727.tif,20210717.tif,0.25,378,358,123,256,236,1,1
20200727.tif,20210717.tif,0.5,378,358,120,259,239,1,1
