image,component_id,archive_rows_per_component
20151017sp.tif,39.0,2
20151017sp.tif,44.0,2
20151017sp.tif,49.0,2
20151017sp.tif,101.0,2
20151017sp.tif,142.0,2
20151017sp.tif,348.0,2
20151017sp.tif,363.0,2
20151017sp.tif,391.0,2
20151017sp.tif,403.0,2
20151017sp.tif,429.0,2
20151017sp.tif,506.0,2
20160907.tif,30.0,2
20160907.tif,71.0,2
20160907.tif,232.0,2
20161025.tif,37.0,2
20161025.tif,283.0,2
20161025.tif,367.0,2
20170728.tif,6.0,2
20170728.tif,186.0,2
20170728.tif,220.0,2
20170728.tif,346.0,2
20170728.tif,350.0,2
20170728.tif,468.0,2
20171002.tif,5.0,2
20171002.tif,128.0,2
20171002.tif,130.0,2
20171002.tif,137.0,2
20171002.tif,212.0,3
20171002.tif,219.0,2
20171002.tif,220.0,2
20171002.tif,222.0,2
20171002.tif,319.0,2
20180729.tif,4.0,3
20180729.tif,415.0,2
20180729.tif,425.0,2
20180828.tif,4.0,3
20180828.tif,498.0,2
20180828.tif,516.0,2
20180828.tif,531.0,2
20180926.tif,6.0,3
20180926.tif,37.0,2
20180926.tif,115.0,2
20180926.tif,121.0,2
20180926.tif,135.0,2
20180926.tif,163.0,2
20180926.tif,192.0,2
20180926.tif,271.0,2
20180926.tif,300.0,2
20180926.tif,313.0,2
20180926.tif,420.0,2
20180926.tif,429.0,2
20190828.tif,73.0,2
20190828.tif,431.0,3
20190923.tif,74.0,2
20190923.tif,134.0,2
20190923.tif,147.0,2
20190923.tif,186.0,2
20190923.tif,215.0,2
20190923.tif,289.0,2
20190923.tif,297.0,2
20190923.tif,367.0,2
20190923.tif,442.0,2
20190923.tif,460.0,3
20200727.tif,35.0,2
20200727.tif,132.0,2
20200727.tif,173.0,2
20200727.tif,202.0,2
20200727.tif,273.0,2
20200727.tif,290.0,2
20200727.tif,364.0,2
20200727.tif,372.0,2
20210717.tif,37.0,3
20210717.tif,47.0,2
20210717.tif,150.0,2
20210717.tif,184.0,2
20210717.tif,201.0,2
20210717.tif,273.0,2
20210717.tif,325.0,2
20210717.tif,330.0,2
20210717.tif,396.0,2
