,date,size,pos_X,pos_Y,index_X,index_Y,distance,father_pos_x,"father_pos,y",father_index_x,father_index_y,father_S
0,2014,228,919,1846,5,0,595.7314831,1455,2106,8,0,6145
1,2014,136,2201,6322,23,0,229.085137,2105,6530,17,0,6343
2,2014,571,2243,2820,24,0,111.4495402,2253,2931,25,0,3446
3,2014,313,2689,7558,57,0,369.7566767,2321,7594,30,0,7717
4,2014,788,3071,4402,86,0,181.3945975,3173,4252,95,0,4431
5,2014,168,3077,6434,87,0,423.2068052,3025,6854,81,0,7918
6,2014,311,3407,11152,103,0,874.5147226,3377,10278,101,0,23547
7,2014,157,3449,8392,105,0,692.141604,2763,8484,62,0,8046
8,2014,472,3805,1594,127,0,343.1573983,4039,1845,143,0,14775
9,2014,128,3823,5400,130,0,485.5718278,3937,4928,139,0,16545
10,2014,282,3823,7414,131,0,614.8105399,3457,7908,107,0,2816
11,2014,329,3931,8493,138,0,201.6457289,4125,8548,152,0,1326
12,2014,263,4087,5858,148,0,653.737715,4205,6501,157,0,3098
13,2014,392,4119,6744,151,0,264.0151511,3949,6542,140,0,3997
14,2014,138,4127,6624,153,0,195.9795908,3949,6542,140,0,3997
15,2014,500,4201,5818,156,0,683.0117129,4205,6501,157,0,3098
16,2014,249,4241,7214,158,0,485.5759467,4119,6744,151,0,392
17,2014,321,4251,5896,160,0,606.7462402,4205,6501,157,0,3098
18,2014,636,4311,8823,162,0,331.9954819,4125,8548,152,0,1326
19,2014,356,4335,8794,163,0,323.4439673,4125,8548,152,0,1326
20,2014,132,4553,8756,178,0,265.2790983,4746,8574,188,0,3108
21,2014,428,4642,12882,181,0,320.4699674,4341,12992,164,0,17254
22,2014,236,4651,7726,184,0,245.0795789,4543,7946,177,0,2414
23,2014,171,4757,8766,189,0,192.314846,4746,8574,188,0,3108
24,2014,195,4999,10514,202,0,1639.07901,3377,10278,101,0,23547
25,2014,246,5821,7749,243,0,366.611511,6091,7997,255,0,3055
26,2014,228,5869,4412,244,0,269.4754163,6138,4428,258,0,7227
27,2014,260,5869,13514,245,0,1614.703688,4341,12992,164,0,17254
28,2014,228,5929,4105,247,0,175.4451481,5779,4014,240,0,8179
29,2014,559,5983,8275,249,0,298.2415129,6091,7997,255,0,3055
30,2014,552,6011,3979,251,0,320.5058502,6029,3659,253,0,12906
31,2014,164,6031,8010,254,0,61.39218191,6091,7997,255,0,3055
32,2014,261,6451,3862,271,0,162.6407083,6337,3978,268,0,2953
33,2014,198,6671,9590,273,0,1254.025518,7797,9038,304,0,5041
34,2014,184,6693,5606,274,0,29.12043956,6721,5598,275,0,12199
35,2014,606,6895,3741,279,0,255.4936398,7141,3672,284,0,6453
36,2014,124,6961,3788,281,0,214.140141,7141,3672,284,0,6453
37,2014,741,7167,5448,286,0,470.548616,6721,5598,275,0,12199
38,2014,403,7219,4500,288,0,510.5643936,7195,5010,287,0,6201
39,2014,315,7463,14062,295,0,1731.944861,9171,14349,359,0,12459
40,2014,701,7679,6642,302,0,766.2610521,8445,6662,325,0,14276
41,2014,468,8051,7420,309,0,141.3541651,8006,7286,307,0,2595
42,2014,619,8253,7550,315,0,361.5314647,8006,7286,307,0,2595
43,2014,354,8531,7812,329,0,394.791084,8383,8178,321,0,1717
44,2014,467,8561,2005,330,0,363.9024595,8481,1650,326,0,2367
45,2014,350,8643,7738,333,0,507.2090299,8137,7703,311,0,1678
46,2014,298,8685,7222,335,0,395.5350806,9033,7034,350,0,3070
47,2014,136,8723,9808,337,0,550.2363129,8225,9574,313,0,8122
48,2014,222,8885,7878,342,0,496.1219608,8994,8362,347,0,5992
49,2014,709,8889,10206,343,0,553.7300786,8398,9950,322,0,3683
50,2014,253,9107,2632,354,0,254.5152255,8974,2415,346,0,4812
51,2014,145,9169,6418,358,0,764.0104711,8445,6662,325,0,14276
52,2014,102,9193,8516,360,0,251.6286947,8994,8362,347,0,5992
53,2014,124,9275,7662,363,0,465.4728778,9438,7226,372,0,6904
54,2014,174,9311,1450,366,0,183.4121043,9149,1536,356,0,5390
55,2014,587,9373,1390,368,0,199.3238571,9546,1489,383,0,3255
56,2014,785,9389,9471,369,0,561.9572938,9769,9885,393,0,1065
57,2014,271,9487,8292,376,0,497.9447761,8994,8362,347,0,5992
58,2014,353,9510,5382,378,0,646.2236455,9799,5960,396,0,4722
59,2014,356,9535,4280,381,0,890.817602,10251,3750,416,0,2276
60,2014,289,9537,8356,382,0,543.0331482,8994,8362,347,0,5992
61,2014,362,9593,9375,384,0,539.5145967,9769,9885,393,0,1065
62,2014,317,9715,8902,388,0,488.4802964,9593,9375,384,0,362
63,2014,508,9727,2832,389,0,90.02221948,9637,2830,386,0,3410
64,2014,536,9741,3224,390,0,231.2163489,9751,2993,391,0,1669
65,2014,239,9893,7230,400,0,455.0175821,9438,7226,372,0,6904
66,2014,270,9965,830,403,0,683.1873828,9981,1513,405,0,6509
67,2014,611,10521,3113,431,0,143.1782106,10427,3221,428,0,3041
68,2014,772,10552,3982,433,0,304.8032152,10309,3798,421,0,3843
69,2014,485,10561,5024,434,0,583.0197252,10027,4790,406,0,2106
70,2014,120,10801,5196,442,0,733.738373,11425,4810,461,0,1423
71,2014,429,10815,4167,443,0,559.3612428,10449,3744,429,0,2721
72,2014,188,10933,4958,448,0,513.7781622,11425,4810,461,0,1423
73,2014,242,10955,8339,449,0,801.4143747,10871,7542,446,0,2341
74,2014,472,11163,3694,453,0,530.6147378,10759,3350,440,0,3701
75,2014,465,11169,4652,454,0,300.8321791,11425,4810,461,0,1423
76,2014,710,11461,1602,463,0,410.2389548,11447,2012,462,0,3153
77,2014,483,11489,3772,464,0,604.4700158,11859,3294,468,0,5405
78,2014,120,11675,6728,467,0,662.371497,12335,6784,474,0,11852
79,2014,373,11971,3526,471,0,257.619875,11859,3294,468,0,5405
80,2014,388,12039,2872,472,0,458.7853529,11859,3294,468,0,5405
81,2014,212,12067,2668,473,0,174.8971126,11950,2798,470,0,2647
82,2014,367,12365,3809,475,0,721.9840718,11859,3294,468,0,5405
83,2014,312,12515,3702,478,0,772.5283166,11859,3294,468,0,5405
84,2014,588,12711,4852,482,0,136.8941197,12653,4728,481,0,4546
85,2014,175,12979,8486,485,0,862.519565,12403,7844,476,0,10267
86,2014,174,13481,4014,491,0,419.4901668,13745,4340,496,0,3391
87,2014,219,13523,5836,492,0,857.2420895,14115,6456,507,0,7745
88,2014,353,13959,6872,502,0,444.2881948,14115,6456,507,0,7745
89,2014,402,13971,4826,503,0,461.9134118,13929,4366,501,0,7174
90,2014,180,14009,7822,505,0,879.2769757,13531,7084,493,0,6064
91,2014,408,14163,4674,508,0,386.8074456,13929,4366,501,0,7174
92,2014,445,14373,6460,512,0,258.0310059,14115,6456,507,0,7745
93,2014,366,14497,5834,514,0,292.6431274,14763,5712,519,0,3703
94,2014,524,14585,5360,516,0,392.173431,14211,5242,509,0,4472
95,2014,213,14653,7906,517,0,526.0950484,15179,7916,524,0,288
96,2014,234,14935,7706,520,0,868.2511157,15687,7272,532,0,410
97,2014,284,14965,6856,521,0,619.7709254,15135,6260,523,0,1381
98,2014,508,15047,6804,522,0,551.0716832,15135,6260,523,0,1381
99,2014,288,15179,7916,524,0,1076.167738,16150,8380,548,0,2797
100,2014,198,15421,6111,527,0,322.4856586,15135,6260,523,0,1381
101,2014,410,15687,7272,532,0,548.9717661,16000,6821,543,0,1264
102,2014,560,15776,6514,534,0,303.29029,15529,6338,528,0,1217
103,2014,381,15849,6756,536,0,164.3958637,16000,6821,543,0,1264
104,2014,344,15879,6632,539,0,224.4147945,16000,6821,543,0,1264
105,2014,173,16011,6550,545,0,271.2231554,16000,6821,543,0,1264
106,2014,135,16419,7886,553,0,884,16419,8770,554,0,19852
107,2014,284,16477,11576,555,0,979.3896058,15987,10728,542,0,6116
108,2014,234,16795,12364,560,0,44.59820624,16810,12406,562,0,1412
109,2014,128,17079,9738,564,0,248.5155931,16943,9530,563,0,6426
110,2014,114,17835,11490,567,0,1374.656684,16810,12406,562,0,1412
111,2015,532,559,670,569,1,1692.605093,1455,2106,8,0,6145
112,2015,289,2601,6584,582,1,101.133575,2643,6492,583,1,3157
113,2015,620,2675,6441,584,1,116.6061748,2581,6372,581,1,4093
114,2015,156,3011,2202,594,1,346.7059273,3137,2525,91,0,10140
115,2015,156,3137,6086,602,1,291.0463881,3179,6374,605,1,4519
116,2015,220,3157,6080,603,1,294.8219802,3179,6374,605,1,4519
117,2015,307,3255,8412,613,1,96.0832972,3251,8316,612,1,2809
118,2015,176,3297,8458,617,1,82.09750301,3293,8540,616,1,3308
119,2015,685,3475,8044,628,1,137.1860051,3457,7908,107,0,2816
120,2015,568,3505,6996,629,1,231.6031088,3439,7218,104,1,5974
121,2016,588,3513,6494,638,2,138.8092216,3625,6412,116,1,7681
122,2015,325,3587,7064,639,1,213.5883892,3439,7218,104,1,5974
123,2015,305,3809,5678,655,1,236.5417511,3885,5454,657,1,1405
124,2015,703,3935,10616,661,1,178.9972067,4109,10574,678,1,4639
125,2015,786,4253,10054,686,1,169.8587649,4289,9888,689,1,2696
126,2015,505,4357,9940,694,1,85.60373824,4289,9888,689,1,2696
127,2015,745,4471,8950,705,1,137.8840092,4527,8824,709,1,3092
128,2015,569,4990,5650,730,1,211.4000946,4821,5777,723,1,4307
129,2015,214,5975,164,793,1,1920.904474,4418,1289,166,0,17359
130,2015,259,6163,4948,804,1,242.8003295,6357,4802,269,1,13223
131,2015,633,6493,7442,812,1,642.4204231,6841,6902,278,1,20554
132,2015,471,7033,10778,852,1,1683.872026,7938,9358,306,0,4117
133,2015,292,7109,3776,855,1,358.2973625,6993,3437,282,1,13073
134,2015,102,7113,14027,856,1,2083.038166,9171,14349,359,0,12459
135,2015,192,7149,14028,857,1,2047.321421,9171,14349,359,0,12459
136,2015,671,7178,3285,858,1,239.434751,6993,3437,282,1,13073
137,2015,167,7521,8636,875,1,118.0677771,7637,8658,301,0,5258
138,2015,376,7615,3508,884,1,626.0391362,6993,3437,282,1,13073
139,2015,187,8005,1718,915,1,743.3068007,7418,2174,293,0,3077
140,2015,499,8025,3820,916,1,896.30352,7141,3672,284,0,6453
141,2015,164,8029,3710,917,1,888.8126912,7141,3672,284,0,6453
142,2015,550,8139,7204,925,1,188.827964,8305,7114,318,1,3664
143,2015,373,8237,3772,931,1,849.5769535,7446,4082,294,0,5713
144,2015,319,8409,9914,941,1,386.5953957,8225,9574,313,0,8122
145,2015,536,8535,6250,951,1,491.9593479,8225,5868,312,0,16424
146,2015,508,8717,4362,961,1,799.9006188,8321,5057,317,0,10876
147,2015,484,8955,9900,979,1,620.9428315,9386,9453,369,1,5689
148,2015,524,9061,8480,984,1,135.6945098,8994,8362,347,0,5992
149,2015,341,9071,4414,985,1,495.201979,8674,4710,334,0,4997
150,2015,447,9211,4588,992,1,550.68412,8674,4710,334,0,4997
151,2015,304,9361,8684,1003,1,442.8995371,9489,8260,376,1,2184
152,2015,108,9383,5034,1004,1,593.2630108,8802,4914,339,0,3264
153,2015,181,9405,4974,1006,1,605.9777224,8802,4914,339,0,3264
154,2015,240,9457,7562,1008,1,336.5367736,9438,7226,372,0,6904
155,2015,607,9501,5024,1011,1,707.6022894,8802,4914,339,0,3264
156,2015,616,9629,6608,1017,1,646.8423301,9438,7226,372,0,6904
157,2015,381,9649,5416,1020,1,564.3013379,9799,5960,396,0,4722
158,2015,298,9658,5487,1021,1,493.5686376,9799,5960,396,0,4722
159,2015,509,9725,8964,1024,1,399.0839511,9597,9342,384,1,6743
160,2015,478,9847,5544,1030,1,418.7600745,9799,5960,396,0,4722
161,2015,362,9851,8552,1032,1,465.0892387,9489,8260,376,1,2184
162,2015,314,9903,8580,1034,1,523.2551959,9489,8260,376,1,2184
163,2015,668,9925,7880,1036,1,815.4048074,9438,7226,372,0,6904
164,2015,360,10127,7878,1043,1,721.2683273,9865,7206,400,1,3614
165,2015,576,10129,7396,1044,1,711.604525,9438,7226,372,0,6904
166,2015,169,10143,9488,1045,1,565.1831562,9597,9342,384,1,6743
167,2015,767,10151,5706,1046,1,809.3732143,10753,5165,442,1,6776
168,2015,647,10169,7565,1048,1,805.7803671,9438,7226,372,0,6904
169,2015,117,10185,5742,1049,1,809.6622753,10753,5165,442,1,6776
170,2015,642,10191,6231,1050,1,476.5553483,9799,5960,396,0,4722
171,2015,756,10219,7221,1051,1,781.016005,9438,7226,372,0,6904
172,2015,287,10336,4889,1056,1,500.0649958,10753,5165,442,1,6776
173,2015,379,10400,3535,1057,1,192.0234361,10208,3532,413,0,4605
174,2015,539,10419,8256,1060,1,930.0086021,9489,8260,376,1,2184
175,2015,235,10475,4731,1063,1,515.4027551,10753,5165,442,1,6776
176,2015,585,10591,7058,1065,1,1165.175094,9438,7226,372,0,6904
177,2015,133,10597,6386,1067,1,904.5883041,9799,5960,396,0,4722
178,2015,659,10603,7114,1068,1,1170.371309,9438,7226,372,0,6904
179,2015,406,10629,9058,1069,1,1070.364424,9597,9342,384,1,6743
180,2015,341,10635,7073,1070,1,1204.891696,11527,6263,466,1,4041
181,2015,412,10649,7132,1071,1,1214.642746,9438,7226,372,0,6904
182,2015,508,10701,8568,1074,1,1250.523091,9489,8260,376,1,2184
183,2015,474,10731,9145,1077,1,1150.984361,9597,9342,384,1,6743
184,2015,189,10745,8232,1079,1,1256.312063,9489,8260,376,1,2184
185,2015,282,10867,10846,1084,1,1968.480632,9597,9342,384,1,6743
186,2015,230,10873,8558,1085,1,1415.718899,9489,8260,376,1,2184
187,2015,317,10899,11006,1087,1,2112.841688,9597,9342,384,1,6743
188,2015,796,10941,10804,1088,1,1985.895264,9597,9342,384,1,6743
189,2015,644,10995,7686,1089,1,1227.721467,9865,7206,400,1,3614
190,2015,245,11017,7842,1090,1,1315.902732,9865,7206,400,1,3614
191,2015,205,11098,3778,1094,1,350.7705803,11446,3734,464,1,8113
192,2015,368,11589,6200,1106,1,909.8417445,12285,6786,474,1,21555
193,2015,674,13263,4252,1184,1,397.2908255,13599,4464,495,0,3013
194,2015,222,13767,6990,1206,1,254.0314941,13531,7084,493,0,6064
195,2015,608,13849,8504,1209,1,1284.731879,13055,7494,487,1,11556
196,2015,570,14119,8182,1225,1,1060.726166,15141,7898,524,1,7940
197,2015,563,14547,6338,1231,1,404.499691,14205,6122,511,1,15344
198,2015,738,14929,6441,1237,1,358.8049609,15008,6791,522,1,5161
199,2015,377,14981,6322,1238,1,469.7765426,15008,6791,522,1,5161
200,2015,114,15479,8680,1247,1,390.1281841,15797,8906,540,1,16455
201,2015,165,16239,7790,1256,1,846.9356528,16035,8612,547,1,12892
202,2015,252,16325,9784,1258,1,547.8466939,15819,9994,535,0,20772
203,2015,134,16347,9862,1259,1,544.2499426,15819,9994,535,0,20772
204,2015,120,16675,11776,1262,1,644.3019478,16810,12406,562,0,1412
205,2015,472,16995,9980,1263,1,704.5565982,16511,9468,557,1,11220
206,2016,319,5219,4358,1272,2,149.2146105,5238,4506,216,1,11352
207,2016,204,5245,9294,1273,2,792.204519,4453,9312,167,1,8673
208,2016,126,5715,5896,1276,2,488.4802964,5242,6018,215,0,7280
209,2016,347,6075,8426,1279,2,829.3515539,5743,7666,243,2,14095
210,2016,120,6141,8432,1280,2,863.2265056,5743,7666,243,2,14095
211,2016,181,6782,7622,1283,2,736.0108695,6778,6886,278,2,36327
212,2016,125,6913,9162,1285,2,882.1519144,7637,8658,301,0,5258
213,2016,266,7481,10473,1287,2,1166.934874,8225,9574,313,0,8122
214,2016,207,8727,14246,1295,2,455.7905221,9171,14349,359,0,12459
215,2016,351,9651,1902,1306,2,155.8621186,9529,1805,380,0,6619
216,2016,230,9683,1864,1308,2,164.9151297,9529,1805,380,0,6619
217,2016,124,9689,1784,1309,2,161.3722405,9529,1805,380,0,6619
218,2016,278,9691,2636,1310,2,118.8696765,9778,2717,397,1,3980
219,2016,451,9733,2034,1311,2,306.687137,9529,1805,380,0,6619
220,2016,429,10143,2664,1320,2,270.9335712,10041,2413,407,0,4536
221,2016,401,10181,2214,1321,2,83.52245207,10261,2190,418,0,5606
222,2016,316,10317,2720,1326,2,212.7204739,10502,2825,432,1,5940
223,2016,236,10386,2121,1327,2,284.1161734,10567,2340,435,0,6209
224,2016,102,10417,2080,1328,2,300.1666204,10567,2340,435,0,6209
225,2016,360,10437,2086,1329,2,285.334891,10567,2340,435,0,6209
226,2016,139,10509,2160,1331,2,189.1137224,10567,2340,435,0,6209
227,2016,237,10575,3440,1333,2,204.8316382,10759,3350,440,0,3701
228,2016,388,10609,3389,1334,2,154.9870962,10759,3350,440,0,3701
229,2016,226,10661,2558,1337,2,237.4026116,10567,2340,435,0,6209
230,2016,158,10741,2626,1339,2,142.2251736,10599,2618,437,0,4881
231,2016,152,10773,2632,1340,2,174.5623098,10599,2618,437,0,4881
232,2016,345,10797,2662,1341,2,202.8299781,10599,2618,437,0,4881
233,2016,458,10871,5295,1345,2,740.0878326,11038,4574,454,2,23696
234,2016,577,10921,5132,1347,2,570.1341947,11038,4574,454,2,23696
235,2016,174,11245,6008,1348,2,1080.620655,12274,6338,477,2,35418
236,2016,225,11318,5846,1349,2,1075.174404,12274,6338,477,2,35418
237,2016,353,11335,5998,1350,2,998.6596017,12274,6338,477,2,35418
238,2016,114,11705,6678,1351,2,662.8431187,12274,6338,477,2,35418
239,2016,236,11753,6628,1352,2,596.2725887,12274,6338,477,2,35418
240,2016,487,11967,40,1353,2,2099.696168,12547,2058,479,0,5722
241,2016,196,12077,140,1354,2,1974.746566,12547,2058,479,0,5722
242,2016,404,12154,4914,1356,2,1166.643047,11038,4574,454,2,23696
243,2016,620,12799,5186,1357,2,967.3882364,13491,5862,492,1,6329
244,2016,144,13489,8300,1358,2,1123.788236,14507,7824,517,2,14572
245,2016,574,15491,9723,1367,2,425.470328,15819,9994,535,0,20772
246,2016,207,15925,8775,1369,2,183.1529416,15797,8906,540,1,16455
247,2017,636,21,5114,1373,3,905.9028646,105,4212,568,1,5067
248,2017,344,443,794,1374,3,3342.84011,3509,2126,115,1,6604
249,2017,345,1163,7850,1379,3,1294.496427,1927,6805,570,1,2524
250,2017,688,1341,8542,1381,3,1596.427261,2893,8916,592,2,7282
251,2017,716,1403,1300,1382,3,2262.191857,3509,2126,115,1,6604
252,2017,702,1467,1077,1383,3,2295.683994,3509,2126,115,1,6604
253,2017,536,1551,1176,1384,3,2176.295936,3509,2126,115,1,6604
254,2017,342,2121,8847,1385,3,775.0774155,2893,8916,592,2,7282
255,2017,445,2169,8897,1386,3,724.2492665,2893,8916,592,2,7282
256,2017,171,2299,9246,1387,3,679.5115893,2893,8916,592,2,7282
257,2017,580,4097,12854,1392,3,457.4188453,3641,12890,124,2,34988
258,2017,114,5699,764,1398,3,2159.6208,4538,2585,183,3,20194
259,2017,183,6067,6708,1399,3,773.8714364,6798,6962,278,3,50518
260,2017,776,6709,2958,1402,3,505.2534018,6918,3418,282,2,23614
261,2017,643,7417,3386,1406,3,500.0249994,6918,3418,282,2,23614
262,2017,282,8003,6174,1411,3,902.6560807,7121,5982,285,1,17803
263,2017,317,8409,3890,1413,3,1563.926149,6918,3418,282,2,23614
264,2017,296,8467,2308,1416,3,1905.649758,6918,3418,282,2,23614
265,2017,363,9141,14242,1433,3,4976.682429,9523,9280,384,2,18353
266,2017,255,9467,840,1435,3,3147.672315,12052,2636,473,1,6033
267,2017,661,9493,14296,1436,3,5016.089712,9523,9280,384,2,18353
268,2017,300,10079,2410,1445,3,1903.067261,11446,3734,464,1,8113
269,2017,660,10899,3632,1457,3,952.200084,11038,4574,454,2,23696
270,2017,446,12101,116,1477,3,2520.476344,12052,2636,473,1,6033
271,2017,429,12177,245,1479,3,2394.265232,12052,2636,473,1,6033
272,2017,458,12207,214,1480,3,2426.954676,12052,2636,473,1,6033
273,2017,332,12915,6977,1491,3,231.6570741,13019,6770,488,2,32716
274,2017,501,14581,11700,1524,3,3047.144893,15797,8906,540,1,16455
275,2017,395,14725,11965,1527,3,3241.398618,15797,8906,540,1,16455
276,2017,339,14740,12022,1528,3,3290.395873,15797,8906,540,1,16455
277,2017,557,14783,12134,1531,3,3383.515923,15797,8906,540,1,16455
278,2017,372,15013,11916,1535,3,3110.42698,15797,8906,540,1,16455
279,2017,250,15035,8286,1536,3,446.0179369,15031,7840,524,2,16602
280,2017,674,15225,11904,1538,3,3052.079291,15797,8906,540,1,16455
281,2017,324,15631,7860,1542,3,600.3332408,15031,7840,524,2,16602
282,2017,652,16974,10714,1547,3,2157.357875,15797,8906,540,1,16455
283,2018,655,2849,6757,1552,4,356.719778,3149,6564,611,2,8437
284,2018,551,3169,5982,1555,4,582.3435412,3149,6564,611,2,8437
285,2018,788,3555,3498,1560,4,464.9171969,3093,3550,97,3,22194
286,2018,725,3789,3504,1564,4,697.5184585,3093,3550,97,3,22194
287,2018,499,3897,11630,1568,4,1109.250197,4803,10990,725,3,14203
288,2018,666,4435,4972,1574,4,450.098878,4350,4530,170,3,36446
289,2018,264,4675,6081,1580,4,1187.803435,4141,7142,158,2,18849
290,2018,763,4749,5502,1581,4,1050.706905,4350,4530,170,3,36446
291,2019,464,4777,4973,1584,5,615.2869249,4350,4530,170,3,36446
292,2018,751,5025,12933,1590,4,1384.66783,3641,12890,124,2,34988
293,2018,545,5193,12809,1594,4,1554.112287,3641,12890,124,2,34988
294,2018,331,5473,12722,1599,4,1839.68693,3641,12890,124,2,34988
295,2018,126,5538,10884,1600,4,1184.893244,4634,10118,717,4,29992
296,2018,411,5539,9753,1601,4,975.8329775,4634,10118,717,4,29992
297,2018,369,5589,10501,1602,4,1028.938288,4634,10118,717,4,29992
298,2018,240,5635,10628,1603,4,1123.432686,4634,10118,717,4,29992
299,2018,522,6183,7639,1612,4,914.6332598,6798,6962,278,3,50518
300,2018,178,6468,8501,1618,4,1573.982528,6798,6962,278,3,50518
301,2018,156,6638,8296,1619,4,1343.56094,6798,6962,278,3,50518
302,2018,718,6706,10774,1622,4,2173.366053,4634,10118,717,4,29992
303,2018,652,6941,7936,1630,4,984.441466,6798,6962,278,3,50518
304,2018,134,7622,3376,1639,4,705.2517281,6918,3418,282,2,23614
305,2018,796,7739,11106,1643,4,2410.447261,9779,9822,393,4,20122
306,2018,740,7841,10758,1645,4,2705.323825,7502,8074,297,4,28736
307,2018,490,8227,11641,1648,4,2391.122122,9779,9822,393,4,20122
308,2018,146,8237,1574,1649,4,2267.178202,6918,3418,282,2,23614
309,2018,494,8277,11636,1650,4,2355.122078,9779,9822,393,4,20122
310,2018,371,8381,11430,1651,4,3469.204087,7502,8074,297,4,28736
311,2018,306,8477,11791,1652,4,2360.54337,9779,9822,393,4,20122
312,2018,553,8705,14086,1656,4,4397.177731,9779,9822,393,4,20122
313,2018,690,8847,13986,1657,4,4267.027068,9779,9822,393,4,20122
314,2018,322,9219,13997,1662,4,4212.389464,9779,9822,393,4,20122
315,2018,406,9295,13904,1663,4,4110.593631,9779,9822,393,4,20122
316,2018,128,9567,4765,1664,4,1483.34824,11038,4574,454,2,23696
317,2018,766,10035,6956,1668,4,2308.051343,12286,6446,477,3,47496
318,2018,189,11061,10024,1678,4,2572.405295,12286,7762,476,2,33608
319,2018,533,11152,6290,1681,4,1144.679868,12286,6446,477,3,47496
320,2018,522,11219,8022,1682,4,1903.224895,12286,6446,477,3,47496
321,2018,541,11367,9180,1686,4,1689.758859,12286,7762,476,2,33608
322,2018,104,11371,3193,1687,4,3379.235712,12286,6446,477,3,47496
323,2018,122,11585,3633,1690,4,2899.029148,12286,6446,477,3,47496
324,2018,714,11853,7630,1692,4,1260.69227,12286,6446,477,3,47496
325,2018,407,12213,137,1696,4,6188.509756,12875,6290,486,2,31056
326,2018,180,12309,8966,1700,4,1204.219664,12286,7762,476,2,33608
327,2018,142,12351,9254,1704,4,1493.415214,12286,7762,476,2,33608
328,2018,653,12399,8852,1713,4,1095.841686,12286,7762,476,2,33608
329,2018,772,12431,9478,1714,4,1722.115269,12286,7762,476,2,33608
330,2018,757,12525,8432,1717,4,711.3515305,12286,7762,476,2,33608
331,2018,226,12539,9096,1718,4,1357.779437,12286,7762,476,2,33608
332,2018,524,12701,8353,1722,4,722.1537232,12286,7762,476,2,33608
333,2018,161,12801,10012,1727,4,2308.186518,12286,7762,476,2,33608
334,2018,682,12841,8663,1729,4,1058.218314,12286,7762,476,2,33608
335,2018,191,12845,9620,1730,4,1940.269311,12286,7762,476,2,33608
336,2018,424,12937,9536,1737,4,1889.676427,12286,7762,476,2,33608
337,2018,565,12977,10016,1738,4,2357.540456,12286,7762,476,2,33608
338,2018,428,13057,7814,1740,4,772.7515772,12286,7762,476,2,33608
339,2018,110,13059,3980,1741,4,2317.316552,12875,6290,486,2,31056
340,2018,666,13233,9638,1748,4,2101.472103,12286,7762,476,2,33608
341,2018,124,13291,7170,1750,4,483.7189267,13019,6770,488,2,32716
342,2018,652,13417,9408,1753,4,1997.117172,12286,7762,476,2,33608
343,2018,620,13497,7624,1755,4,1218.837561,12286,7762,476,2,33608
344,2018,551,13591,7586,1761,4,996.5139236,13019,6770,488,2,32716
345,2018,370,13915,7626,1767,4,1239.173918,13019,6770,488,2,32716
346,2018,172,14151,9130,1771,4,2183.059321,12653,7542,483,2,21094
347,2018,432,14521,9398,1781,4,2633.279324,12653,7542,483,2,21094
348,2018,172,15119,9239,1795,4,2993.487097,12653,7542,483,2,21094
349,2018,520,15727,8632,1802,4,3261.529702,12653,7542,483,2,21094
350,2018,575,16116,11342,1803,4,5242.642463,12286,7762,476,2,33608
351,2018,633,16233,11844,1806,4,5678.162819,12286,7762,476,2,33608
352,2018,392,16399,11698,1807,4,5692.878446,12286,7762,476,2,33608
353,2018,191,16715,12682,1811,4,6619.852038,12286,7762,476,2,33608
354,2019,274,563,6286,1812,5,3726.472326,3093,3550,97,3,22194
355,2019,347,681,7057,1813,5,3997.936593,4617,7758,184,3,20702
356,2019,143,1065,7756,1814,5,3552.000563,4617,7758,184,3,20702
357,2019,500,3145,9164,1816,5,1768.399559,4634,10118,717,4,29992
358,2019,160,3545,3514,1817,5,1296.256533,4350,4530,170,3,36446
359,2019,468,3943,6328,1819,5,1580.878237,4617,7758,184,3,20702
360,2019,200,4411,5090,1823,5,563.3125243,4350,4530,170,3,36446
361,2019,360,4571,5938,1824,5,1425.238577,4350,4530,170,3,36446
362,2019,585,4649,14172,1825,5,3185.724407,4803,10990,725,3,14203
363,2019,253,4859,7080,1828,5,719.8944367,4617,7758,184,3,20702
364,2019,425,4899,10828,1831,5,757.8423319,4634,10118,717,4,29992
365,2019,475,4993,4932,1832,5,758.3224908,4350,4530,170,3,36446
366,2019,284,5017,4982,1833,5,805.7251392,4350,4530,170,3,36446
367,2019,388,5085,9953,1834,5,480.235359,4634,10118,717,4,29992
368,2019,399,5097,10066,1835,5,465.9109357,4634,10118,717,4,29992
369,2019,726,5326,11116,1836,5,1214.441435,4634,10118,717,4,29992
370,2019,106,5387,10192,1837,5,756.6273852,4634,10118,717,4,29992
371,2019,355,5529,5658,1839,5,1819.554066,6798,6962,278,3,50518
372,2019,247,5711,11230,1840,5,1548.054586,4634,10118,717,4,29992
373,2019,201,5819,6276,1842,5,1195.423356,6798,6962,278,3,50518
374,2019,636,5835,6374,1843,5,1128.323092,6798,6962,278,3,50518
375,2019,336,5859,6340,1844,5,1126.323666,6798,6962,278,3,50518
376,2019,293,5891,6462,1845,5,1035.687694,6798,6962,278,3,50518
377,2019,154,5895,6042,1846,5,1289.11171,6798,6962,278,3,50518
378,2019,325,5991,6508,1847,5,925.9400629,6798,6962,278,3,50518
379,2019,192,6055,6448,1849,5,903.4627829,6798,6962,278,3,50518
380,2019,381,6127,10841,1850,5,1658.848396,4634,10118,717,4,29992
381,2019,716,6173,10940,1852,5,1744.765027,4634,10118,717,4,29992
382,2019,166,6251,6590,1854,5,661.5081254,6798,6962,278,3,50518
383,2019,224,6321,6776,1855,5,511.981445,6798,6962,278,3,50518
384,2019,168,6421,6180,1859,5,868.1319024,6798,6962,278,3,50518
385,2019,211,6425,10628,1860,5,1862.197895,4634,10118,717,4,29992
386,2019,330,6517,11223,1862,5,2183.280559,4634,10118,717,4,29992
387,2019,343,6593,6290,1865,5,702.5731279,6798,6962,278,3,50518
388,2019,204,6595,6794,1866,5,263.5014231,6798,6962,278,3,50518
389,2019,390,6601,11826,1867,5,2605.062955,4634,10118,717,4,29992
390,2019,279,6607,6720,1869,5,308.2936911,6798,6962,278,3,50518
391,2019,253,6655,6854,1870,5,179.2010045,6798,6962,278,3,50518
392,2019,244,6825,7304,1872,5,343.0641339,6798,6962,278,3,50518
393,2019,378,7187,6992,1876,5,390.1550974,6798,6962,278,3,50518
394,2019,194,7225,10909,1878,5,2709.051864,4634,10118,717,4,29992
395,2019,203,7241,6830,1879,5,462.2477691,6798,6962,278,3,50518
396,2019,167,7277,6812,1880,5,501.9372471,6798,6962,278,3,50518
397,2019,360,7311,5702,1881,5,1360.429712,6798,6962,278,3,50518
398,2019,652,7351,10577,1883,5,2844.911598,7070,7746,283,3,32290
399,2019,118,7691,6908,1885,5,894.6312089,6798,6962,278,3,50518
400,2019,289,7779,12660,1886,5,4036.736305,4345,10538,695,4,27981
401,2019,128,7873,12890,1888,5,3611.849942,9779,9822,393,4,20122
402,2019,619,7895,11970,1889,5,3750.203328,4634,10118,717,4,29992
403,2019,636,7966,8302,1890,5,1777.589379,6798,6962,278,3,50518
404,2019,262,8181,7090,1893,5,1388.910724,6798,6962,278,3,50518
405,2019,369,8366,12666,1896,5,4518.863574,4634,10118,717,4,29992
406,2019,330,8369,12358,1897,5,4355.206654,4634,10118,717,4,29992
407,2019,314,8649,11710,1901,5,4266.911881,7070,7746,283,3,32290
408,2019,281,8791,11658,1902,5,4273.82557,7070,7746,283,3,32290
409,2019,485,9275,11919,1911,5,4719.740883,7070,7746,283,3,32290
410,2019,311,9451,11535,1913,5,4475.006369,7070,7746,283,3,32290
411,2019,513,9491,6599,1915,5,2717.354964,6798,6962,278,3,50518
412,2019,198,9513,11519,1916,5,4494.861288,7070,7746,283,3,32290
413,2019,122,9614,10592,1917,5,4594.208963,6798,6962,278,3,50518
414,2019,321,9781,9928,1918,5,4206.595417,6798,6962,278,3,50518
415,2019,704,10338,8394,1933,5,2754.88802,12286,6446,477,3,47496
416,2019,227,10505,1376,1938,5,5373.719475,12286,6446,477,3,47496
417,2019,512,10750,7938,1944,5,2141.345371,12286,6446,477,3,47496
418,2019,245,10973,2424,1946,5,6166.365948,6798,6962,278,3,50518
419,2019,176,11373,5414,1947,5,4829.795958,6798,6962,278,3,50518
420,2019,396,11793,7042,1950,5,773.4759208,12286,6446,477,3,47496
421,2019,568,11877,7922,1954,5,1531.619078,12286,6446,477,3,47496
422,2019,276,11927,7886,1955,5,1484.075807,12286,6446,477,3,47496
423,2019,242,12019,8374,1958,5,1946.40001,12286,6446,477,3,47496
424,2019,712,12059,8544,1959,5,2110.244773,12286,6446,477,3,47496
425,2019,472,12169,8814,1960,5,2370.888652,12286,6446,477,3,47496
426,2019,706,12231,8776,1963,5,2330.649051,12286,6446,477,3,47496
427,2019,214,12541,8674,1967,5,2242.545206,12286,6446,477,3,47496
428,2019,201,12669,6518,1973,5,389.7088657,12286,6446,477,3,47496
429,2019,445,13087,6154,1983,5,852.5637806,12286,6446,477,3,47496
430,2019,284,13135,1306,1985,5,8493.992289,6798,6962,278,3,50518
431,2019,198,13280,6269,1990,5,1009.636073,12286,6446,477,3,47496
432,2019,358,13319,10686,1993,5,4364.022113,12286,6446,477,3,47496
433,2019,368,13335,9598,1994,5,3321.973058,12286,6446,477,3,47496
434,2019,730,13535,10662,2002,5,4397.119171,12286,6446,477,3,47496
435,2019,487,13607,9389,2005,5,3225.878175,12286,6446,477,3,47496
436,2019,470,13941,9392,2013,5,3379.044392,12286,6446,477,3,47496
437,2019,151,14215,7268,2016,5,2096.836904,12286,6446,477,3,47496
438,2019,121,14439,6762,2020,5,2176.066405,12286,6446,477,3,47496
439,2019,111,14497,8792,2021,5,3223.699273,12286,6446,477,3,47496
440,2019,269,14735,6768,2024,5,2470.077934,12286,6446,477,3,47496
441,2019,162,14775,6670,2027,5,2499.059223,12286,6446,477,3,47496
442,2019,158,14829,6930,2028,5,2588.649262,12286,6446,477,3,47496
443,2019,445,15015,7298,2031,5,2858.906259,12286,6446,477,3,47496
444,2019,213,15151,6943,2032,5,2907.788507,12286,6446,477,3,47496
445,2019,200,15251,7754,2033,5,3240.692673,12286,6446,477,3,47496
446,2019,225,15291,7116,2034,5,3078.786287,12286,6446,477,3,47496
447,2019,197,15339,7788,2036,5,3334.932233,12286,6446,477,3,47496
448,2019,189,15405,7047,2037,5,3176.375608,12286,6446,477,3,47496
449,2019,590,15507,13626,2038,5,7869.386317,12286,6446,477,3,47496
450,2019,218,15710,12274,2039,5,6759.390505,12286,6446,477,3,47496
451,2019,200,15713,7956,2040,5,3744.920426,12286,6446,477,3,47496
452,2019,266,16293,10040,2042,5,5382.646654,12286,6446,477,3,47496
453,2019,247,16553,13994,2045,5,8670.616645,12286,6446,477,3,47496
454,2019,555,16677,10120,2047,5,5725.308463,12286,6446,477,3,47496
455,2019,216,17097,10814,2049,5,6498.087796,12286,6446,477,3,47496
456,2020,459,525,6918,2051,6,5208.059235,4634,10118,717,4,29992
457,2020,136,913,4170,2052,6,7016.020596,4634,10118,717,4,29992
458,2020,550,961,7808,2053,6,4339.012445,4634,10118,717,4,29992
459,2020,118,1645,3524,2054,6,7239.81747,4634,10118,717,4,29992
460,2020,389,1647,3142,2055,6,7588.593084,4634,10118,717,4,29992
461,2020,302,1653,4848,2056,6,6054.689175,4634,10118,717,4,29992
462,2020,466,1671,4800,2057,6,6087.732993,4634,10118,717,4,29992
463,2020,179,1705,3660,2058,6,7091.17797,4634,10118,717,4,29992
464,2020,194,1733,4768,2059,6,6085.910039,4634,10118,717,4,29992
465,2020,187,1759,4750,2060,6,6089.421073,4634,10118,717,4,29992
466,2020,120,1835,5818,2061,6,5130.73104,4634,10118,717,4,29992
467,2020,335,1897,5626,2062,6,5260.155226,4634,10118,717,4,29992
468,2020,235,2021,5078,2063,6,5677.091597,4634,10118,717,4,29992
469,2020,271,2035,3092,2064,6,7491.293413,4634,10118,717,4,29992
470,2020,173,2091,3774,2065,6,6834.704456,4634,10118,717,4,29992
471,2020,312,2667,6730,2066,6,3917.605519,4634,10118,717,4,29992
472,2020,214,2953,9474,2067,6,1800.13805,4634,10118,717,4,29992
473,2020,403,3007,870,2068,6,9390.028381,4634,10118,717,4,29992
474,2020,317,3015,830,2069,6,9428.048844,4634,10118,717,4,29992
475,2020,779,3019,113,2070,6,10134.50788,4634,10118,717,4,29992
476,2020,698,3029,724,2071,6,9530.123871,4634,10118,717,4,29992
477,2020,228,3041,844,2072,6,9409.820668,4634,10118,717,4,29992
478,2020,330,3063,150,2073,6,10091.03885,4634,10118,717,4,29992
479,2020,682,3085,846,2075,6,9400.499189,4634,10118,717,4,29992
480,2020,777,3237,181,2078,6,10034.71863,4634,10118,717,4,29992
481,2020,565,3373,890,2080,6,9313.758908,4634,10118,717,4,29992
482,2020,578,3419,6079,2081,6,4217.789231,4634,10118,717,4,29992
483,2020,159,3421,2102,2082,6,8107.257551,4634,10118,717,4,29992
484,2020,130,3479,5352,2083,6,4903.955648,4634,10118,717,4,29992
485,2020,165,3643,1921,2084,6,8256.687592,4634,10118,717,4,29992
486,2020,618,3685,1096,2085,6,9071.774082,4634,10118,717,4,29992
487,2020,270,4047,2940,2086,6,7201.961747,4634,10118,717,4,29992
488,2020,168,4251,3586,2087,6,6543.218856,4634,10118,717,4,29992
489,2020,174,4259,2336,2088,6,7791.030035,4634,10118,717,4,29992
490,2020,481,4709,6440,2089,6,3678.764602,4634,10118,717,4,29992
491,2020,368,4891,4839,2090,6,5285.252123,4634,10118,717,4,29992
492,2020,344,4917,4641,2092,6,5484.30652,4634,10118,717,4,29992
493,2020,613,4975,7934,2093,6,2210.460812,4634,10118,717,4,29992
494,2020,251,4990,87,2094,6,10037.31523,4634,10118,717,4,29992
495,2020,348,5043,4902,2095,6,5232.010799,4634,10118,717,4,29992
496,2020,277,5102,4856,2096,6,5282.770864,4634,10118,717,4,29992
497,2020,426,5329,5833,2097,6,4340.996429,4634,10118,717,4,29992
498,2020,797,5583,11016,2098,6,1306.524014,4634,10118,717,4,29992
499,2020,400,5639,11096,2099,6,1402.322716,4634,10118,717,4,29992
500,2020,457,5949,6332,2100,6,4007.869883,4634,10118,717,4,29992
501,2020,628,6163,13296,2101,6,3526.687539,4634,10118,717,4,29992
502,2020,219,6417,6814,2109,6,3754.398088,4634,10118,717,4,29992
503,2020,178,6491,6754,2111,6,3842.518055,4634,10118,717,4,29992
504,2020,744,6547,5774,2112,6,4746.567707,4634,10118,717,4,29992
505,2020,110,6555,6940,2113,6,3713.478827,4634,10118,717,4,29992
506,2020,297,6635,6937,2114,6,3758.026344,4634,10118,717,4,29992
507,2020,460,6782,13450,2116,6,3964.357199,4634,10118,717,4,29992
508,2020,310,6797,6608,2117,6,4122.944215,4634,10118,717,4,29992
509,2020,325,6839,6596,2118,6,4155.298906,4634,10118,717,4,29992
510,2020,373,6981,8036,2119,6,3137.37677,4634,10118,717,4,29992
511,2020,562,7075,11878,2124,6,3009.332318,4634,10118,717,4,29992
512,2020,235,7189,4162,2128,6,6480.891991,4634,10118,717,4,29992
513,2020,186,7231,6752,2130,6,4251.395653,4634,10118,717,4,29992
514,2020,116,7283,3984,2131,6,6681.553487,4634,10118,717,4,29992
515,2020,294,7867,6536,2139,6,4825.247455,4634,10118,717,4,29992
516,2020,136,7989,6980,2141,6,4593.80768,4634,10118,717,4,29992
517,2020,431,8229,6560,2142,6,5058.002471,4634,10118,717,4,29992
518,2020,771,8671,11844,2145,6,4390.494847,4634,10118,717,4,29992
519,2020,606,8805,12639,2149,6,4873.672332,4634,10118,717,4,29992
520,2020,586,8941,11341,2150,6,4477.273501,4634,10118,717,4,29992
521,2020,607,9123,10354,2151,6,4495.199328,4634,10118,717,4,29992
522,2020,658,9195,11928,2153,6,4907.017526,4634,10118,717,4,29992
523,2020,540,9353,11592,2157,6,4943.8484,4634,10118,717,4,29992
524,2020,228,9357,7022,2158,6,5647.29537,4634,10118,717,4,29992
525,2020,298,9359,11414,2159,6,4899.514364,4634,10118,717,4,29992
526,2020,544,9385,9160,2160,6,4846.624083,4634,10118,717,4,29992
527,2020,158,9513,6486,2161,6,6082.439067,4634,10118,717,4,29992
528,2020,672,9525,11804,2162,6,5173.439572,4634,10118,717,4,29992
529,2020,279,9555,6988,2163,6,5832.078617,4634,10118,717,4,29992
530,2020,294,9663,14341,2167,6,6566.930029,4634,10118,717,4,29992
531,2020,607,9723,11958,2172,6,5411.425043,4634,10118,717,4,29992
532,2020,571,9735,14296,2173,6,6593.624572,4634,10118,717,4,29992
533,2020,627,9889,8254,2176,6,5575.79779,4634,10118,717,4,29992
534,2020,301,9942,11742,2178,6,5550.877408,4634,10118,717,4,29992
535,2020,161,9975,11770,2179,6,5590.651572,4634,10118,717,4,29992
536,2020,730,10101,8450,2181,6,5715.795045,4634,10118,717,4,29992
537,2020,570,10375,7876,2186,6,6163.249549,4634,10118,717,4,29992
538,2020,156,10419,3740,2188,6,8610.755426,4634,10118,717,4,29992
539,2020,711,10477,10938,2193,6,5900.258384,4634,10118,717,4,29992
540,2020,568,10893,11079,2201,6,6332.345695,4634,10118,717,4,29992
541,2020,115,10995,2328,2202,6,10057.1577,4634,10118,717,4,29992
542,2020,500,11535,7406,2204,6,7414.765337,4634,10118,717,4,29992
543,2020,672,11997,4988,2206,6,8973.888176,4634,10118,717,4,29992
544,2020,676,12051,44,2207,6,12509.89069,4634,10118,717,4,29992
545,2020,570,12081,12,2208,6,12553.44753,4634,10118,717,4,29992
546,2020,256,12090,8002,2209,6,7750.444632,4634,10118,717,4,29992
547,2020,571,12161,140,2210,6,12498.64845,4634,10118,717,4,29992
548,2020,606,12189,108,2211,6,12541.05757,4634,10118,717,4,29992
549,2020,214,12209,3766,2212,6,9885.774072,4634,10118,717,4,29992
550,2020,258,13009,4666,2216,6,9993.244168,4634,10118,717,4,29992
551,2020,347,13116,10321,2219,6,8484.428855,4634,10118,717,4,29992
552,2020,310,13137,10242,2220,6,8503.904103,4634,10118,717,4,29992
553,2020,196,13189,10426,2222,6,8560.542565,4634,10118,717,4,29992
554,2020,387,13197,10346,2224,6,8566.034847,4634,10118,717,4,29992
555,2020,226,13239,5526,2225,6,9753.588519,4634,10118,717,4,29992
556,2020,272,13373,10417,2227,6,8744.113563,4634,10118,717,4,29992
557,2020,595,13391,10464,2229,6,8763.83278,4634,10118,717,4,29992
558,2020,604,13415,10173,2230,6,8781.172245,4634,10118,717,4,29992
559,2020,710,13551,10235,2232,6,8917.767546,4634,10118,717,4,29992
560,2020,436,13635,9978,2235,6,9002.088702,4634,10118,717,4,29992
561,2020,642,13787,9019,2236,6,9218.742322,4634,10118,717,4,29992
562,2020,217,13859,7446,2238,6,9604.176644,4634,10118,717,4,29992
563,2020,305,13891,9820,2239,6,9261.795344,4634,10118,717,4,29992
564,2020,234,14287,9518,2241,6,9671.629077,4634,10118,717,4,29992
565,2020,260,14317,8962,2242,6,9751.760098,4634,10118,717,4,29992
566,2020,168,14321,8458,2243,6,9828.202735,4634,10118,717,4,29992
567,2020,548,14432,10711,2245,6,9815.928535,4634,10118,717,4,29992
568,2020,330,14699,11944,2248,6,10229.29621,4634,10118,717,4,29992
569,2020,130,14876,7896,2253,6,10480.25992,4634,10118,717,4,29992
570,2020,344,15055,11766,2255,6,10550.50449,4634,10118,717,4,29992
571,2020,122,15113,7282,2256,6,10855.98162,4634,10118,717,4,29992
572,2020,176,15369,12358,2258,6,10966.21288,4634,10118,717,4,29992
573,2020,476,15551,12192,2260,6,11112.26192,4634,10118,717,4,29992
574,2020,203,15753,8704,2262,6,11208.54839,4634,10118,717,4,29992
575,2020,735,15889,12703,2263,6,11548.04096,4634,10118,717,4,29992
576,2020,104,15969,7722,2265,6,11585.4668,4634,10118,717,4,29992
577,2020,159,16097,8748,2267,6,11544.57747,4634,10118,717,4,29992
578,2020,347,16225,13172,2268,6,11986.58404,4634,10118,717,4,29992
579,2020,226,16357,8382,2270,6,11850.84069,4634,10118,717,4,29992
580,2020,737,16451,13616,2271,6,12323.85869,4634,10118,717,4,29992
581,2020,571,16569,9014,2272,6,11985.95182,4634,10118,717,4,29992
582,2020,651,16849,14265,2274,6,12899.76101,4634,10118,717,4,29992
583,2020,173,16881,10898,2275,6,12271.8136,4634,10118,717,4,29992
584,2020,303,16935,10966,2276,6,12330.19485,4634,10118,717,4,29992
585,2020,136,17869,14112,2277,6,13824.51666,4634,10118,717,4,29992
586,2021,528,795,7262,2278,7,13824.51666,4634,10118,717,4,29992
587,2021,639,849,7424,2280,7,13824.51666,4634,10118,717,4,29992
588,2021,676,1181,8322,2281,7,13824.51666,4634,10118,717,4,29992
589,2021,184,1285,3069,2282,7,13824.51666,4634,10118,717,4,29992
590,2021,255,2175,3301,2284,7,13824.51666,4634,10118,717,4,29992
591,2021,267,2303,2342,2285,7,13824.51666,4634,10118,717,4,29992
592,2021,239,2431,9766,2286,7,13824.51666,4634,10118,717,4,29992
593,2021,252,2587,6973,2287,7,13824.51666,4634,10118,717,4,29992
594,2021,141,2655,1458,2288,7,13824.51666,4634,10118,717,4,29992
595,2021,393,2759,1252,2290,7,13824.51666,4634,10118,717,4,29992
596,2021,173,2801,1028,2291,7,13824.51666,4634,10118,717,4,29992
597,2021,610,3029,8428,2292,7,13824.51666,4634,10118,717,4,29992
598,2021,316,3227,4346,2293,7,13824.51666,4634,10118,717,4,29992
599,2021,142,3231,1108,2294,7,13824.51666,4634,10118,717,4,29992
600,2021,292,3249,4524,2295,7,13824.51666,4634,10118,717,4,29992
601,2021,126,3553,1776,2296,7,13824.51666,4634,10118,717,4,29992
602,2021,345,3563,6202,2297,7,13824.51666,4634,10118,717,4,29992
603,2021,118,3583,4324,2298,7,13824.51666,4634,10118,717,4,29992
604,2021,440,3653,5026,2299,7,13824.51666,4634,10118,717,4,29992
605,2021,165,3745,5690,2300,7,13824.51666,4634,10118,717,4,29992
606,2021,321,3787,1528,2301,7,13824.51666,4634,10118,717,4,29992
607,2021,137,3829,6662,2302,7,13824.51666,4634,10118,717,4,29992
608,2021,240,3859,1510,2303,7,13824.51666,4634,10118,717,4,29992
609,2021,130,4045,2728,2305,7,13824.51666,4634,10118,717,4,29992
610,2021,146,4151,13302,2306,7,13824.51666,4634,10118,717,4,29992
611,2021,222,4175,13258,2307,7,13824.51666,4634,10118,717,4,29992
612,2021,245,4273,5014,2308,7,13824.51666,4634,10118,717,4,29992
613,2021,174,4535,5964,2309,7,13824.51666,4634,10118,717,4,29992
614,2021,202,4607,2352,2310,7,13824.51666,4634,10118,717,4,29992
615,2021,126,4647,2386,2311,7,13824.51666,4634,10118,717,4,29992
616,2021,440,4717,6137,2312,7,13824.51666,4634,10118,717,4,29992
617,2021,676,4798,10790,2314,7,13824.51666,4634,10118,717,4,29992
618,2021,334,4891,4364,2315,7,13824.51666,4634,10118,717,4,29992
619,2021,122,4955,10794,2316,7,13824.51666,4634,10118,717,4,29992
620,2021,392,5027,10867,2317,7,13824.51666,4634,10118,717,4,29992
621,2021,222,5055,5734,2318,7,13824.51666,4634,10118,717,4,29992
622,2021,188,5061,4964,2319,7,13824.51666,4634,10118,717,4,29992
623,2021,218,5119,4969,2320,7,13824.51666,4634,10118,717,4,29992
624,2021,139,5123,5018,2321,7,13824.51666,4634,10118,717,4,29992
625,2021,325,5135,4884,2322,7,13824.51666,4634,10118,717,4,29992
626,2021,294,5249,4356,2323,7,13824.51666,4634,10118,717,4,29992
627,2021,360,5359,3204,2324,7,13824.51666,4634,10118,717,4,29992
628,2021,350,5453,6201,2325,7,13824.51666,4634,10118,717,4,29992
629,2021,381,5459,10518,2326,7,13824.51666,4634,10118,717,4,29992
630,2021,547,5533,6006,2327,7,13824.51666,4634,10118,717,4,29992
631,2021,453,5639,6402,2328,7,13824.51666,4634,10118,717,4,29992
632,2021,307,5647,5930,2329,7,13824.51666,4634,10118,717,4,29992
633,2021,414,5794,6245,2330,7,13824.51666,4634,10118,717,4,29992
634,2021,137,5934,4810,2331,7,13824.51666,4634,10118,717,4,29992
635,2021,156,5939,6468,2332,7,13824.51666,4634,10118,717,4,29992
636,2021,250,5973,6102,2333,7,13824.51666,4634,10118,717,4,29992
637,2021,198,6007,6190,2334,7,13824.51666,4634,10118,717,4,29992
638,2021,382,6029,6238,2336,7,13824.51666,4634,10118,717,4,29992
639,2021,340,6068,6381,2338,7,13824.51666,4634,10118,717,4,29992
640,2021,266,6255,3292,2340,7,13824.51666,4634,10118,717,4,29992
641,2021,569,6441,9234,2343,7,13824.51666,4634,10118,717,4,29992
642,2021,346,6733,7161,2345,7,13824.51666,4634,10118,717,4,29992
643,2021,296,7009,5214,2346,7,13824.51666,4634,10118,717,4,29992
644,2021,263,7067,6240,2347,7,13824.51666,4634,10118,717,4,29992
645,2021,184,7093,6264,2348,7,13824.51666,4634,10118,717,4,29992
646,2021,117,7123,7570,2349,7,13824.51666,4634,10118,717,4,29992
647,2021,264,7161,7568,2350,7,13824.51666,4634,10118,717,4,29992
648,2021,212,7173,7502,2351,7,13824.51666,4634,10118,717,4,29992
649,2021,253,7237,7164,2352,7,13824.51666,4634,10118,717,4,29992
650,2021,197,7328,6360,2353,7,13824.51666,4634,10118,717,4,29992
651,2021,257,7633,12875,2355,7,13824.51666,4634,10118,717,4,29992
652,2021,143,7697,6984,2356,7,13824.51666,4634,10118,717,4,29992
653,2021,102,7943,8699,2358,7,13824.51666,4634,10118,717,4,29992
654,2021,164,8001,6942,2359,7,13824.51666,4634,10118,717,4,29992
655,2021,258,8033,6962,2360,7,13824.51666,4634,10118,717,4,29992
656,2021,198,8045,6995,2361,7,13824.51666,4634,10118,717,4,29992
657,2021,114,8049,6874,2362,7,13824.51666,4634,10118,717,4,29992
658,2021,126,8113,7160,2363,7,13824.51666,4634,10118,717,4,29992
659,2021,188,8125,7104,2364,7,13824.51666,4634,10118,717,4,29992
660,2021,182,8193,7014,2365,7,13824.51666,4634,10118,717,4,29992
661,2021,154,8223,6900,2366,7,13824.51666,4634,10118,717,4,29992
662,2021,241,8393,7080,2367,7,13824.51666,4634,10118,717,4,29992
663,2021,254,8511,7094,2368,7,13824.51666,4634,10118,717,4,29992
664,2021,364,8609,7602,2369,7,13824.51666,4634,10118,717,4,29992
665,2021,353,8795,6170,2371,7,13824.51666,4634,10118,717,4,29992
666,2021,285,8875,6209,2372,7,13824.51666,4634,10118,717,4,29992
667,2021,599,9065,7352,2373,7,13824.51666,4634,10118,717,4,29992
668,2021,228,9079,7242,2375,7,13824.51666,4634,10118,717,4,29992
669,2021,159,9157,7322,2376,7,13824.51666,4634,10118,717,4,29992
670,2021,154,9189,6644,2377,7,13824.51666,4634,10118,717,4,29992
671,2021,166,9275,7138,2379,7,13824.51666,4634,10118,717,4,29992
672,2021,256,9487,6582,2381,7,13824.51666,4634,10118,717,4,29992
673,2021,203,9493,1874,2382,7,13824.51666,4634,10118,717,4,29992
674,2021,307,9493,6335,2383,7,13824.51666,4634,10118,717,4,29992
675,2021,174,9515,7442,2384,7,13824.51666,4634,10118,717,4,29992
676,2021,345,9553,6560,2385,7,13824.51666,4634,10118,717,4,29992
677,2021,203,9835,14336,2388,7,13824.51666,4634,10118,717,4,29992
678,2021,248,9875,2864,2389,7,13824.51666,4634,10118,717,4,29992
679,2021,178,9889,2082,2390,7,13824.51666,4634,10118,717,4,29992
680,2021,324,9915,2144,2391,7,13824.51666,4634,10118,717,4,29992
681,2021,656,10003,14390,2392,7,13824.51666,4634,10118,717,4,29992
682,2021,704,10174,10408,2393,7,13824.51666,4634,10118,717,4,29992
683,2021,176,10209,7760,2394,7,13824.51666,4634,10118,717,4,29992
684,2021,424,10427,8720,2395,7,13824.51666,4634,10118,717,4,29992
685,2021,126,10427,9788,2396,7,13824.51666,4634,10118,717,4,29992
686,2021,685,10671,14794,2399,7,13824.51666,4634,10118,717,4,29992
687,2021,270,10913,1906,2401,7,13824.51666,4634,10118,717,4,29992
688,2021,227,11039,14970,2402,7,13824.51666,4634,10118,717,4,29992
689,2021,148,11123,1979,2403,7,13824.51666,4634,10118,717,4,29992
690,2021,180,11915,5338,2404,7,13824.51666,4634,10118,717,4,29992
691,2021,166,11915,7804,2405,7,13824.51666,4634,10118,717,4,29992
692,2021,776,12107,8809,2406,7,13824.51666,4634,10118,717,4,29992
693,2021,186,12165,6364,2407,7,13824.51666,4634,10118,717,4,29992
694,2021,323,12183,4760,2408,7,13824.51666,4634,10118,717,4,29992
695,2021,158,12543,6711,2409,7,13824.51666,4634,10118,717,4,29992
696,2021,202,12803,6772,2410,7,13824.51666,4634,10118,717,4,29992
697,2021,210,13105,5504,2411,7,13824.51666,4634,10118,717,4,29992
698,2021,318,13119,5730,2412,7,13824.51666,4634,10118,717,4,29992
699,2021,291,13365,5198,2413,7,13824.51666,4634,10118,717,4,29992
700,2021,701,13429,10582,2414,7,13824.51666,4634,10118,717,4,29992
701,2021,228,13495,6552,2415,7,13824.51666,4634,10118,717,4,29992
702,2021,121,14417,8096,2416,7,13824.51666,4634,10118,717,4,29992
703,2021,259,14439,6610,2417,7,13824.51666,4634,10118,717,4,29992
704,2021,118,14491,8658,2418,7,13824.51666,4634,10118,717,4,29992
705,2021,260,14493,8132,2419,7,13824.51666,4634,10118,717,4,29992
706,2021,152,14727,8346,2420,7,13824.51666,4634,10118,717,4,29992
707,2021,162,14771,7092,2421,7,13824.51666,4634,10118,717,4,29992
708,2021,134,14783,8312,2422,7,13824.51666,4634,10118,717,4,29992
709,2021,120,14835,8288,2424,7,13824.51666,4634,10118,717,4,29992
710,2021,239,14925,7385,2426,7,13824.51666,4634,10118,717,4,29992
711,2021,234,14943,7161,2427,7,13824.51666,4634,10118,717,4,29992
712,2021,169,14981,7148,2428,7,13824.51666,4634,10118,717,4,29992
713,2021,695,15007,9696,2430,7,13824.51666,4634,10118,717,4,29992
714,2021,698,15163,10799,2433,7,13824.51666,4634,10118,717,4,29992
715,2021,224,15173,7222,2434,7,13824.51666,4634,10118,717,4,29992
716,2021,118,15251,7222,2435,7,13824.51666,4634,10118,717,4,29992
717,2021,355,15257,12302,2436,7,13824.51666,4634,10118,717,4,29992
718,2021,335,15265,8210,2437,7,13824.51666,4634,10118,717,4,29992
719,2021,196,15303,7094,2438,7,13824.51666,4634,10118,717,4,29992
720,2021,216,15349,7096,2439,7,13824.51666,4634,10118,717,4,29992
721,2021,187,15365,7200,2440,7,13824.51666,4634,10118,717,4,29992
722,2021,230,15591,8248,2443,7,13824.51666,4634,10118,717,4,29992
723,2021,328,15921,8363,2449,7,13824.51666,4634,10118,717,4,29992
724,2021,199,15931,8927,2450,7,13824.51666,4634,10118,717,4,29992
725,2021,118,16421,5696,2455,7,13824.51666,4634,10118,717,4,29992
726,2021,102,16445,5722,2456,7,13824.51666,4634,10118,717,4,29992
