image_column,date,date_precision,year,n_nonmissing_size,n_nonmissing_x,n_nonmissing_y
./mask/201408ddyw.tif,2014-08,month,2014,568,568,568
./mask/201508ddyw.tif,2015-08,month,2015,845,845,845
./mask/20151017sp.tif,2015-10-17,day,2015,364,364,364
./mask/20160907.tif,2016-09-07,day,2016,365,365,365
./mask/20161025.tif,2016-10-25,day,2016,449,449,449
./mask/20170714.tif,2017-07-14,day,2017,327,327,327
./mask/20170728.tif,2017-07-28,day,2017,328,328,328
./mask/20171002.tif,2017-10-02,day,2017,211,211,211
./mask/20180729.tif,2018-07-29,day,2018,326,326,326
./mask/20180828.tif,2018-08-28,day,2018,414,414,414
./mask/20180926.tif,2018-09-26,day,2018,340,340,340
./mask/20190828.tif,2019-08-28,day,2019,296,296,296
./mask/20190923.tif,2019-09-23,day,2019,307,307,307
./mask/20200727.tif,2020-07-27,day,2020,319,319,319
./mask/20210717.tif,2021-07-17,day,2021,287,287,287
