Patch,clone,sampled_ramets
Black,220,101
Black,221,6
Black,222,1
Black,223,1
Black,224,2
Blue,2,5
Blue,3,6
Blue,4,1
Blue,5,8
Blue,6,1
Blue,7,1
Blue,8,8
Blue,9,2
Blue,10,1
Blue,11,4
Blue,12,1
Blue,13,1
Blue,14,2
Blue,15,1
Blue,16,1
Blue,17,2
Blue,18,3
Blue,19,1
Blue,20,1
Blue,21,1
Blue,22,1
Blue,23,3
Blue,24,1
Blue,25,3
Blue,26,6
Blue,27,2
Blue,28,1
Blue,29,2
Blue,30,1
Brown,211,2
Brown,212,2
Brown,213,7
Brown,214,25
Brown,215,26
Brown,216,6
Brown,217,5
Brown,218,23
Brown,219,3
Gray,31,10
Gray,32,1
Gray,33,19
Gray,34,1
Gray,35,1
Gray,36,4
Gray,37,2
Gray,38,1
Gray,39,1
Gray,40,2
Gray,41,1
Gray,42,3
Gray,43,1
Gray,44,1
Gray,45,1
Gray,46,12
Gray,47,1
Gray,48,1
Gray,49,1
Gray,50,2
Gray,51,17
Gray,52,3
Gray,53,1
Gray,54,1
Gray,55,1
Gray,56,1
Green,151,1
Green,152,1
Green,153,1
Green,154,1
Green,155,4
Green,156,13
Green,157,1
Green,158,1
Green,159,3
Green,160,1
Green,161,1
Green,162,3
Green,163,2
Green,164,1
Green,165,8
Green,166,7
Green,167,1
Green,168,1
Green,169,1
Green,170,1
Green,171,4
Green,172,1
Green,173,1
Green,174,4
Green,175,1
Green,176,1
Green,177,1
Green,178,2
Green,179,2
Green,180,5
Green,181,1
Green,182,1
Green,183,4
Green,184,1
Green,185,9
Green,186,1
Green,187,1
Green,188,1
Green,189,1
Green,190,2
Green,191,3
Green,192,1
Green,193,1
Green,194,1
Green,195,1
Orange,106,2
Orange,107,8
Orange,108,6
Orange,109,5
Orange,110,20
Orange,111,2
Orange,112,8
Orange,113,1
Orange,114,4
Orange,115,1
Orange,116,1
Orange,117,3
Orange,118,1
Orange,119,1
Orange,120,4
Orange,121,1
Orange,122,1
Orange,123,2
Orange,124,2
Orange,125,1
Orange,126,3
Orange,127,3
Orange,128,1
Orange,129,1
Orange,130,1
Orange,131,1
Pink,57,13
Pink,58,1
Pink,59,3
Pink,60,1
Pink,61,1
Pink,62,1
Pink,63,2
Pink,64,1
Pink,65,1
Pink,66,1
Pink,67,2
Pink,68,3
Pink,69,3
Pink,70,1
Pink,71,4
Pink,72,1
Pink,73,2
Pink,74,1
Pink,75,1
Pink,76,1
Pink,77,1
Pink,78,2
Pink,79,1
Pink,80,1
Pink,81,1
Pink,82,1
Pink,83,2
Pink,84,1
Pink,85,1
Purple,86,1
Purple,87,2
Purple,88,1
Purple,89,19
Purple,90,1
Purple,91,26
Purple,92,1
Purple,93,1
Purple,94,1
Purple,95,3
Purple,96,2
Purple,97,1
Purple,98,1
Purple,99,10
Purple,100,1
Purple,101,1
Purple,102,5
Purple,103,1
Purple,104,6
Purple,105,3
Red,132,4
Red,133,8
Red,134,15
Red,135,5
Red,136,1
Red,137,37
Red,138,5
Red,139,15
Red,140,47
Red,141,6
Red,142,1
Red,143,1
Red,144,1
Red,145,1
Red,146,1
Red,147,9
Red,148,1
Red,149,1
Red,150,1
Yellow,110,5
Yellow,196,23
Yellow,197,4
Yellow,198,17
Yellow,199,3
Yellow,200,3
Yellow,201,5
Yellow,202,1
Yellow,203,1
Yellow,204,1
Yellow,205,6
Yellow,206,1
Yellow,207,1
Yellow,208,1
Yellow,209,1
Yellow,210,1
