patch,sampled_stems,lineages,richness,largest_lineage_fraction,same_lineage_random_pair_probability
Black,111,5,0.03636363636363636,0.9099099099099099,0.8298116298116298
Blue,71,29,0.4,0.11267605633802817,0.04668008048289739
Brown,99,9,0.08163265306122448,0.26262626262626265,0.19150690579262009
Gray,90,26,0.2808988764044944,0.2111111111111111,0.10811485642946317
Green,104,45,0.42718446601941745,0.125,0.039208364451082896
Orange,84,26,0.30120481927710846,0.23809523809523808,0.08491107286288009
Pink,55,29,0.5185185185185185,0.23636363636363636,0.06599326599326599
Purple,87,20,0.22093023255813954,0.2988505747126437,0.15343491045175087
Red,160,19,0.11320754716981132,0.29375,0.1621069182389937
Yellow,74,16,0.2054794520547945,0.3108108108108108,0.161421695668271
