case_id,source_image,target_image,reviewer,source_patch_visible,target_patch_visible,alignment_problem,fill_or_coverage_problem,possible_merge,possible_split,identity_confidence,notes
case_001,201408ddyw.tif,201508ddyw.tif,,,,,,,,,
case_002,201408ddyw.tif,201508ddyw.tif,,,,,,,,,
case_003,201408ddyw.tif,201508ddyw.tif,,,,,,,,,
case_004,201408ddyw.tif,201508ddyw.tif,,,,,,,,,
case_005,201508ddyw.tif,20151017sp.tif,,,,,,,,,
case_006,201508ddyw.tif,20151017sp.tif,,,,,,,,,
case_007,201508ddyw.tif,20151017sp.tif,,,,,,,,,
case_008,201508ddyw.tif,20151017sp.tif,,,,,,,,,
case_009,20151017sp.tif,20160907.tif,,,,,,,,,
case_010,20151017sp.tif,20160907.tif,,,,,,,,,
case_011,20151017sp.tif,20160907.tif,,,,,,,,,
case_012,20151017sp.tif,20160907.tif,,,,,,,,,
case_013,20151017sp.tif,20160907.tif,,,,,,,,,
case_014,20151017sp.tif,20160907.tif,,,,,,,,,
case_015,20151017sp.tif,20160907.tif,,,,,,,,,
case_016,20151017sp.tif,20160907.tif,,,,,,,,,
case_017,20160907.tif,20161025.tif,,,,,,,,,
case_018,20160907.tif,20161025.tif,,,,,,,,,
case_019,20160907.tif,20161025.tif,,,,,,,,,
case_020,20160907.tif,20161025.tif,,,,,,,,,
case_021,20161025.tif,20170714.tif,,,,,,,,,
case_022,20161025.tif,20170714.tif,,,,,,,,,
case_023,20161025.tif,20170714.tif,,,,,,,,,
case_024,20161025.tif,20170714.tif,,,,,,,,,
case_025,20170714.tif,20170728.tif,,,,,,,,,
case_026,20170714.tif,20170728.tif,,,,,,,,,
case_027,20170714.tif,20170728.tif,,,,,,,,,
case_028,20170714.tif,20170728.tif,,,,,,,,,
case_029,20170728.tif,20171002.tif,,,,,,,,,
case_030,20170728.tif,20171002.tif,,,,,,,,,
case_031,20170728.tif,20171002.tif,,,,,,,,,
case_032,20170728.tif,20171002.tif,,,,,,,,,
case_033,20171002.tif,20180729.tif,,,,,,,,,
case_034,20171002.tif,20180729.tif,,,,,,,,,
case_035,20171002.tif,20180729.tif,,,,,,,,,
case_036,20171002.tif,20180729.tif,,,,,,,,,
case_037,20180729.tif,20180828.tif,,,,,,,,,
case_038,20180729.tif,20180828.tif,,,,,,,,,
case_039,20180729.tif,20180828.tif,,,,,,,,,
case_040,20180729.tif,20180828.tif,,,,,,,,,
case_041,20180729.tif,20180828.tif,,,,,,,,,
case_042,20180828.tif,20180926.tif,,,,,,,,,
case_043,20180828.tif,20180926.tif,,,,,,,,,
case_044,20180828.tif,20180926.tif,,,,,,,,,
case_045,20180828.tif,20180926.tif,,,,,,,,,
case_046,20180926.tif,20190828.tif,,,,,,,,,
case_047,20180926.tif,20190828.tif,,,,,,,,,
case_048,20180926.tif,20190828.tif,,,,,,,,,
case_049,20180926.tif,20190828.tif,,,,,,,,,
case_050,20190828.tif,20190923.tif,,,,,,,,,
case_051,20190828.tif,20190923.tif,,,,,,,,,
case_052,20190828.tif,20190923.tif,,,,,,,,,
case_053,20190828.tif,20190923.tif,,,,,,,,,
case_054,20190923.tif,20200727.tif,,,,,,,,,
case_055,20190923.tif,20200727.tif,,,,,,,,,
case_056,20190923.tif,20200727.tif,,,,,,,,,
case_057,20190923.tif,20200727.tif,,,,,,,,,
case_058,20200727.tif,20210717.tif,,,,,,,,,
case_059,20200727.tif,20210717.tif,,,,,,,,,
case_060,20200727.tif,20210717.tif,,,,,,,,,
case_061,20200727.tif,20210717.tif,,,,,,,,,
