source_image,target_image,source_row,source_component,archived_next_row_present,archived_target_component,candidate_target_components,candidate_successors,category,target_rgb_extreme_fraction_at_source,source_col,source_top,width,height,source_area,case_id,window_col,window_row,window_side_pixels
201408ddyw.tif,201508ddyw.tif,110,151.0,True,100.0,,0,continued_row_without_overlap,0.0,14554,7522,84.0,77.0,4969.0,case_001,14340,7304,512
201408ddyw.tif,201508ddyw.tif,426,567.0,False,,761,1,row_absent_but_mask_overlap,0.0,13508,14417,66.0,57.0,2865.0,case_002,13285,14189,512
201408ddyw.tif,201508ddyw.tif,474,639.0,True,868.0,868,1,continued_row_with_overlap,0.0,16784,16335,126.0,126.0,11894.0,case_003,16591,16142,512
201408ddyw.tif,201508ddyw.tif,556,766.0,False,,,0,row_absent_no_mask_overlap,0.0,19020,20481,52.0,50.0,1809.0,case_004,18790,20250,512
201508ddyw.tif,20151017sp.tif,769,336.0,True,161.0,161,1,continued_row_with_overlap,0.0,18954,9586,67.0,69.0,3558.0,case_005,18731,9364,512
201508ddyw.tif,20151017sp.tif,812,405.0,True,202.0,,0,continued_row_without_overlap,0.0,17442,10493,30.0,29.0,643.0,case_006,17201,10251,512
201508ddyw.tif,20151017sp.tif,905,536.0,False,,294;296,2,row_absent_but_mask_overlap,0.0,14412,11911,86.0,83.0,5446.0,case_007,14199,11696,512
201508ddyw.tif,20151017sp.tif,1184,934.0,False,,,0,row_absent_no_mask_overlap,0.0,14252,17263,30.0,30.0,692.0,case_008,14011,17022,512
20151017sp.tif,20160907.tif,684,83.0,True,49.0,49,1,continued_row_with_overlap,0.0,18040,8185,38.0,32.0,981.0,case_009,17803,7945,512
20151017sp.tif,20160907.tif,706,105.0,False,,,0,row_absent_no_mask_overlap,1.0,20278,8486,68.0,75.0,3676.0,case_010,20056,8267,512
20151017sp.tif,20160907.tif,736,134.0,False,,,0,row_absent_no_mask_overlap,1.0,20335,9087,56.0,52.0,2182.0,case_011,20107,8857,512
20151017sp.tif,20160907.tif,799,186.0,False,,,0,row_absent_no_mask_overlap,1.0,19488,10047,88.0,84.0,5276.0,case_012,19276,9833,512
20151017sp.tif,20160907.tif,874,258.0,False,,,0,row_absent_no_mask_overlap,1.0,16629,11529,55.0,49.0,2060.0,case_013,16400,11297,512
20151017sp.tif,20160907.tif,908,292.0,False,,,0,row_absent_no_mask_overlap,1.0,16609,11937,57.0,54.0,2357.0,case_014,16381,11708,512
20151017sp.tif,20160907.tif,914,297.0,False,,159,1,row_absent_but_mask_overlap,0.0,21148,11983,66.0,59.0,2709.0,case_015,20925,11756,512
20151017sp.tif,20160907.tif,1223,491.0,True,399.0,,0,continued_row_without_overlap,0.0,16998,18055,28.0,36.0,727.0,case_016,16756,17817,512
20160907.tif,20161025.tif,1331,365.0,True,571.0,,0,continued_row_without_overlap,0.0,15270,17389,108.0,104.0,8509.0,case_017,15068,17185,512
20160907.tif,20161025.tif,1352,22.0,True,27.0,27,1,continued_row_with_overlap,0.0,14152,7297,254.0,276.0,50284.0,case_018,14023,7179,512
20160907.tif,20161025.tif,1393,121.0,False,,200,1,row_absent_but_mask_overlap,0.0,17714,10706,86.0,83.0,5562.0,case_019,17501,10491,512
20160907.tif,20161025.tif,1544,392.0,False,,,0,row_absent_no_mask_overlap,0.0,14678,17975,86.0,92.0,6220.0,case_020,14465,17765,512
20161025.tif,20170714.tif,1007,365.0,False,,,0,row_absent_no_mask_overlap,0.0,15742,13373,86.0,90.0,5665.0,case_021,15529,13162,512
20161025.tif,20170714.tif,1096,483.0,True,332.0,,0,continued_row_without_overlap,0.0,15570,15050,113.0,115.0,10269.0,case_022,15370,14851,512
20161025.tif,20170714.tif,1383,161.0,True,96.0,96,1,continued_row_with_overlap,0.0,21566,9747,92.0,72.0,5156.0,case_023,21356,9527,512
20161025.tif,20170714.tif,1636,279.0,False,,188,1,row_absent_but_mask_overlap,0.0,16098,12038,82.0,87.0,5224.0,case_024,15883,11825,512
20170714.tif,20170728.tif,1002,240.0,False,,244,1,row_absent_but_mask_overlap,0.0,18010,13327,124.0,132.0,12752.0,case_025,17816,13137,512
20170714.tif,20170728.tif,1169,383.0,False,,,0,row_absent_no_mask_overlap,0.0,17666,16899,148.0,138.0,15588.0,case_026,17484,16712,512
20170714.tif,20170728.tif,1613,114.0,True,126.0,126,1,continued_row_with_overlap,0.0,20314,10126,128.0,147.0,13808.0,case_027,20122,9943,512
20170714.tif,20170728.tif,1674,314.0,True,312.0,,0,continued_row_without_overlap,0.0,16558,14637,96.0,100.0,7073.0,case_028,16350,14431,512
20170728.tif,20171002.tif,1463,285.0,True,168.0,168,1,continued_row_with_overlap,0.0,19330,13842,114.0,115.0,9770.0,case_029,19131,13643,512
20170728.tif,20171002.tif,1842,454.0,True,300.0,,0,continued_row_without_overlap,0.0,21965,18725,25.0,24.0,406.0,case_030,21721,18481,512
20170728.tif,20171002.tif,1954,461.0,False,,311,1,row_absent_but_mask_overlap,0.0,17146,18925,168.0,146.0,17492.0,case_031,16974,18742,512
20170728.tif,20171002.tif,1963,483.0,False,,,0,row_absent_no_mask_overlap,0.0,20714,20974,34.0,29.0,668.0,case_032,20475,20732,512
20171002.tif,20180729.tif,1547,278.0,False,,384,1,row_absent_but_mask_overlap,0.0,18306,17961,80.0,72.0,4282.0,case_033,18090,17741,512
20171002.tif,20180729.tif,1822,241.0,True,326.0,326,1,continued_row_with_overlap,0.0,19314,16757,50.0,46.0,1689.0,case_034,19083,16524,512
20171002.tif,20180729.tif,1853,327.0,True,429.0,,0,continued_row_without_overlap,0.0,18970,19567,64.0,66.0,3226.0,case_035,18746,19344,512
20171002.tif,20180729.tif,1973,50.0,False,,,0,row_absent_no_mask_overlap,0.0,22942,9229,14.0,12.0,116.0,case_036,22693,8979,512
20180729.tif,20180828.tif,2051,,False,,,0,source_bbox_unresolved,,15048,8805,,,,case_037,14842,8599,512
20180729.tif,20180828.tif,2136,176.0,True,247.0,,0,continued_row_without_overlap,0.0,21114,11799,40.0,40.0,1255.0,case_038,20878,11563,512
20180729.tif,20180828.tif,2268,371.0,False,,456,1,row_absent_but_mask_overlap,0.0,17526,17531,32.0,32.0,853.0,case_039,17286,17291,512
20180729.tif,20180828.tif,2286,393.0,True,491.0,491,1,continued_row_with_overlap,0.0,17716,18283,64.0,68.0,3471.0,case_040,17492,18061,512
20180729.tif,20180828.tif,2312,432.0,False,,,0,row_absent_no_mask_overlap,0.0,18632,19727,30.0,24.0,544.0,case_041,18391,19483,512
20180828.tif,20180926.tif,2086,156.0,False,,114,1,row_absent_but_mask_overlap,0.0,19434,10018,248.0,235.0,42444.0,case_042,19302,9879,512
20180828.tif,20180926.tif,2123,229.0,True,170.0,170,1,continued_row_with_overlap,0.0,21210,11446,138.0,157.0,14902.0,case_043,21023,11268,512
20180828.tif,20180926.tif,2178,313.0,True,248.0,,0,continued_row_without_overlap,0.0,17576,14527,53.0,59.0,2498.0,case_044,17346,14300,512
20180828.tif,20180926.tif,2358,140.0,False,,,0,row_absent_no_mask_overlap,0.0,16122,9739,20.0,19.0,249.0,case_045,15876,9492,512
20180926.tif,20190828.tif,1955,420.0,True,431.0,431,1,continued_row_with_overlap,0.0,21902,18993,81.0,80.0,4888.0,case_046,21686,18777,512
20180926.tif,20190828.tif,1991,342.0,True,335.0,,0,continued_row_without_overlap,0.0,20046,17013,33.0,38.0,944.0,case_047,19806,16776,512
20180926.tif,20190828.tif,2163,226.0,False,,238;240,2,row_absent_but_mask_overlap,0.0,19845,13809,165.0,173.0,21821.0,case_048,19671,13639,512
20180926.tif,20190828.tif,2260,361.0,False,,,0,row_absent_no_mask_overlap,0.0,17148,17387,43.0,44.0,1311.0,case_049,16913,17153,512
20190828.tif,20190923.tif,2577,165.0,True,223.0,,0,continued_row_without_overlap,0.0,20577,11351,32.0,30.0,658.0,case_050,20337,11110,512
20190828.tif,20190923.tif,2578,171.0,True,230.0,230,1,continued_row_with_overlap,0.0,20832,11535,46.0,55.0,1796.0,case_051,20599,11306,512
20190828.tif,20190923.tif,2617,253.0,False,,321,1,row_absent_but_mask_overlap,0.0,18246,14214,36.0,31.0,848.0,case_052,18008,13973,512
20190828.tif,20190923.tif,2671,337.0,False,,,0,row_absent_no_mask_overlap,0.0,19096,17045,68.0,70.0,3182.0,case_053,18874,16824,512
20190923.tif,20200727.tif,2350,102.0,True,103.0,,0,continued_row_without_overlap,0.0,14930,9001,28.0,30.0,598.0,case_054,14688,8760,512
20190923.tif,20200727.tif,2695,425.0,False,,423,1,row_absent_but_mask_overlap,0.0,19984,17641,44.0,43.0,1396.0,case_055,19750,17406,512
20190923.tif,20200727.tif,2729,489.0,True,503.0,503,1,continued_row_with_overlap,0.0,19978,20571,86.0,90.0,5800.0,case_056,19765,20360,512
20190923.tif,20200727.tif,2825,411.0,False,,,0,row_absent_no_mask_overlap,0.0,11510,17361,26.0,24.0,476.0,case_057,11267,17117,512
20200727.tif,20210717.tif,2757,35.0,False,,,0,row_absent_no_mask_overlap,0.0,10113,7019,31.0,34.0,788.0,case_058,9872,6780,512
20200727.tif,20210717.tif,2858,36.0,False,,36,1,row_absent_but_mask_overlap,0.0,10724,7029,32.0,30.0,720.0,case_059,10484,6788,512
20200727.tif,20210717.tif,2946,292.0,True,323.0,323,1,continued_row_with_overlap,0.0,19943,13571,55.0,48.0,1980.0,case_060,19714,13339,512
20200727.tif,20210717.tif,2979,351.0,True,366.0,,0,continued_row_without_overlap,0.0,20551,14775,31.0,35.0,871.0,case_061,20310,14536,512
