image,width,height,image_crs,mask_crs,image_transform,mask_transform,pixel_width_degrees,pixel_height_degrees,foreground_pixels,foreground_fraction,mask_values,foreground_bbox_colrow,sampled_rgb_nonblack_fraction,sampled_foreground_on_black_fraction,archived_patch_count,x_as_column_foreground_fraction,x_as_column_in_bounds_n,x_as_row_foreground_fraction,x_as_row_in_bounds_n
201408ddyw.tif,26606,24443,EPSG:4326,None,"(1.0799999999998918e-06, 0.0, 117.404195622047, 0.0, -9.8000000000003e-07, 23.9374309174132)","(1.0, 0.0, 0.0, 0.0, 1.0, 0.0)",1.0799999999998918e-06,9.8000000000003e-07,2115051,0.003252271170728405,"[0, 255]","[6210, 2077, 24950, 22415]",0.652820991847826,0.0005254860746190226,568,0.0035211267605633804,568,0.0017605633802816902,568
201508ddyw.tif,26606,24443,EPSG:4326,None,"(1.0799999999998918e-06, 0.0, 117.404195622047, 0.0, -9.8000000000003e-07, 23.9374309174132)","(1.0, 0.0, 0.0, 0.0, 1.0, 0.0)",1.0799999999998918e-06,9.8000000000003e-07,3245139,0.004989984645621504,"[0, 255]","[6678, 2043, 24450, 22101]",0.6559510869565217,0.0,845,0.0035502958579881655,845,0.0,845
20151017sp.tif,26606,24443,EPSG:4326,None,"(1.0799999999998918e-06, 0.0, 117.404195622047, 0.0, -9.8000000000003e-07, 23.9374309174132)","(1.0, 0.0, 0.0, 0.0, 1.0, 0.0)",1.0799999999998918e-06,9.8000000000003e-07,1559921,0.002398658990688085,"[0, 255]","[4466, 2067, 25396, 22713]",0.7347826086956522,0.0,364,0.0,364,0.0,364
20160907.tif,26606,24443,EPSG:4326,None,"(1.0799999999998918e-06, 0.0, 117.404195622047, 0.0, -9.8000000000003e-07, 23.9374309174132)","(1.0, 0.0, 0.0, 0.0, 1.0, 0.0)",1.0799999999998918e-06,9.8000000000003e-07,3343940,0.005141908946236068,"[0, 255]","[7366, 2309, 21818, 20487]",0.42210427989130433,0.0,365,0.005479452054794521,365,0.0,365
20161025.tif,26606,24443,EPSG:4326,None,"(1.0799999999998918e-06, 0.0, 117.404195622047, 0.0, -9.8000000000003e-07, 23.9374309174132)","(1.0, 0.0, 0.0, 0.0, 1.0, 0.0)",1.0799999999998918e-06,9.8000000000003e-07,4119185,0.006333987512545506,"[0, 255]","[1550, 2013, 25536, 23439]",0.7593546195652174,0.0,449,0.0022271714922048997,449,0.0022271714922048997,449
20170714.tif,26606,24443,EPSG:4326,None,"(1.0799999999998918e-06, 0.0, 117.404195622047, 0.0, -9.8000000000003e-07, 23.9374309174132)","(1.0, 0.0, 0.0, 0.0, 1.0, 0.0)",1.0799999999998918e-06,9.8000000000003e-07,3620762,0.005567572540174644,"[0, 255]","[5150, 1911, 25767, 23356]",0.5988383152173913,0.0021296014602981443,327,0.0061162079510703364,327,0.0,327
20170728.tif,26606,24443,EPSG:4326,None,"(1.0799999999998918e-06, 0.0, 117.404195622047, 0.0, -9.8000000000003e-07, 23.9374309174132)","(1.0, 0.0, 0.0, 0.0, 1.0, 0.0)",1.0799999999998918e-06,9.8000000000003e-07,3479359,0.005350140005283283,"[0, 255]","[2714, 1843, 25536, 21453]",0.5806759510869566,0.0,328,0.0,328,0.0,328
20171002.tif,26606,24443,EPSG:4326,None,"(1.0799999999998918e-06, 0.0, 117.404195622047, 0.0, -9.8000000000003e-07, 23.9374309174132)","(1.0, 0.0, 0.0, 0.0, 1.0, 0.0)",1.0799999999998918e-06,9.8000000000003e-07,2274611,0.003497623357508499,"[0, 255]","[7726, 1831, 25366, 20683]",0.5830129076086956,0.0,211,0.0,211,0.0,211
20180729.tif,26606,24443,EPSG:4326,None,"(1.0799999999998918e-06, 0.0, 117.404195622047, 0.0, -9.8000000000003e-07, 23.9374309174132)","(1.0, 0.0, 0.0, 0.0, 1.0, 0.0)",1.0799999999998918e-06,9.8000000000003e-07,1749542,0.0026902353695388505,"[0, 255]","[5892, 2025, 25520, 22561]",0.5260461956521739,0.0,326,0.0,326,0.0,326
20180828.tif,26606,24443,EPSG:4326,None,"(1.0799999999998918e-06, 0.0, 117.404195622047, 0.0, -9.8000000000003e-07, 23.9374309174132)","(1.0, 0.0, 0.0, 0.0, 1.0, 0.0)",1.0799999999998918e-06,9.8000000000003e-07,2165560,0.003329937839079344,"[0, 255]","[2194, 2079, 25484, 22535]",0.5337381114130435,0.0,414,0.0,414,0.0,414
20180926.tif,26606,24443,EPSG:4326,None,"(1.0799999999998918e-06, 0.0, 117.404195622047, 0.0, -9.8000000000003e-07, 23.9374309174132)","(1.0, 0.0, 0.0, 0.0, 1.0, 0.0)",1.0799999999998918e-06,9.8000000000003e-07,1809862,0.0027829882142779787,"[0, 255]","[2704, 2153, 24106, 21141]",0.43894361413043476,0.0,340,0.0,340,0.0,340
20190828.tif,26606,24443,EPSG:4326,None,"(1.0799999999998918e-06, 0.0, 117.404195622047, 0.0, -9.8000000000003e-07, 23.9374309174132)","(1.0, 0.0, 0.0, 0.0, 1.0, 0.0)",1.0799999999998918e-06,9.8000000000003e-07,1063336,0.0016350702737653415,"[0, 255]","[2306, 2021, 25585, 22244]",0.5336786684782608,0.020429009193054137,296,0.0,296,0.0,296
20190923.tif,26606,24443,EPSG:4326,None,"(1.0799999999998918e-06, 0.0, 117.404195622047, 0.0, -9.8000000000003e-07, 23.9374309174132)","(1.0, 0.0, 0.0, 0.0, 1.0, 0.0)",1.0799999999998918e-06,9.8000000000003e-07,939307,0.001444353387489657,"[0, 255]","[6376, 2017, 25596, 22607]",0.5326885190217391,0.0,307,0.0,307,0.0,307
20200727.tif,26606,24443,EPSG:4326,None,"(1.0799999999998918e-06, 0.0, 117.404195622047, 0.0, -9.8000000000003e-07, 23.9374309174132)","(1.0, 0.0, 0.0, 0.0, 1.0, 0.0)",1.0799999999998918e-06,9.8000000000003e-07,901445,0.001386133755402242,"[0, 255]","[2086, 825, 26042, 23467]",0.6168019701086956,0.0012106537530266344,319,0.0,319,0.0,319
20210717.tif,26606,24443,EPSG:4326,None,"(1.0799999999998918e-06, 0.0, 117.404195622047, 0.0, -9.8000000000003e-07, 23.9374309174132)","(1.0, 0.0, 0.0, 0.0, 1.0, 0.0)",1.0799999999998918e-06,9.8000000000003e-07,681282,0.0010475935605033587,"[0, 255]","[6678, 1897, 25980, 23015]",1.0,0.0,287,0.0,287,0.0,287
